ISO-10303-21;
HEADER;
FILE_DESCRIPTION (( 'STEP AP214' ),
    '1' );
FILE_NAME ('Toroidal_propeller_Riya.STEP',
    '2026-08-25T00:47:41',
    ( '' ),
    ( '' ),
    'SwSTEP 2.0',
    'SolidWorks 2025',
    '' );
FILE_SCHEMA (( 'AUTOMOTIVE_DESIGN' ));
ENDSEC;

DATA;
#1 = CARTESIAN_POINT ( 'NONE',  ( 20.36876504287975109, 0.3577182001443152681, -5.378386708226825519 ) ) ;
#2 = CARTESIAN_POINT ( 'NONE',  ( 25.17331980778509859, 1.319751185120390913, -22.68550641811426161 ) ) ;
#3 = CARTESIAN_POINT ( 'NONE',  ( 41.58461736313579848, -0.4305529459942485926, 16.48416235684916842 ) ) ;
#4 = CARTESIAN_POINT ( 'NONE',  ( -28.14171273064117074, 4.000000000000000888, 37.69013141981704251 ) ) ;
#5 = CARTESIAN_POINT ( 'NONE',  ( 3.259654270697158296, 4.433012701892220520, -2.029835788448556944 ) ) ;
#6 = CARTESIAN_POINT ( 'NONE',  ( 12.41338555689021383, 0.000000000000000000, -41.53740801636006097 ) ) ;
#7 = CARTESIAN_POINT ( 'NONE',  ( -23.17050848081700920, 3.059875203944942612, -12.61444150356048155 ) ) ;
#8 = CARTESIAN_POINT ( 'NONE',  ( -1.329376604499622028, 4.606560179009323797, 23.10175949498600545 ) ) ;
#9 = CARTESIAN_POINT ( 'NONE',  ( -28.85492205973929103, 3.619028870070405635, 37.81510109751624071 ) ) ;
#10 = CARTESIAN_POINT ( 'NONE',  ( 0.02059259394497155518, 4.632649698622804735, 3.793483210319626764 ) ) ;
#11 = CARTESIAN_POINT ( 'NONE',  ( 21.43637963647993061, 2.999832953073526376, -11.71631254524471544 ) ) ;
#12 = CARTESIAN_POINT ( 'NONE',  ( 12.55124139957085561, 0.4174760654491163625, 1.778437935114142165 ) ) ;
#13 = VERTEX_POINT ( 'NONE', #3145 ) ;
#14 = CARTESIAN_POINT ( 'NONE',  ( -6.172123319249808837, -0.05739846856081640830, 32.60231048427738898 ) ) ;
#15 = CARTESIAN_POINT ( 'NONE',  ( 37.45294899431551272, 3.915321586606177018, -7.689762260105031721 ) ) ;
#16 = CARTESIAN_POINT ( 'NONE',  ( -21.86715379223307210, -0.4815639839153869062, -32.62974770226127674 ) ) ;
#17 = CARTESIAN_POINT ( 'NONE',  ( -36.22327248838553260, -0.2455319565177236929, -6.572852476304614555 ) ) ;
#18 = CARTESIAN_POINT ( 'NONE',  ( -2.251970742907728251, 0.000000000000000000, -9.506091846000119361 ) ) ;
#19 = ORIENTED_EDGE ( 'NONE', *, *, #3961, .T. ) ;
#20 = ADVANCED_FACE ( 'NONE', ( #3440 ), #1440, .F. ) ;
#21 = CARTESIAN_POINT ( 'NONE',  ( 0.6610870234052828032, 2.889054717914527615, 26.58046327513125462 ) ) ;
#22 = CARTESIAN_POINT ( 'NONE',  ( -7.638398052257045379, 0.4204623522727832796, 8.609496300440671490 ) ) ;
#23 = CARTESIAN_POINT ( 'NONE',  ( -24.15570972198001698, 1.106635141486918661, -29.49893574129767515 ) ) ;
#24 = CARTESIAN_POINT ( 'NONE',  ( 24.36248944920624382, 0.2082638150657321052, -13.51850767477550264 ) ) ;
#25 = CARTESIAN_POINT ( 'NONE',  ( 38.71208597366854320, 0.000000000000000000, -2.347866560337172892 ) ) ;
#26 = CARTESIAN_POINT ( 'NONE',  ( -1.794104258654699802, 0.4249066831143284428, -9.481578363780176488 ) ) ;
#27 = CARTESIAN_POINT ( 'NONE',  ( -1.974395709253372821, 4.000000000000000888, 1.139917894224285355 ) ) ;
#28 = CARTESIAN_POINT ( 'NONE',  ( 23.80389346400014361, -0.2455319565177236929, -28.08384794499540860 ) ) ;
#29 = CARTESIAN_POINT ( 'NONE',  ( -38.43889125699058695, 4.000000000000000888, -6.268778940672785183 ) ) ;
#30 = ORIENTED_EDGE ( 'NONE', *, *, #3489, .F. ) ;
#31 = CARTESIAN_POINT ( 'NONE',  ( -5.720998914389627821, 4.201224993413131159, 31.51643316961486718 ) ) ;
#32 = CARTESIAN_POINT ( 'NONE',  ( -13.82451661171826984, 4.000000000000000888, -9.509322839269106709 ) ) ;
#33 = CARTESIAN_POINT ( 'NONE',  ( -10.06483876474451833, 4.027616587356866340, 34.86705133927858924 ) ) ;
#34 = CARTESIAN_POINT ( 'NONE',  ( 24.47028853487778832, 0.3049527794463989805, -13.45698477794131520 ) ) ;
#35 = ORIENTED_EDGE ( 'NONE', *, *, #1640, .T. ) ;
#36 = CARTESIAN_POINT ( 'NONE',  ( -23.74367948768986736, 1.058068360138330721, -15.17274372338516564 ) ) ;
#37 = CARTESIAN_POINT ( 'NONE',  ( 37.04179152679643749, 4.000000000000000888, -7.075394845985582215 ) ) ;
#38 = CARTESIAN_POINT ( 'NONE',  ( 15.14757345745377748, 0.000000000000000000, -0.2895179308778622063 ) ) ;
#39 = CARTESIAN_POINT ( 'NONE',  ( -3.701114914914499288, 0.4490539079468421901, 24.04608887628367953 ) ) ;
#40 = CARTESIAN_POINT ( 'NONE',  ( -7.246536270349990261E-14, 4.500000000000000000, -0.6622138793585626848 ) ) ;
#41 = ORIENTED_EDGE ( 'NONE', *, *, #3011, .F. ) ;
#42 = CARTESIAN_POINT ( 'NONE',  ( 0.6618577146338099348, 2.371530785175421929, 27.20697101514383931 ) ) ;
#43 = CARTESIAN_POINT ( 'NONE',  ( 32.35341456650518666, 4.135015998259086167, -10.10245269562775050 ) ) ;
#44 = CARTESIAN_POINT ( 'NONE',  ( -25.06957503396087006, 2.732793873674826290, -22.69375016777817677 ) ) ;
#45 = AXIS2_PLACEMENT_3D ( 'NONE', #147, #2203, #3957 ) ;
#46 = CARTESIAN_POINT ( 'NONE',  ( 24.36248944920624382, 4.208263815065732771, -20.44671090505100608 ) ) ;
#47 = CARTESIAN_POINT ( 'NONE',  ( -4.025604290746645830, 0.000000000000000000, -2.324183720913435280 ) ) ;
#48 = CARTESIAN_POINT ( 'NONE',  ( 12.50382014021972132, 0.000000000000000000, 34.22692823604747758 ) ) ;
#49 = CARTESIAN_POINT ( 'NONE',  ( -23.32273090088885681, 4.000000000000000888, 38.16368478199188985 ) ) ;
#50 = ADVANCED_FACE ( 'NONE', ( #4202 ), #1420, .T. ) ;
#51 = CARTESIAN_POINT ( 'NONE',  ( 12.41338555688941803, 0.000000000000000000, 1.537408016346868855 ) ) ;
#52 = EDGE_LOOP ( 'NONE', ( #4263, #3714, #4397, #399, #3028, #492 ) ) ;
#53 = CARTESIAN_POINT ( 'NONE',  ( -1.228261724597619731, 1.592617022860893572, 25.54937390531901542 ) ) ;
#54 = CARTESIAN_POINT ( 'NONE',  ( -4.075499226563464639, 4.255750991661625626, 29.54282410858591135 ) ) ;
#55 = CARTESIAN_POINT ( 'NONE',  ( -40.88933074410519453, -0.4317042203370493048, 18.34557970051737641 ) ) ;
#56 = CARTESIAN_POINT ( 'NONE',  ( 3.275019911964658359, -0.6334765563474024086, -45.01410530215945016 ) ) ;
#57 = CARTESIAN_POINT ( 'NONE',  ( 24.26330116184500341, 0.2141768821665404332, -13.55794420192167316 ) ) ;
#58 = CARTESIAN_POINT ( 'NONE',  ( -20.57155649556140276, 4.000000000000000888, -13.35329425300817086 ) ) ;
#59 = CARTESIAN_POINT ( 'NONE',  ( 45.03997201153337926, 3.670827089464273829, 0.9284159151471266247 ) ) ;
#60 = CARTESIAN_POINT ( 'NONE',  ( -3.275019911957568919, 0.6334765563479379802, 5.014105302159750366 ) ) ;
#61 = CARTESIAN_POINT ( 'NONE',  ( 29.97029317428426154, -0.6107472114385753548, 31.86997567098701722 ) ) ;
#62 = CARTESIAN_POINT ( 'NONE',  ( 4.398955860158456410, 0.3291729105354245788, 22.53568569998916615 ) ) ;
#63 = ORIENTED_EDGE ( 'NONE', *, *, #2128, .T. ) ;
#64 = CARTESIAN_POINT ( 'NONE',  ( -12.61676056675659474, 4.615891185342566594, -5.035210272291364753 ) ) ;
#65 = CARTESIAN_POINT ( 'NONE',  ( 44.88312679307052377, 3.566987298107781701, 25.91328533605081574 ) ) ;
#66 = B_SPLINE_SURFACE_WITH_KNOTS ( 'NONE', 1, 3, ( 
 ( #1614, #453, #2859, #4238, #3324, #476, #4215, #237, #2881, #3888, #1137, #790, #4260, #2504, #2547, #2985, #1280, #4025, #2155, #944, #1179, #3588, #3542, #3252, #159, #1536 ),
 ( #2301, #3690, #1476, #261, #329, #1679, #3106, #1060, #307, #17, #1376, #1657, #1035, #1702, #352, #1398, #4425, #3032, #3444, #2011, #2712, #1014, #1351, #4051, #4401, #3083 ),
 ( #2034, #284, #3421, #4448, #3758, #3783, #2733, #3399, #4120, #1964, #4073, #2399, #691, #3808, #2057, #2753, #2688, #1725, #1325, #4140, #2420, #990, #3349, #1635, #645, #2354 ) ),
 .UNSPECIFIED., .F., .F., .F.,
 ( 2, 1, 2 ),
 ( 4, 2, 2, 2, 2, 2, 2, 2, 2, 2, 2, 2, 4 ),
 ( -0.4629514413299860021, 0.000000000000000000, 1.000000000000000000 ),
 ( 0.000000000000000000, 0.06250000000000000000, 0.1250000000000000000, 0.1562500000000000000, 0.1875000000000000000, 0.2187500000000000000, 0.2500000000000000000, 0.2812500000000000000, 0.3125000000000000000, 0.3437500000000000000, 0.3750000000000000000, 0.4375000000000000000, 0.5000000000000000000 ),
 .UNSPECIFIED. ) ;
#67 = CARTESIAN_POINT ( 'NONE',  ( -24.57122748937988632, 0.2051087478116159768, -14.45133686751348279 ) ) ;
#68 = CARTESIAN_POINT ( 'NONE',  ( -21.22849105835798511, 2.322797291698113664, -38.04318956328438617 ) ) ;
#69 = CARTESIAN_POINT ( 'NONE',  ( 40.13909678672641945, 0.000000000000000000, 0.5458251130071207768 ) ) ;
#70 = CARTESIAN_POINT ( 'NONE',  ( -5.498080635357421642, 0.000000000000000000, 19.45417488698931407 ) ) ;
#71 = STYLED_ITEM ( 'NONE', ( #3848 ), #3799 ) ;
#72 = CARTESIAN_POINT ( 'NONE',  ( -21.76100791177074356, 4.735086396229576167, 37.16233788770317403 ) ) ;
#73 = CARTESIAN_POINT ( 'NONE',  ( 25.14836744182696293, -0.05739846856187472840, -21.64637083189996503 ) ) ;
#74 = CARTESIAN_POINT ( 'NONE',  ( -47.33686730631089290, 4.000000000000000888, 19.88021993944044397 ) ) ;
#75 = EDGE_LOOP ( 'NONE', ( #3123, #814, #1095, #2045, #2278 ) ) ;
#76 = CARTESIAN_POINT ( 'NONE',  ( -6.850472177148606789, 0.000000000000000000, 5.174825691358241997 ) ) ;
#77 = ADVANCED_FACE ( 'NONE', ( #4270 ), #2827, .T. ) ;
#78 = CARTESIAN_POINT ( 'NONE',  ( -5.755806997833889049, 4.000000000000000888, -4.126616422849987309 ) ) ;
#79 = CARTESIAN_POINT ( 'NONE',  ( -33.22868746503480253, 2.252620949561609631, 34.20834668498917353 ) ) ;
#80 = CARTESIAN_POINT ( 'NONE',  ( 24.80083859060336948, 0.2051087478116020435, -14.05363877421291185 ) ) ;
#81 = CARTESIAN_POINT ( 'NONE',  ( 23.06698086301497241, 1.851334571670794737, -12.88193586888106168 ) ) ;
#82 = CARTESIAN_POINT ( 'NONE',  ( 19.71048206913087597, 0.000000000000000000, -35.14757345747863582 ) ) ;
#83 = CARTESIAN_POINT ( 'NONE',  ( 47.58461736313581980, 3.569447054005752573, 19.94826397198686507 ) ) ;
#84 = CARTESIAN_POINT ( 'NONE',  ( 39.05774832427773191, 3.871545922325946520, -6.163485578693467914 ) ) ;
#85 = CARTESIAN_POINT ( 'NONE',  ( 1.844249546463246903, 0.1654529541954917193, 30.16232477076956897 ) ) ;
#86 = CARTESIAN_POINT ( 'NONE',  ( -7.597551889461827912, -0.1654529541936995418, 33.48399542723431210 ) ) ;
#87 = ORIENTED_EDGE ( 'NONE', *, *, #4207, .F. ) ;
#88 = CARTESIAN_POINT ( 'NONE',  ( -17.23048596793963227, 4.386763443174118038, -10.85046596126917073 ) ) ;
#89 = CARTESIAN_POINT ( 'NONE',  ( -4.405748796260257727, 1.401965937214382230, -12.32464761569262990 ) ) ;
#90 = CARTESIAN_POINT ( 'NONE',  ( -25.09892942298315788, 2.614073604847452437, -26.14322144560780359 ) ) ;
#91 = CARTESIAN_POINT ( 'NONE',  ( 26.95710859657955538, 0.1130953150730107104, -13.27396563326757573 ) ) ;
#92 = CARTESIAN_POINT ( 'NONE',  ( 2.282591045314672495, 0.000000000000000000, 29.59414363897896649 ) ) ;
#93 = B_SPLINE_CURVE_WITH_KNOTS ( 'NONE', 3,
 ( #3929, #2549, #3254, #1555 ),
 .UNSPECIFIED., .F., .F.,
 ( 4, 4 ),
 ( 0.000000000000000000, 0.0004609455874532669521 ),
 .UNSPECIFIED. ) ;
#94 = CARTESIAN_POINT ( 'NONE',  ( -24.38615300642092976, 0.1855268599969072119, -14.07935200275201382 ) ) ;
#95 = CARTESIAN_POINT ( 'NONE',  ( 25.14836744182696293, 0.05739846856187472840, -18.35362916810005274 ) ) ;
#96 = ORIENTED_EDGE ( 'NONE', *, *, #1831, .F. ) ;
#97 = CARTESIAN_POINT ( 'NONE',  ( 2.412372459920108181, 0.000000000000000000, -5.118383216292330395 ) ) ;
#98 = B_SPLINE_SURFACE_WITH_KNOTS ( 'NONE', 1, 3, ( 
 ( #1615, #2986, #1281, #3033, #3629, #4026, #2667, #2585, #3969, #536, #1399, #3467, #1036, #1083, #398, #3059, #2058, #4141 ),
 ( #3835, #3809, #2421, #4074, #4426, #2448, #2355, #2100, #3784, #2779, #1015, #1061, #1703, #2713, #2012, #1353, #3487, #2734 ) ),
 .UNSPECIFIED., .F., .F., .F.,
 ( 2, 2 ),
 ( 4, 2, 2, 2, 2, 2, 2, 2, 4 ),
 ( 0.000000000000000000, 1.000000000000000000 ),
 ( 0.000000000000000000, 0.06250000000000000000, 0.1250000000000000000, 0.1875000000000000000, 0.2500000000000000000, 0.3125000000000000000, 0.3750000000000000000, 0.4375000000000000000, 0.5000000000000000000 ),
 .UNSPECIFIED. ) ;
#99 = CARTESIAN_POINT ( 'NONE',  ( -0.5096637075745723555, 4.356034583850122210, 23.68983499296321327 ) ) ;
#100 = SURFACE_STYLE_FILL_AREA ( #2114 ) ;
#101 = CARTESIAN_POINT ( 'NONE',  ( 15.40531930143605521, 0.5966410967682289623, 0.05495296695086846622 ) ) ;
#102 = EDGE_CURVE ( 'NONE', #3085, #455, #4043, .T. ) ;
#103 = CARTESIAN_POINT ( 'NONE',  ( 33.07621039203358038, -0.4258842002269443427, 29.42870033946072894 ) ) ;
#104 = CARTESIAN_POINT ( 'NONE',  ( -0.6450231293856688586, 4.248148252160848237, 24.24162735272241775 ) ) ;
#105 = B_SPLINE_SURFACE_WITH_KNOTS ( 'NONE', 1, 3, ( 
 ( #1836, #1443, #1816, #61, #1489, #2145, #2802, #2849, #1746, #3854, #4184, #1148, #3508, #3902, #85, #3127, #1105, #39, #2873, #1422, #2469, #4208, #3877, #803, #2447, #2778 ),
 ( #466, #3833, #1173, #2121, #421, #2541, #1794, #2826, #1127, #781, #713, #2078, #3644, #550, #1916, #1587, #570, #2208, #2915, #4352, #3579, #2977, #4295, #2617, #1548, #229 ),
 ( #3317, #1274, #1211, #1529, #3243, #1567, #1937, #3922, #844, #3300, #824, #2893, #3602, #1875, #4315, #4000, #209, #1608, #3280, #490, #2580, #2957, #2599, #191, #1255, #3263 ) ),
 .UNSPECIFIED., .F., .F., .F.,
 ( 2, 1, 2 ),
 ( 4, 2, 2, 2, 2, 2, 2, 2, 2, 2, 2, 2, 4 ),
 ( -0.4629514413299251618, 0.000000000000000000, 1.000000000000000000 ),
 ( 0.000000000000000000, 0.06250000000000000000, 0.1250000000000000000, 0.1562500000000000000, 0.1875000000000000000, 0.2187500000000000000, 0.2500000000000000000, 0.2812500000000000000, 0.3125000000000000000, 0.3437500000000000000, 0.3750000000000000000, 0.4375000000000000000, 0.5000000000000000000 ),
 .UNSPECIFIED. ) ;
#106 = CARTESIAN_POINT ( 'NONE',  ( 13.70869073970750129, 4.407833835022912261, -9.779632492991664705 ) ) ;
#107 = CARTESIAN_POINT ( 'NONE',  ( 3.035766082959412415E-15, 0.6334765563479379802, 5.014105302159750366 ) ) ;
#108 = CARTESIAN_POINT ( 'NONE',  ( 8.723251117868368709, 4.057646734511523690, -2.956670750847425033 ) ) ;
#109 = EDGE_CURVE ( 'NONE', #1741, #216, #2798, .T. ) ;
#110 = CARTESIAN_POINT ( 'NONE',  ( -17.32461353311848740, -0.4815639839153669777, 35.25238454366576946 ) ) ;
#111 = VERTEX_POINT ( 'NONE', #1050 ) ;
#112 = CARTESIAN_POINT ( 'NONE',  ( 0.6526163761227296023, 1.346392327374969167, 28.09448473248769673 ) ) ;
#113 = CARTESIAN_POINT ( 'NONE',  ( -42.45680928239890761, -0.4174760652912467007, 10.01952506569568158 ) ) ;
#114 = CARTESIAN_POINT ( 'NONE',  ( -25.09892942298316143, 1.280740271514124951, -23.83382036884940902 ) ) ;
#115 = CARTESIAN_POINT ( 'NONE',  ( 25.02453903818129888, 3.908396024574554595, -29.60093647309978948 ) ) ;
#116 = CARTESIAN_POINT ( 'NONE',  ( 10.92563846174401476, 0.000000000000000000, 33.85738996994929551 ) ) ;
#117 = CARTESIAN_POINT ( 'NONE',  ( -24.65898161360518159, 0.2664082949584929416, -14.23686967255199320 ) ) ;
#118 = CARTESIAN_POINT ( 'NONE',  ( -20.87798561528642693, 4.355012837317442376, -11.41628136209965660 ) ) ;
#119 = ORIENTED_EDGE ( 'NONE', *, *, #900, .T. ) ;
#120 = AXIS2_PLACEMENT_3D ( 'NONE', #1123, #462, #820 ) ;
#121 = CARTESIAN_POINT ( 'NONE',  ( -13.70869073971329577, 4.407833835021774505, -9.779632492994441151 ) ) ;
#122 = CARTESIAN_POINT ( 'NONE',  ( 34.49121310124594686, -0.4298951801587048704, 28.41242696527783096 ) ) ;
#123 = CARTESIAN_POINT ( 'NONE',  ( -45.45671901722737829, 2.237872456384670805, 18.44743507236188762 ) ) ;
#124 = DIRECTION ( 'NONE',  ( 0.000000000000000000, 0.000000000000000000, 1.000000000000000000 ) ) ;
#125 = CARTESIAN_POINT ( 'NONE',  ( 4.064838764743428534, 0.02761658735750580074, 31.40294972413985874 ) ) ;
#126 = CARTESIAN_POINT ( 'NONE',  ( -18.96339497750149761, 3.208497710799429914, -12.38846786781671838 ) ) ;
#127 = CARTESIAN_POINT ( 'NONE',  ( 47.51418803295647564, 4.999772986925594687, 13.47979633354398565 ) ) ;
#128 = CARTESIAN_POINT ( 'NONE',  ( -22.51042706702098783, -0.3069506582798519068, -31.10017175104736609 ) ) ;
#129 = CARTESIAN_POINT ( 'NONE',  ( -0.6272942347828713849, 0.1650327200318210674, 28.76944659893035450 ) ) ;
#130 = CARTESIAN_POINT ( 'NONE',  ( -22.23659349479392588, -0.5515774369035640889, 34.69859826385613388 ) ) ;
#131 = EDGE_LOOP ( 'NONE', ( #1055, #41, #2506, #2815, #4093 ) ) ;
#132 = EDGE_CURVE ( 'NONE', #1371, #1321, #981, .T. ) ;
#133 = CARTESIAN_POINT ( 'NONE',  ( -12.41338555689177525, 4.000000000000000888, -5.390795213940412722 ) ) ;
#134 = CARTESIAN_POINT ( 'NONE',  ( -41.75981165335869605, -1.266142134583750245, 1.708500727116706974 ) ) ;
#135 = CARTESIAN_POINT ( 'NONE',  ( -24.62964274009080157, 3.838797884268493998, -31.86808561433543474 ) ) ;
#136 = CARTESIAN_POINT ( 'NONE',  ( 19.88759376046551708, 3.634926436881246392, -42.23189905006883293 ) ) ;
#137 = CARTESIAN_POINT ( 'NONE',  ( -1.189939449472869226, 4.000000000000000000, 24.31508560915657924 ) ) ;
#138 = CARTESIAN_POINT ( 'NONE',  ( 23.89084915251616437, 0.2335068429960201197, -12.33664850349284947 ) ) ;
#139 = CARTESIAN_POINT ( 'NONE',  ( -20.65864905179886080, 4.371226694059363815, -11.40581368129195994 ) ) ;
#140 = ORIENTED_EDGE ( 'NONE', *, *, #2879, .F. ) ;
#141 = VECTOR ( 'NONE', #869, 1000.000000000000000 ) ;
#142 = CARTESIAN_POINT ( 'NONE',  ( -44.66662044212406357, 4.000000000000000888, 25.78828533605144457 ) ) ;
#143 = CARTESIAN_POINT ( 'NONE',  ( -1.335674630479293468, 0.4259713715787423749, -9.104746176612321662 ) ) ;
#144 = CARTESIAN_POINT ( 'NONE',  ( -33.19015862014899909, 1.280740271514132500, -9.819400303672029651 ) ) ;
#145 = CARTESIAN_POINT ( 'NONE',  ( -20.81407272321504109, 0.2756477537232343566, -14.89285619260824944 ) ) ;
#146 = CARTESIAN_POINT ( 'NONE',  ( 18.33212307361863580, -0.3438693749679356260, 35.09660624543584362 ) ) ;
#147 = CARTESIAN_POINT ( 'NONE',  ( -7.246536270349990261E-14, 2.499999999999999556, -0.6622138793585634620 ) ) ;
#148 = B_SPLINE_CURVE_WITH_KNOTS ( 'NONE', 3,
 ( #3619, #3260, #3978, #911 ),
 .UNSPECIFIED., .F., .F.,
 ( 4, 4 ),
 ( 0.000000000000000000, 0.001814276067878902669 ),
 .UNSPECIFIED. ) ;
#149 = CARTESIAN_POINT ( 'NONE',  ( 27.93497616292473751, 3.411999302788812916, -9.733606847831612896 ) ) ;
#150 = CARTESIAN_POINT ( 'NONE',  ( -21.38935507278194947, 0.000000000000000000, -32.35171660651581504 ) ) ;
#151 = CARTESIAN_POINT ( 'NONE',  ( 24.96888983400322815, 0.5674937315721325648, -13.16011218448236342 ) ) ;
#152 = CARTESIAN_POINT ( 'NONE',  ( -1.844249546460744682, 0.1654529541938599968, 30.16232477077323182 ) ) ;
#153 = EDGE_LOOP ( 'NONE', ( #1478, #3152, #1282, #4444, #922 ) ) ;
#154 = CARTESIAN_POINT ( 'NONE',  ( -24.64836744182695583, 4.000000000000000888, -25.31497141965070341 ) ) ;
#155 = CARTESIAN_POINT ( 'NONE',  ( -23.83336870890314430, 0.2070289076981749188, -14.30081280133395261 ) ) ;
#156 = EDGE_CURVE ( 'NONE', #1998, #3446, #1417, .T. ) ;
#157 = CARTESIAN_POINT ( 'NONE',  ( -0.8464771639297630212, 4.107590331691065799, 8.297890830461826184 ) ) ;
#158 = CARTESIAN_POINT ( 'NONE',  ( 21.85007029509493393, 4.000000000000000888, -11.13884339403909962 ) ) ;
#159 = CARTESIAN_POINT ( 'NONE',  ( 2.704832613423914900, 0.6334765563474137329, -5.343303091899335833 ) ) ;
#160 = CARTESIAN_POINT ( 'NONE',  ( -24.43353230436607859, 4.201224993413132935, -20.71274697969213108 ) ) ;
#161 = CARTESIAN_POINT ( 'NONE',  ( 0.6472278749243935980, 4.137528808721764761, 24.48819079047609293 ) ) ;
#162 = CARTESIAN_POINT ( 'NONE',  ( -13.82451661171826984, 4.000000000000000888, -9.509322839269106709 ) ) ;
#163 = CARTESIAN_POINT ( 'NONE',  ( 21.22849105835791406, -0.3438693749679384015, -33.42438740977448930 ) ) ;
#164 = CARTESIAN_POINT ( 'NONE',  ( -1.658070859939926089, 4.632649698626894796, 0.9572876573217975471 ) ) ;
#165 = CARTESIAN_POINT ( 'NONE',  ( 28.32303814945747789, -0.4112937847037863581, 32.44786853215808975 ) ) ;
#166 = CARTESIAN_POINT ( 'NONE',  ( -44.02266726150961063, 2.233653964774448220, 22.78484280905428250 ) ) ;
#167 = CARTESIAN_POINT ( 'NONE',  ( 24.64836744182696293, 0.000000000000000000, -21.61323181062469345 ) ) ;
#168 = CARTESIAN_POINT ( 'NONE',  ( 31.22868746502812343, 0.9192876162284457919, 33.05364614660753375 ) ) ;
#169 = B_SPLINE_CURVE_WITH_KNOTS ( 'NONE', 1,
 ( #1506, #3642 ),
 .UNSPECIFIED., .F., .F.,
 ( 2, 2 ),
 ( 0.000000000000000000, 1.000000000000000000 ),
 .UNSPECIFIED. ) ;
#170 = CARTESIAN_POINT ( 'NONE',  ( 0.000000000000000000, -0.4330127018922192428, -44.89836744182695583 ) ) ;
#171 = CARTESIAN_POINT ( 'NONE',  ( 14.10189677216704141, 3.023318256650028069, -8.861984435312528774 ) ) ;
#172 = CARTESIAN_POINT ( 'NONE',  ( -19.86938082712746123, -0.3642118461358845871, -35.24466786617971792 ) ) ;
#173 = CARTESIAN_POINT ( 'NONE',  ( -7.488155658222814814, 4.284795545539910044, -5.655151926528890982 ) ) ;
#174 = CARTESIAN_POINT ( 'NONE',  ( 21.09653058669236358, 4.352813373152419452, -11.43796970885366449 ) ) ;
#175 = CARTESIAN_POINT ( 'NONE',  ( -23.38947927581471120, 4.000000000000000888, -18.98611322647139588 ) ) ;
#176 = CARTESIAN_POINT ( 'NONE',  ( 19.35655578948815148, 0.3032381682575918114, -15.07277468718252500 ) ) ;
#177 = B_SPLINE_CURVE_WITH_KNOTS ( 'NONE', 3,
 ( #529, #821, #1934, #4349, #1187, #3641, #2556, #1252, #3314, #2932, #3576, #547 ),
 .UNSPECIFIED., .F., .F.,
 ( 4, 2, 2, 2, 2, 4 ),
 ( 0.000000000000000000, 0.0002964306367103343377, 0.0005928612734206686755, 0.001185722546841338218, 0.001778583820262007653, 0.002371445093682676870 ),
 .UNSPECIFIED. ) ;
#178 = PLANE ( 'NONE',  #2796 ) ;
#179 = CARTESIAN_POINT ( 'NONE',  ( 22.15476510282859124, 4.000000000000000888, -37.85115693613597188 ) ) ;
#180 = CARTESIAN_POINT ( 'NONE',  ( -7.439317087571840403, 4.425736314879883615, -5.727444502988910280 ) ) ;
#181 = CARTESIAN_POINT ( 'NONE',  ( 25.02453903818128822, -0.09160397542549421346, -22.67273324282350444 ) ) ;
#182 = CARTESIAN_POINT ( 'NONE',  ( -32.95710859657824443, 4.113095315074219549, -9.809864018126370766 ) ) ;
#183 = CARTESIAN_POINT ( 'NONE',  ( -12.41338555689177880, 0.000000000000000000, -41.53740801635748880 ) ) ;
#184 = CARTESIAN_POINT ( 'NONE',  ( -15.25559928707421875, 1.704241113394838747, -13.56960582174900587 ) ) ;
#185 = CARTESIAN_POINT ( 'NONE',  ( -16.77083076915196358, 1.689367917183753232, -13.71293685509588123 ) ) ;
#186 = CARTESIAN_POINT ( 'NONE',  ( -8.047085418488443054, 0.4072876376563783762, -13.44587440277952162 ) ) ;
#187 = CARTESIAN_POINT ( 'NONE',  ( 40.33240343985289655, 2.234962446329618047, 28.54781039463876269 ) ) ;
#188 = CARTESIAN_POINT ( 'NONE',  ( -0.6384141016996454088, 4.550519872571845426, 23.52498673871255619 ) ) ;
#189 = CARTESIAN_POINT ( 'NONE',  ( 44.66662044212441174, 4.000000000000000888, 25.78828533605081574 ) ) ;
#190 = CARTESIAN_POINT ( 'NONE',  ( 8.532479732790923421, 4.426014928229016654, -3.525217231570741294 ) ) ;
#191 = CARTESIAN_POINT ( 'NONE',  ( -6.695851154945209771, 0.000000000000000000, 3.583881675691688251 ) ) ;
#192 = CARTESIAN_POINT ( 'NONE',  ( 24.21944939522646223, 1.993789147791522165, -13.22053790116954097 ) ) ;
#193 = ORIENTED_EDGE ( 'NONE', *, *, #1932, .T. ) ;
#194 = CARTESIAN_POINT ( 'NONE',  ( -18.81707406733364607, 3.622969415579724295, -43.43418255005556716 ) ) ;
#195 = CARTESIAN_POINT ( 'NONE',  ( 40.51769430763804536, -0.3650735631189002128, 0.4286864931771273701 ) ) ;
#196 = CARTESIAN_POINT ( 'NONE',  ( 5.531817173730828152, 4.207028907698176390, 31.25481077547592079 ) ) ;
#197 = CARTESIAN_POINT ( 'NONE',  ( -24.65898161360518159, 0.2664082949584929416, -14.23686967255199320 ) ) ;
#198 = CARTESIAN_POINT ( 'NONE',  ( 24.00683636230733953, 4.000000000000000888, -33.37986138305743822 ) ) ;
#199 = CARTESIAN_POINT ( 'NONE',  ( -37.44898278424659566, 3.916138432709641126, -7.683835795387146561 ) ) ;
#200 = CARTESIAN_POINT ( 'NONE',  ( -1.232139517816761787, 3.156449711751272869, 25.99580024981942827 ) ) ;
#201 = CARTESIAN_POINT ( 'NONE',  ( 0.000000000000000000, 0.000000000000000000, -44.64836744182695583 ) ) ;
#202 = CARTESIAN_POINT ( 'NONE',  ( -43.17629922699997280, 0.9523622034032619421, 3.772143902442635532 ) ) ;
#203 = CARTESIAN_POINT ( 'NONE',  ( 24.48798467194705708, 0.000000000000000000, -23.22614634881877294 ) ) ;
#204 = EDGE_CURVE ( 'NONE', #2169, #1826, #909, .T. ) ;
#205 = CARTESIAN_POINT ( 'NONE',  ( 9.059564951909345965, 2.653084518453732610, 34.29818819856802747 ) ) ;
#206 = DIRECTION ( 'NONE',  ( 0.000000000000000000, 0.000000000000000000, 1.000000000000000000 ) ) ;
#207 = CARTESIAN_POINT ( 'NONE',  ( 2.492885795483011702, 2.963019827540754214, 1.439268285081082954 ) ) ;
#208 = CARTESIAN_POINT ( 'NONE',  ( -23.85854058894107510, 0.000000000000000000, -26.39057544541074662 ) ) ;
#209 = CARTESIAN_POINT ( 'NONE',  ( -1.252283264650802863, 0.000000000000000000, 26.28483823223886162 ) ) ;
#210 = ORIENTED_EDGE ( 'NONE', *, *, #461, .T. ) ;
#211 = CARTESIAN_POINT ( 'NONE',  ( -21.38935507278194592, 4.000000000000000888, -14.57648662375409998 ) ) ;
#212 = CARTESIAN_POINT ( 'NONE',  ( 35.76575777108241283, 4.000000000000000888, 34.98311286255521679 ) ) ;
#213 = CARTESIAN_POINT ( 'NONE',  ( -35.10919897765227660, -0.2070289076980810217, -7.790709160341677375 ) ) ;
#214 = CARTESIAN_POINT ( 'NONE',  ( -24.88205943688438282, 4.143148446310743971, -22.70959028380491773 ) ) ;
#215 = CARTESIAN_POINT ( 'NONE',  ( 10.26985932212955532, 4.019227964613685700, 34.99288750688502603 ) ) ;
#216 = VERTEX_POINT ( 'NONE', #2135 ) ;
#217 = CARTESIAN_POINT ( 'NONE',  ( 19.71048206913087597, 0.000000000000000000, -35.14757345747863582 ) ) ;
#218 = CARTESIAN_POINT ( 'NONE',  ( 22.26072926327622881, 0.3592013296803532874, -14.85566407390684418 ) ) ;
#219 = CARTESIAN_POINT ( 'NONE',  ( 25.14836744182696293, 3.942601531438126639, -28.57457406217547202 ) ) ;
#220 = CARTESIAN_POINT ( 'NONE',  ( -1.040632990111760803, 4.427456607020170409, 8.277420848127933439 ) ) ;
#221 = CARTESIAN_POINT ( 'NONE',  ( 23.34914724885192072, 1.030800093533844164, -8.481913582651500860 ) ) ;
#222 = CARTESIAN_POINT ( 'NONE',  ( -23.92781351809585999, -0.2392212176824962400, -27.77163776515266846 ) ) ;
#223 = CARTESIAN_POINT ( 'NONE',  ( 39.07621039203360169, 3.574115799773057045, 32.89280195459842560 ) ) ;
#224 = B_SPLINE_CURVE_WITH_KNOTS ( 'NONE', 3,
 ( #3976, #3258, #4269, #3897, #2888, #1830, #798, #2535, #819, #1503 ),
 .UNSPECIFIED., .F., .F.,
 ( 4, 2, 2, 2, 4 ),
 ( 0.000000000000000000, 0.002079128720147386134, 0.004158257440294772268, 0.006237386160442158836, 0.008316514880589544537 ),
 .UNSPECIFIED. ) ;
#225 = FACE_OUTER_BOUND ( 'NONE', #1531, .T. ) ;
#226 = CARTESIAN_POINT ( 'NONE',  ( -5.172174997939149144, 1.105426744712077580, 22.97859981176317490 ) ) ;
#227 = CARTESIAN_POINT ( 'NONE',  ( 3.375127889875138454, 0.3032381682575990833, 24.29965638705845166 ) ) ;
#228 = ADVANCED_FACE ( 'NONE', ( #1164 ), #4198, .T. ) ;
#229 = CARTESIAN_POINT ( 'NONE',  ( -4.242110641692756978, 0.4330127018922192983, -2.449183720913433504 ) ) ;
#230 = CARTESIAN_POINT ( 'NONE',  ( -24.02161530914738563, 0.9163255407848798217, -13.86888606509589827 ) ) ;
#231 = ORIENTED_EDGE ( 'NONE', *, *, #4207, .T. ) ;
#232 = CARTESIAN_POINT ( 'NONE',  ( -20.44910589692943148, 2.379718832156819897, -13.25733018243605343 ) ) ;
#233 = CARTESIAN_POINT ( 'NONE',  ( 4.747716735349226447, 4.000000000000000888, 29.74893984737655828 ) ) ;
#234 = CARTESIAN_POINT ( 'NONE',  ( -40.71146764686682218, 0.000000000000000000, 2.062270805702488996 ) ) ;
#235 = EDGE_CURVE ( 'NONE', #2443, #2600, #385, .T. ) ;
#236 = CARTESIAN_POINT ( 'NONE',  ( 13.68390755479985721, 3.886904684927041664, 36.73806724840577687 ) ) ;
#237 = CARTESIAN_POINT ( 'NONE',  ( -39.19176732535850505, -0.4815639839142299983, -2.622636841399792473 ) ) ;
#238 = FACE_OUTER_BOUND ( 'NONE', #1839, .T. ) ;
#239 = EDGE_LOOP ( 'NONE', ( #1646, #2729, #3810, #2366, #1783 ) ) ;
#240 = DIRECTION ( 'NONE',  ( 0.000000000000000000, 1.000000000000000000, 0.000000000000000000 ) ) ;
#241 = CARTESIAN_POINT ( 'NONE',  ( 38.88312679307049535, -0.4330127018922192428, 22.44918372091311909 ) ) ;
#242 = CARTESIAN_POINT ( 'NONE',  ( 24.65898161360096807, 0.2664082949584780091, -14.23686967255962266 ) ) ;
#243 = CARTESIAN_POINT ( 'NONE',  ( 11.05970021780666990, -0.4212963579631156530, -42.44437905077788287 ) ) ;
#244 = B_SPLINE_CURVE_WITH_KNOTS ( 'NONE', 3,
 ( #3221, #108, #1769, #4227, #445, #3554, #1508, #3175, #3149, #2167, #760, #1466 ),
 .UNSPECIFIED., .F., .F.,
 ( 4, 2, 2, 2, 2, 4 ),
 ( 0.000000000000000000, 0.002104256595760575950, 0.004208513191521151900, 0.005260641489401439441, 0.006312769787281727850, 0.008417026383042303800 ),
 .UNSPECIFIED. ) ;
#245 = CARTESIAN_POINT ( 'NONE',  ( -34.24759206640816700, 4.000000000000000888, -8.688626656609832466 ) ) ;
#246 = CARTESIAN_POINT ( 'NONE',  ( 25.37888838943691638, 3.916138432709640238, -28.58985253934995541 ) ) ;
#247 = CARTESIAN_POINT ( 'NONE',  ( -9.188067157064493173, 4.084678413393271867, 34.61796549037623549 ) ) ;
#248 = CARTESIAN_POINT ( 'NONE',  ( 21.38935507278093340, 4.000000000000000888, -39.27991983679705612 ) ) ;
#249 = CARTESIAN_POINT ( 'NONE',  ( -21.04448543701616003, 3.000589852481740483, -12.81337860299270481 ) ) ;
#250 = CARTESIAN_POINT ( 'NONE',  ( 35.22806039692657265, 2.245370308703551920, 33.10957194900803557 ) ) ;
#251 = CARTESIAN_POINT ( 'NONE',  ( 35.76575777108241283, 4.000000000000000888, 34.98311286255521679 ) ) ;
#252 = CARTESIAN_POINT ( 'NONE',  ( 37.72472883961098233, -1.454140988372568222, 25.63468521384202603 ) ) ;
#253 = CARTESIAN_POINT ( 'NONE',  ( 0.4738736569978986846, 0.2082638150656494769, 27.85778859983780009 ) ) ;
#254 = CARTESIAN_POINT ( 'NONE',  ( 21.43637963647993061, 4.333166286406861190, -14.02571362200322014 ) ) ;
#255 = CARTESIAN_POINT ( 'NONE',  ( -0.2441930021775773063, 0.000000000000000000, -7.590718037991607048 ) ) ;
#256 = ORIENTED_EDGE ( 'NONE', *, *, #3545, .T. ) ;
#257 = CARTESIAN_POINT ( 'NONE',  ( -22.14171273064118850, 0.000000000000000000, 34.22602980467925704 ) ) ;
#258 = CARTESIAN_POINT ( 'NONE',  ( -48.20070706792854054, 3.592836756011290600, 10.64163931012800468 ) ) ;
#259 = CARTESIAN_POINT ( 'NONE',  ( 2.783570130630559358, 4.000000000000000888, 27.18921415613607806 ) ) ;
#260 = CARTESIAN_POINT ( 'NONE',  ( 46.28776061473338643, 2.245370308703377393, 13.95360925528706986 ) ) ;
#261 = CARTESIAN_POINT ( 'NONE',  ( -42.45680928239890761, -0.4174760652912467007, 10.01952506569568158 ) ) ;
#262 = CARTESIAN_POINT ( 'NONE',  ( 43.75038278865945074, 3.566987298107781701, 27.87525550365987570 ) ) ;
#263 = ORIENTED_EDGE ( 'NONE', *, *, #2582, .T. ) ;
#264 = EDGE_CURVE ( 'NONE', #848, #4381, #4146, .T. ) ;
#265 = CARTESIAN_POINT ( 'NONE',  ( 2.833279649215957541, 2.896948838315956731, 29.27416186737745107 ) ) ;
#266 = CARTESIAN_POINT ( 'NONE',  ( 26.81649953964657840, 0.000000000000000000, 32.97342445440199299 ) ) ;
#267 = CARTESIAN_POINT ( 'NONE',  ( 24.15570972197993527, 2.439968474820134237, -31.80833681805649604 ) ) ;
#268 = CARTESIAN_POINT ( 'NONE',  ( 18.97396637105818584, 0.4490539079499054065, -15.22830397677637748 ) ) ;
#269 = CARTESIAN_POINT ( 'NONE',  ( -1.296839875635664718, 0.6950229483473364667, 28.38446573983036814 ) ) ;
#270 = CARTESIAN_POINT ( 'NONE',  ( -1.757889358307263006, 4.433012701892220520, 1.014917894224284245 ) ) ;
#271 = CARTESIAN_POINT ( 'NONE',  ( 15.73922723305422622, 1.369585449477070727, 0.5012125970559194732 ) ) ;
#272 = ORIENTED_EDGE ( 'NONE', *, *, #676, .T. ) ;
#273 = CARTESIAN_POINT ( 'NONE',  ( -43.75038278865876151, 3.566987298107781701, 27.87525550366104454 ) ) ;
#274 = CARTESIAN_POINT ( 'NONE',  ( 3.744032686923916452E-12, 0.9038808215087723585, 27.72594196382385334 ) ) ;
#275 = CARTESIAN_POINT ( 'NONE',  ( 12.41937902438567143, -0.2455319565177236929, 34.65670042130007289 ) ) ;
#276 = CARTESIAN_POINT ( 'NONE',  ( -29.22931453314255990, 0.9265382570865067224, 34.15242088259079623 ) ) ;
#277 = CARTESIAN_POINT ( 'NONE',  ( -7.148564526418202142E-14, 1.499999999999999556, -8.662213879358564128 ) ) ;
#278 = CARTESIAN_POINT ( 'NONE',  ( 38.66662044212438332, 0.000000000000000000, 22.32418372091311909 ) ) ;
#279 = VERTEX_POINT ( 'NONE', #197 ) ;
#280 = CARTESIAN_POINT ( 'NONE',  ( 6.695851154954276296, 0.000000000000000000, 3.583881675683664891 ) ) ;
#281 = TOROIDAL_SURFACE ( 'NONE', #1011, 9.000000000000001776, 1.000000000000000000 ) ;
#282 = CARTESIAN_POINT ( 'NONE',  ( -21.18999350828204342, 3.052762758840894541, -12.67598174523728005 ) ) ;
#283 = CARTESIAN_POINT ( 'NONE',  ( 45.83490414635256371, 2.269797969926467207, 7.115601311697486331 ) ) ;
#284 = CARTESIAN_POINT ( 'NONE',  ( -40.27985227295087611, 0.000000000000000000, 19.52998422553431723 ) ) ;
#285 = CARTESIAN_POINT ( 'NONE',  ( 40.03136281796844997, -0.3537473686205027668, -0.6142885811844467359 ) ) ;
#286 = ORIENTED_EDGE ( 'NONE', *, *, #1373, .T. ) ;
#287 = CARTESIAN_POINT ( 'NONE',  ( -0.2783016760155861968, 4.374449090147464858, 21.89514498000045251 ) ) ;
#288 = EDGE_CURVE ( 'NONE', #2774, #3891, #1723, .T. ) ;
#289 = CARTESIAN_POINT ( 'NONE',  ( -24.62964274009082999, -0.1612021157314466602, -24.93988238406200963 ) ) ;
#290 = CARTESIAN_POINT ( 'NONE',  ( 9.763859145788011062, 0.4240471926200475306, 3.003121280297047946 ) ) ;
#291 = CARTESIAN_POINT ( 'NONE',  ( 16.75516057404294301, 2.269797969925334780, -43.25199202660974862 ) ) ;
#292 = CARTESIAN_POINT ( 'NONE',  ( -47.96407299710247685, 4.000000000000000888, 10.20115922984423484 ) ) ;
#293 = CARTESIAN_POINT ( 'NONE',  ( -4.260916356696036189, 4.362226676714043627, 30.17383949772672480 ) ) ;
#294 = CARTESIAN_POINT ( 'NONE',  ( -43.11627238484258129, 3.724434787621037746, -2.085788288540395996 ) ) ;
#295 = ORIENTED_EDGE ( 'NONE', *, *, #348, .F. ) ;
#296 = CARTESIAN_POINT ( 'NONE',  ( -24.65560718822787578, 1.348465878273824803, -13.48130794777740249 ) ) ;
#297 = CARTESIAN_POINT ( 'NONE',  ( -7.246536270349990261E-14, 0.000000000000000000, -0.6622138793585626848 ) ) ;
#298 = CARTESIAN_POINT ( 'NONE',  ( -3.547736180605896461, 0.3069506582792801419, 23.94451581455714617 ) ) ;
#299 = CARTESIAN_POINT ( 'NONE',  ( -18.33212307361013060, -0.3438693749684830214, 35.09660624543151641 ) ) ;
#300 = CARTESIAN_POINT ( 'NONE',  ( 14.81273642663005496, 4.407220913660496286, -6.771096333916652554 ) ) ;
#301 = CARTESIAN_POINT ( 'NONE',  ( -24.74729645876521644, 1.239321247682103388, -13.53487545172117912 ) ) ;
#302 = ORIENTED_EDGE ( 'NONE', *, *, #2988, .F. ) ;
#303 = CARTESIAN_POINT ( 'NONE',  ( -38.88312679307018982, -0.4330127018922192983, 22.44918372091366265 ) ) ;
#304 = B_SPLINE_CURVE_WITH_KNOTS ( 'NONE', 3,
 ( #454, #4303, #879, #139, #118, #1498 ),
 .UNSPECIFIED., .F., .F.,
 ( 4, 2, 4 ),
 ( 0.000000000000000000, 0.0006540513711766385817, 0.001308102742353277163 ),
 .UNSPECIFIED. ) ;
#305 = CARTESIAN_POINT ( 'NONE',  ( -23.69622983021861273, 1.156765430496679681, -15.13527604648206726 ) ) ;
#306 = CARTESIAN_POINT ( 'NONE',  ( 42.33844325840833989, 2.356949372992955816, -1.301653292911931992 ) ) ;
#307 = CARTESIAN_POINT ( 'NONE',  ( -38.18875233197839947, -0.3069506582811410977, -3.944515814551069699 ) ) ;
#308 = CARTESIAN_POINT ( 'NONE',  ( -4.875258380306533468, 0.000000000000000000, -11.51901124741049109 ) ) ;
#309 = VERTEX_POINT ( 'NONE', #555 ) ;
#310 = CARTESIAN_POINT ( 'NONE',  ( 3.226463661652982040, 4.000000000000000888, -2.279835788448557388 ) ) ;
#311 = CARTESIAN_POINT ( 'NONE',  ( -16.75516057404403369, -0.3968686967402241250, -38.63318987309818908 ) ) ;
#312 = CARTESIAN_POINT ( 'NONE',  ( 8.947896898316272996, 2.240782466439722675, -47.97799078366725212 ) ) ;
#313 = CARTESIAN_POINT ( 'NONE',  ( 7.655068985318455255, 0.5966410967703871249, -13.36887435192633511 ) ) ;
#314 = CARTESIAN_POINT ( 'NONE',  ( -1.601044139841526714, 4.329172910535425522, 25.99978731512694807 ) ) ;
#315 = CARTESIAN_POINT ( 'NONE',  ( 24.78116283283394239, -0.8245441308476963993, -28.41814077970873953 ) ) ;
#316 = CARTESIAN_POINT ( 'NONE',  ( -7.246536270349990261E-14, 2.499999999999999556, -0.6622138793585634620 ) ) ;
#317 = ORIENTED_EDGE ( 'NONE', *, *, #846, .T. ) ;
#318 = CARTESIAN_POINT ( 'NONE',  ( -23.26381211177924868, -0.2772915614409236507, -29.51540896077668563 ) ) ;
#319 = CARTESIAN_POINT ( 'NONE',  ( -0.8014086020052114678, 0.000000000000000000, 26.74405896222392087 ) ) ;
#320 = EDGE_CURVE ( 'NONE', #1998, #2443, #704, .T. ) ;
#321 = CARTESIAN_POINT ( 'NONE',  ( -1.538127176582815503, 4.000000000000000888, 13.44570484620141038 ) ) ;
#322 = CARTESIAN_POINT ( 'NONE',  ( -9.059564951910259012, 2.653084518453701524, 34.29818819856890855 ) ) ;
#323 = CARTESIAN_POINT ( 'NONE',  ( 7.785266123440949926, 3.093953062535595766, -0.9593212329395395255 ) ) ;
#324 = CARTESIAN_POINT ( 'NONE',  ( -7.278203281886363563, 3.652381284336093437, -5.986835650266455922 ) ) ;
#325 = ORIENTED_EDGE ( 'NONE', *, *, #1488, .T. ) ;
#326 = CARTESIAN_POINT ( 'NONE',  ( -41.85149008572366824, -0.4298951801587042043, 15.66405327038252260 ) ) ;
#327 = CARTESIAN_POINT ( 'NONE',  ( -18.88079824018774033, 3.161065411167513606, -12.42823703303240102 ) ) ;
#328 = CARTESIAN_POINT ( 'NONE',  ( 38.88312679307049535, -0.4330127018922192428, 22.44918372091311554 ) ) ;
#329 = CARTESIAN_POINT ( 'NONE',  ( -42.25608096011784909, -0.4078338350237947219, 6.702210935420404248 ) ) ;
#330 = CARTESIAN_POINT ( 'NONE',  ( 0.000000000000000000, 3.566987298107781701, -51.82657067210246282 ) ) ;
#331 = VECTOR ( 'NONE', #372, 1000.000000000000000 ) ;
#332 = ORIENTED_EDGE ( 'NONE', *, *, #156, .T. ) ;
#333 = CARTESIAN_POINT ( 'NONE',  ( -5.010371861464208543, 1.760982325423877004, 5.829840509474727206 ) ) ;
#334 = CARTESIAN_POINT ( 'NONE',  ( 12.07009439481207735, 3.916138432710183359, 36.27368833473291687 ) ) ;
#335 = CARTESIAN_POINT ( 'NONE',  ( 40.27985227295173587, 0.000000000000000000, 19.52998422553273272 ) ) ;
#336 = DIRECTION ( 'NONE',  ( 0.000000000000000000, 0.000000000000000000, 1.000000000000000000 ) ) ;
#337 = CARTESIAN_POINT ( 'NONE',  ( 4.556927304252606170, 2.234962446329618047, -49.20279117191483920 ) ) ;
#338 = CARTESIAN_POINT ( 'NONE',  ( 40.45746813362045913, -0.3642118461358845871, 0.4149453793296370430 ) ) ;
#339 = CARTESIAN_POINT ( 'NONE',  ( -4.747716735344468475, 4.000000000000000888, 29.74893984738092456 ) ) ;
#340 = CARTESIAN_POINT ( 'NONE',  ( 23.38947927581442343, 0.000000000000000000, -27.94209000380530483 ) ) ;
#341 = EDGE_LOOP ( 'NONE', ( #1796, #533, #1071, #3282, #1365, #1818 ) ) ;
#342 = CARTESIAN_POINT ( 'NONE',  ( -42.34922626804610246, 3.568281307083097431, 29.68084939801382305 ) ) ;
#343 = CARTESIAN_POINT ( 'NONE',  ( 43.05338861129764894, 4.000000000000000888, 28.58248483143018603 ) ) ;
#344 = CARTESIAN_POINT ( 'NONE',  ( -22.04195681062332568, 3.690282706326322604, 38.47169460330314905 ) ) ;
#345 = CARTESIAN_POINT ( 'NONE',  ( -1.749692713438006253, 4.595862319251156514, 16.77795645877548125 ) ) ;
#346 = CARTESIAN_POINT ( 'NONE',  ( 7.785266123440949926, 1.760619729202264283, 1.350079843818958514 ) ) ;
#347 = CARTESIAN_POINT ( 'NONE',  ( 19.99554937585262948, -0.5328242452538460849, -35.34201628021390462 ) ) ;
#348 = EDGE_CURVE ( 'NONE', #1016, #772, #2536, .T. ) ;
#349 = CARTESIAN_POINT ( 'NONE',  ( -33.36117229506209014, -0.1414115976327451063, -9.432148020720930504 ) ) ;
#350 = CARTESIAN_POINT ( 'NONE',  ( 46.62374086161033659, 3.361188033496819827, 23.13608985461495493 ) ) ;
#351 = CARTESIAN_POINT ( 'NONE',  ( 34.23288475969564360, 2.653084518453690421, -9.303280703695026688 ) ) ;
#352 = CARTESIAN_POINT ( 'NONE',  ( -26.95710859657825864, 0.1130953150742197155, -13.27396563326415091 ) ) ;
#353 = CARTESIAN_POINT ( 'NONE',  ( 24.32645418355470923, 0.7750559866339230553, -14.78651803579636592 ) ) ;
#354 = VERTEX_POINT ( 'NONE', #1658 ) ;
#355 = CARTESIAN_POINT ( 'NONE',  ( -24.00085335639954920, 3.637773323281590976, -35.07942490339075903 ) ) ;
#356 = CARTESIAN_POINT ( 'NONE',  ( 3.035766082959412415E-15, 4.000000000000000888, -2.279835788448557388 ) ) ;
#357 = CARTESIAN_POINT ( 'NONE',  ( -21.61895409700406745, 1.667256519148088811, -9.508968619777185438 ) ) ;
#358 = CARTESIAN_POINT ( 'NONE',  ( 20.26116706158119030, 1.689367917183748791, -7.667497061107625633 ) ) ;
#359 = CARTESIAN_POINT ( 'NONE',  ( 7.708690739707469319, 0.4078338350229114839, -13.24373410812936314 ) ) ;
#360 = CARTESIAN_POINT ( 'NONE',  ( -8.282591045311967548, 4.000000000000000888, 33.05824525411886583 ) ) ;
#361 = CARTESIAN_POINT ( 'NONE',  ( 22.51042706702003571, -0.3069506582811410977, -31.10017175104987430 ) ) ;
#362 = CARTESIAN_POINT ( 'NONE',  ( -10.26985932213069752, 4.019227964613178550, 34.99288750688591421 ) ) ;
#363 = CARTESIAN_POINT ( 'NONE',  ( -32.43889125699060116, 0.000000000000000000, -9.732880555810567103 ) ) ;
#364 = CARTESIAN_POINT ( 'NONE',  ( -2.624872110124844671, 4.303238168257599305, 27.76375800219624068 ) ) ;
#365 =( LENGTH_UNIT ( ) NAMED_UNIT ( * ) SI_UNIT ( .MILLI., .METRE. ) );
#366 = CARTESIAN_POINT ( 'NONE',  ( 18.81707406733108812, -0.3770305844203551970, -36.50597931979390864 ) ) ;
#367 = ORIENTED_EDGE ( 'NONE', *, *, #1724, .F. ) ;
#368 = CARTESIAN_POINT ( 'NONE',  ( -6.992840191831955821, 0.2852429673665354271, 5.003762968880911544 ) ) ;
#369 = CARTESIAN_POINT ( 'NONE',  ( 13.82451661171435831, 4.000000000000000888, -9.509322839268278926 ) ) ;
#370 = CARTESIAN_POINT ( 'NONE',  ( 21.53740801634687330, 0.000000000000000000, -7.586614443102182470 ) ) ;
#371 = DIRECTION ( 'NONE',  ( 0.000000000000000000, 1.000000000000000000, 0.000000000000000000 ) ) ;
#372 = DIRECTION ( 'NONE',  ( -0.000000000000000000, 1.000000000000000000, -0.000000000000000000 ) ) ;
#373 = ORIENTED_EDGE ( 'NONE', *, *, #2183, .T. ) ;
#374 = ADVANCED_FACE ( 'NONE', ( #238 ), #98, .F. ) ;
#375 = CARTESIAN_POINT ( 'NONE',  ( -24.97414574566093748, 4.113095315073011626, -23.63676127085572531 ) ) ;
#376 = CARTESIAN_POINT ( 'NONE',  ( -35.87565926772282410, -0.6952433938917308431, -8.554515794675680240 ) ) ;
#377 = CARTESIAN_POINT ( 'NONE',  ( -13.01095351814817924, 0.9192876162282758168, -43.57165974486983373 ) ) ;
#378 = B_SPLINE_CURVE_WITH_KNOTS ( 'NONE', 3,
 ( #2838, #1433, #701, #2482, #2434, #2789, #4174, #411, #3095, #1735, #3163, #3118 ),
 .UNSPECIFIED., .F., .F.,
 ( 4, 2, 2, 2, 2, 4 ),
 ( -5.999999999551203027E-08, 0.0003242683734685949774, 0.0006485967469371852617, 0.001297253493874366047, 0.002594566987748731304, 0.005189193975497460518 ),
 .UNSPECIFIED. ) ;
#379 = CARTESIAN_POINT ( 'NONE',  ( 11.05970021780667167, 3.578703642036885402, -49.37258228105338986 ) ) ;
#380 = CARTESIAN_POINT ( 'NONE',  ( -7.166934228405412414E-14, -1.500000000000000444, -7.162213879358564128 ) ) ;
#381 = CARTESIAN_POINT ( 'NONE',  ( -13.79052381516363646, 4.000000000000000888, 36.42344579219803791 ) ) ;
#382 = CARTESIAN_POINT ( 'NONE',  ( 0.6958511549542928387, 4.000000000000000888, 7.047983290821447255 ) ) ;
#383 = CARTESIAN_POINT ( 'NONE',  ( 24.48798467194425754, 0.000000000000000000, -16.77385365118264104 ) ) ;
#384 = CARTESIAN_POINT ( 'NONE',  ( -19.80128640290753239, 4.529847108338822537, -11.43227803502006168 ) ) ;
#385 = B_SPLINE_CURVE_WITH_KNOTS ( 'NONE', 3,
 ( #2784, #3539, #1822, #788, #2524, #3515, #429, #474, #1801, #4168, #809, #1089 ),
 .UNSPECIFIED., .F., .F.,
 ( 4, 2, 2, 2, 2, 4 ),
 ( 0.000000000000000000, 0.06250000000000000000, 0.1250000000000000000, 0.1875000000000000000, 0.2500000000000000000, 0.2906863939216557391 ),
 .UNSPECIFIED. ) ;
#386 = EDGE_LOOP ( 'NONE', ( #1510, #2074, #2356, #2101 ) ) ;
#387 = CARTESIAN_POINT ( 'NONE',  ( -7.046060473098672894, 0.000000000000000000, 6.243985544357299133 ) ) ;
#388 = CARTESIAN_POINT ( 'NONE',  ( -0.3826845239015763123, 3.048246340831685774, 24.69736640397977112 ) ) ;
#389 = CARTESIAN_POINT ( 'NONE',  ( 8.483017086595049605, 4.179054752109614412, -3.668691108572298187 ) ) ;
#390 = CARTESIAN_POINT ( 'NONE',  ( 4.454553045873943518E-12, 0.2664082949584833382, 28.47373934511142934 ) ) ;
#391 = CARTESIAN_POINT ( 'NONE',  ( 3.226463661653572235, 0.000000000000000000, -44.64836744182695583 ) ) ;
#392 = B_SPLINE_CURVE_WITH_KNOTS ( 'NONE', 3,
 ( #3022, #343, #1649, #251, #2390, #2656, #3363, #2997, #3413, #1714, #4392, #1316, #4369, #1271, #321, #1027, #2679, #979 ),
 .UNSPECIFIED., .F., .F.,
 ( 4, 2, 2, 2, 2, 2, 2, 2, 4 ),
 ( 0.000000000000000000, 0.06250000000000000000, 0.1250000000000000000, 0.1875000000000000278, 0.2500000000000000000, 0.3125000000000000000, 0.3750000000000000555, 0.4375000000000000000, 0.4502361885091255567 ),
 .UNSPECIFIED. ) ;
#393 = ORIENTED_EDGE ( 'NONE', *, *, #2792, .F. ) ;
#394 = CARTESIAN_POINT ( 'NONE',  ( -18.93066695813912759, 3.140599945678328897, -12.45438693078527059 ) ) ;
#395 = CARTESIAN_POINT ( 'NONE',  ( 44.71208597367098747, 4.000000000000000888, 1.116235054801923532 ) ) ;
#396 = CARTESIAN_POINT ( 'NONE',  ( 23.84610510151616225, 0.000000000000000000, -13.76755519951485596 ) ) ;
#397 = DIRECTION ( 'NONE',  ( 0.000000000000000000, 0.000000000000000000, 1.000000000000000000 ) ) ;
#398 = CARTESIAN_POINT ( 'NONE',  ( -7.538127176582846367, 0.000000000000000000, 9.981603231063711945 ) ) ;
#399 = ORIENTED_EDGE ( 'NONE', *, *, #2154, .F. ) ;
#400 = CARTESIAN_POINT ( 'NONE',  ( -22.67946361112507958, 3.547163968220174546, -38.11260194098667142 ) ) ;
#401 = CARTESIAN_POINT ( 'NONE',  ( 21.09653058669236358, 4.352813373152419452, -11.43796970885366449 ) ) ;
#402 = CARTESIAN_POINT ( 'NONE',  ( -23.36448183721267924, 2.391101454287801964, -33.98749198073900146 ) ) ;
#403 = AXIS2_PLACEMENT_3D ( 'NONE', #297, #1670, #3048 ) ;
#404 = EDGE_CURVE ( 'NONE', #2600, #2449, #493, .T. ) ;
#405 = CARTESIAN_POINT ( 'NONE',  ( 23.92781351809417956, -0.2392212176826771231, -27.77163776515493154 ) ) ;
#406 = CARTESIAN_POINT ( 'NONE',  ( 32.65805330045989763, -0.1130953150729010204, -9.982523673847198964 ) ) ;
#407 = CARTESIAN_POINT ( 'NONE',  ( 37.05338861129762051, 0.000000000000000000, 25.11838321629248583 ) ) ;
#408 = CARTESIAN_POINT ( 'NONE',  ( 7.996227574452844600, 0.2380207266244971087, 3.468203118664608731 ) ) ;
#409 = CARTESIAN_POINT ( 'NONE',  ( -32.93232541167731853, 3.592166164978328524, 36.70783572327513156 ) ) ;
#410 = CARTESIAN_POINT ( 'NONE',  ( 23.85854058894078378, 0.000000000000000000, -26.39057544540908040 ) ) ;
#411 = CARTESIAN_POINT ( 'NONE',  ( -21.61979256992886533, 1.493889774649555857, -13.89876094626899139 ) ) ;
#412 = VERTEX_POINT ( 'NONE', #330 ) ;
#413 = CARTESIAN_POINT ( 'NONE',  ( -7.824516611718285830, 0.000000000000000000, -12.97342445440688863 ) ) ;
#414 = CARTESIAN_POINT ( 'NONE',  ( -22.33212307361214144, 2.322797291698114108, 37.40600732219112956 ) ) ;
#415 = SURFACE_SIDE_STYLE ('',( #100 ) ) ;
#416 = CARTESIAN_POINT ( 'NONE',  ( 21.86715379223808497, 0.4815639839148186940, -7.370252297731028079 ) ) ;
#417 = CARTESIAN_POINT ( 'NONE',  ( 22.06197564356336471, 2.139241201367810152, -11.30114570449872247 ) ) ;
#418 = CARTESIAN_POINT ( 'NONE',  ( 3.226463661653574011, 0.000000000000000000, -44.64836744182695583 ) ) ;
#419 = CARTESIAN_POINT ( 'NONE',  ( 44.34621329078110108, 3.547163968220169661, -0.5846906609461570703 ) ) ;
#420 = CARTESIAN_POINT ( 'NONE',  ( -24.50664409126476073, 0.3028732389140469938, -13.43456060857468870 ) ) ;
#421 = CARTESIAN_POINT ( 'NONE',  ( 26.93232541165500749, -0.4078338350237947219, 33.24373410812365393 ) ) ;
#422 = CARTESIAN_POINT ( 'NONE',  ( 22.98126389305212669, 2.192844412256671927, -13.26823889496872866 ) ) ;
#423 = ORIENTED_EDGE ( 'NONE', *, *, #1130, .T. ) ;
#424 = CARTESIAN_POINT ( 'NONE',  ( 3.035766082959412415E-15, 4.433012701892220520, -2.029835788448556944 ) ) ;
#425 = CARTESIAN_POINT ( 'NONE',  ( -7.246536270349990261E-14, 0.000000000000000000, 5.837786120641436760 ) ) ;
#426 = B_SPLINE_SURFACE_WITH_KNOTS ( 'NONE', 3, 3, ( 
 ( #3212, #1787, #55, #1098, #4134, #3502, #2462, #1414, #4221, #1142, #2070, #1076, #2772, #754, #2439, #2093, #1763, #3572, #2887, #1886, #3995, #3975, #2592, #4245, #3236, #1250, #2534, #2266 ),
 ( #543, #1502, #3917, #1850, #1910, #908, #526, #2867, #1228, #202, #883, #863, #2244, #3616, #1581, #818, #1167, #3656, #144, #564, #3638, #1561, #3294, #1930, #2949, #4268, #4327, #185 ),
 ( #504, #166, #2611, #123, #2928, #483, #2181, #3274, #1523, #1184, #2553, #3932, #4308, #2200, #838, #3595, #1869, #2222, #3257, #1542, #2909, #4289, #1204, #2574, #3954, #1624, #249, #1336 ),
 ( #1603, #1023, #2632, #2995, #1000, #3746, #679, #2699, #4436, #4035, #3043, #1290, #1667, #294, #953, #4410, #2972, #1974, #4367, #4084, #1645, #2365, #1312, #4347, #3699, #1268, #2387, #4014 ) ),
 .UNSPECIFIED., .F., .F., .F.,
 ( 4, 4 ),
 ( 4, 3, 3, 3, 3, 3, 3, 3, 3, 4 ),
 ( 0.000000000000000000, 1.000000000000000000 ),
 ( 0.000000000000000000, 0.04369936229315023180, 0.08739872458630046359, 0.1310980868794506815, 0.1747974491726009272, 0.2184968114657511451, 0.2403464926123262679, 0.2621961737589013630, 0.3058955360520516087, 0.3495948983452018544 ),
 .UNSPECIFIED. ) ;
#427 = CARTESIAN_POINT ( 'NONE',  ( -20.05223702720306989, 4.551196281618830497, -12.31431809725584259 ) ) ;
#428 = CARTESIAN_POINT ( 'NONE',  ( -18.32137716725606325, 0.9523622034037608763, -39.27784392319530582 ) ) ;
#429 = CARTESIAN_POINT ( 'NONE',  ( -38.83951932309614818, 0.000000000000000000, -2.445249695371017662 ) ) ;
#430 = FACE_OUTER_BOUND ( 'NONE', #2966, .T. ) ;
#431 = CARTESIAN_POINT ( 'NONE',  ( 20.54224680726541052, 0.000000000000000000, 34.48856494576864407 ) ) ;
#432 = VECTOR ( 'NONE', #4362, 1000.000000000000000 ) ;
#433 = EDGE_CURVE ( 'NONE', #4038, #4381, #2902, .T. ) ;
#434 = CARTESIAN_POINT ( 'NONE',  ( -13.87044043411807337, 4.000000000000000888, 36.28439160293719112 ) ) ;
#435 = CARTESIAN_POINT ( 'NONE',  ( 18.56975491621343366, 0.000000000000000000, -3.711699389620724432 ) ) ;
#436 = EDGE_LOOP ( 'NONE', ( #3625, #4159, #2326, #2735 ) ) ;
#437 = CARTESIAN_POINT ( 'NONE',  ( -17.33890484461792880, 0.000000000000000000, -14.85863525227583537 ) ) ;
#438 = CARTESIAN_POINT ( 'NONE',  ( -12.09122919716665479, 3.947406938180780145, 35.96262174927927902 ) ) ;
#439 = CARTESIAN_POINT ( 'NONE',  ( -24.60142449010199073, 0.1650327200318220111, -14.92797604243474296 ) ) ;
#440 = CARTESIAN_POINT ( 'NONE',  ( 24.97414574566078826, -0.1130953150730512613, -23.29144195942027196 ) ) ;
#441 = CARTESIAN_POINT ( 'NONE',  ( 7.122893442422489230, -0.09160397542548341654, 33.00825314647196507 ) ) ;
#442 = CARTESIAN_POINT ( 'NONE',  ( -6.886366107597625685, 0.07143088054385463015, 5.132502232521273910 ) ) ;
#443 = CARTESIAN_POINT ( 'NONE',  ( 42.38009979468461808, 3.637773323281587867, -3.245636267452038926 ) ) ;
#444 = CARTESIAN_POINT ( 'NONE',  ( 23.56173876260430333, 0.000000000000000000, -12.67798927298406575 ) ) ;
#445 = CARTESIAN_POINT ( 'NONE',  ( 9.019932513952563014, 2.616971428766927676, -0.5751583188851022710 ) ) ;
#446 = CARTESIAN_POINT ( 'NONE',  ( 5.963842456172197437, 0.5328242452544209584, 19.64564558201336553 ) ) ;
#447 = ORIENTED_EDGE ( 'NONE', *, *, #567, .T. ) ;
#448 = CARTESIAN_POINT ( 'NONE',  ( -15.32375554846020904, 4.407833835022912261, -6.982258186715492698 ) ) ;
#449 = CARTESIAN_POINT ( 'NONE',  ( 39.22185839353679171, 3.865065785841395929, -6.027967928307005785 ) ) ;
#450 = CARTESIAN_POINT ( 'NONE',  ( -20.26116706158036251, 4.356034583850121322, -12.28629921462825791 ) ) ;
#451 = CARTESIAN_POINT ( 'NONE',  ( 20.26116706158119030, 3.022701250517083160, -9.976898137866129446 ) ) ;
#452 = CARTESIAN_POINT ( 'NONE',  ( 15.70268091791375475, 0.000000000000000000, 34.64806624685800784 ) ) ;
#453 = CARTESIAN_POINT ( 'NONE',  ( -40.62086867628013209, -0.6334765563474136219, 19.67080220941864610 ) ) ;
#454 = CARTESIAN_POINT ( 'NONE',  ( -19.80128640290753239, 4.529847108338822537, -11.43227803502006168 ) ) ;
#455 = VERTEX_POINT ( 'NONE', #2079 ) ;
#456 = CARTESIAN_POINT ( 'NONE',  ( -40.91122611368460582, 4.000000000000000888, -4.100599462725250000 ) ) ;
#457 = B_SPLINE_SURFACE_WITH_KNOTS ( 'NONE', 1, 3, ( 
 ( #2739, #3404, #4431, #1358, #3765, #672, #3427, #2281, #3672, #2968, #2305, #4343, #334, #3448, #853, #1879, #1240, #2622, #2604, #3325, #4338, #345, #2963, #896, #10, #3304 ),
 ( #3051, #3968, #2726, #2234, #1006, #3751, #3945, #852, #515, #1239, #2919, #236, #3689, #2300, #1594, #196, #1217, #1921, #3967, #874, #920, #2233, #3667, #2984, #4356, #1279 ),
 ( #894, #2298, #3687, #212, #918, #3397, #2352, #3732, #643, #1961, #2009, #1571, #575, #3347, #1941, #3322, #233, #259, #2982, #891, #940, #1895, #2295, #3685, #593, #3342 ) ),
 .UNSPECIFIED., .F., .F., .F.,
 ( 2, 1, 2 ),
 ( 4, 2, 2, 2, 2, 2, 2, 2, 2, 2, 2, 2, 4 ),
 ( -0.4610418952104448076, 0.000000000000000000, 1.000000000000000000 ),
 ( 0.000000000000000000, 0.06250000000000000000, 0.1250000000000000000, 0.1562500000000000000, 0.1875000000000000000, 0.2187500000000000000, 0.2500000000000000000, 0.2812500000000000000, 0.3125000000000000000, 0.3437500000000000000, 0.3750000000000000000, 0.4375000000000000000, 0.5000000000000000000 ),
 .UNSPECIFIED. ) ;
#458 = CARTESIAN_POINT ( 'NONE',  ( 24.57122925212562592, 0.2051099791586014631, -14.45133255943869699 ) ) ;
#459 = CARTESIAN_POINT ( 'NONE',  ( 0.000000000000000000, 3.566987298107781701, -51.82657067210246282 ) ) ;
#460 = CARTESIAN_POINT ( 'NONE',  ( 15.14757345745377748, 0.000000000000000000, -0.2895179308778622063 ) ) ;
#461 = EDGE_CURVE ( 'NONE', #2744, #2169, #3128, .T. ) ;
#462 = DIRECTION ( 'NONE',  ( 0.000000000000000000, 1.000000000000000000, 0.000000000000000000 ) ) ;
#463 = CARTESIAN_POINT ( 'NONE',  ( -19.14359422440703895, 3.423471209303339702, -12.29000744700014991 ) ) ;
#464 = CARTESIAN_POINT ( 'NONE',  ( -20.58345046096402697, 0.000000000000000000, 34.64356492143513577 ) ) ;
#465 = CARTESIAN_POINT ( 'NONE',  ( 29.88861579221741138, 4.208263815065642177, -10.87517930992562931 ) ) ;
#466 = CARTESIAN_POINT ( 'NONE',  ( 38.88312679307049535, -0.4330127018922192428, 22.44918372091311909 ) ) ;
#467 = CARTESIAN_POINT ( 'NONE',  ( 20.05223702720595469, 4.551196281616747719, -12.31431809725166815 ) ) ;
#468 = VERTEX_POINT ( 'NONE', #3084 ) ;
#469 = B_SPLINE_CURVE_WITH_KNOTS ( 'NONE', 1,
 ( #1986, #3058 ),
 .UNSPECIFIED., .F., .F.,
 ( 2, 2 ),
 ( 0.000000000000000000, 1.000000000000000000 ),
 .UNSPECIFIED. ) ;
#470 = CARTESIAN_POINT ( 'NONE',  ( -22.39703888213774974, 4.588000697214433821, -34.53081087325903553 ) ) ;
#471 = CARTESIAN_POINT ( 'NONE',  ( 46.87898271860315447, 3.568281307083097875, 21.83508107973607437 ) ) ;
#472 = CARTESIAN_POINT ( 'NONE',  ( 0.000000000000000000, 3.566987298107781701, -51.82657067210246282 ) ) ;
#473 = CARTESIAN_POINT ( 'NONE',  ( 25.18052943364619267, 0.04836161218895923541, -18.60500648704495674 ) ) ;
#474 = CARTESIAN_POINT ( 'NONE',  ( -34.91122611367977413, 0.000000000000000000, -7.564701077865828793 ) ) ;
#475 = CARTESIAN_POINT ( 'NONE',  ( -1.119183269939531211, 3.985054942161303071, 24.13341785035964548 ) ) ;
#476 = CARTESIAN_POINT ( 'NONE',  ( -41.16816431961736811, -0.5515774369032455660, 1.908155728200897183 ) ) ;
#477 = CARTESIAN_POINT ( 'NONE',  ( 23.85854058893518470, 4.000000000000000888, -20.53762778486924034 ) ) ;
#478 = CARTESIAN_POINT ( 'NONE',  ( -6.752619365470449608, 3.720776140031166079, -6.639630134336667489 ) ) ;
#479 = CARTESIAN_POINT ( 'NONE',  ( -7.584555537208929721, 4.000000000000000888, -5.507264684354777451 ) ) ;
#480 = ORIENTED_EDGE ( 'NONE', *, *, #3465, .T. ) ;
#481 = CARTESIAN_POINT ( 'NONE',  ( -44.18875233197594810, 3.693049341718351197, -0.4804141994140739835 ) ) ;
#482 = CARTESIAN_POINT ( 'NONE',  ( 6.778626723629590067, -0.08064016739003197765, 32.90474166005654411 ) ) ;
#483 = CARTESIAN_POINT ( 'NONE',  ( -46.28776061473296011, 2.245370308703551476, 13.95360925528670215 ) ) ;
#484 = CARTESIAN_POINT ( 'NONE',  ( 19.59684997947275065, 0.000000000000000000, -35.03439005878576751 ) ) ;
#485 = CARTESIAN_POINT ( 'NONE',  ( 20.36570787268732374, 3.718955620963189990, -11.30733270919311551 ) ) ;
#486 = CARTESIAN_POINT ( 'NONE',  ( 23.11997816854852417, 3.130734586715047563, -11.92045881225639015 ) ) ;
#487 = CARTESIAN_POINT ( 'NONE',  ( 40.00582031329111032, 4.495793475504363812, -3.227049022814745260 ) ) ;
#488 = CARTESIAN_POINT ( 'NONE',  ( -18.81707406733364607, -0.3770305844202764822, -36.50597931978006017 ) ) ;
#489 = ADVANCED_FACE ( 'NONE', ( #646 ), #2689, .T. ) ;
#490 = CARTESIAN_POINT ( 'NONE',  ( -5.498080635357421642, 0.000000000000000000, 19.45417488698931407 ) ) ;
#491 = CARTESIAN_POINT ( 'NONE',  ( 21.59611872607650440, 3.734892426750915817, -13.22397013159835488 ) ) ;
#492 = ORIENTED_EDGE ( 'NONE', *, *, #1749, .F. ) ;
#493 = B_SPLINE_CURVE_WITH_KNOTS ( 'NONE', 3,
 ( #4121, #2035, #1770, #3400, #4098, #1377, #308, #18, #991, #2400 ),
 .UNSPECIFIED., .F., .F.,
 ( 4, 2, 2, 2, 4 ),
 ( 0.2906863939216557391, 0.3125000000000000000, 0.3750000000000000000, 0.4375000000000000000, 0.4390519716228800107 ),
 .UNSPECIFIED. ) ;
#494 = CARTESIAN_POINT ( 'NONE',  ( 0.000000000000000000, 5.036980172459229799, -50.97786989038882410 ) ) ;
#495 = CARTESIAN_POINT ( 'NONE',  ( -32.35842510606581612, 0.000000000000000000, -9.594143638980561661 ) ) ;
#496 =( NAMED_UNIT ( * ) PLANE_ANGLE_UNIT ( ) SI_UNIT ( $, .RADIAN. ) );
#497 = CARTESIAN_POINT ( 'NONE',  ( 15.14757345745624484, 0.000000000000000000, -39.71048206910849387 ) ) ;
#498 = CARTESIAN_POINT ( 'NONE',  ( -42.57464101223406061, 5.036980172446750892, 28.21429843359702971 ) ) ;
#499 = CARTESIAN_POINT ( 'NONE',  ( -24.64836744182695583, 4.000000000000000888, -30.15466685152513193 ) ) ;
#500 = CARTESIAN_POINT ( 'NONE',  ( 19.88759376046530392, -0.3650735631188610775, -35.30369581979418570 ) ) ;
#501 = AXIS2_PLACEMENT_3D ( 'NONE', #1198, #3206, #2836 ) ;
#502 = CARTESIAN_POINT ( 'NONE',  ( -44.34149842160665145, 3.551532228485186682, -0.5815683004716604154 ) ) ;
#503 = CARTESIAN_POINT ( 'NONE',  ( -3.335674630479289693, 1.759304704912077133, -7.950045638233061318 ) ) ;
#504 = CARTESIAN_POINT ( 'NONE',  ( -42.88312679307018271, 2.233653964774448220, 24.75858479767218512 ) ) ;
#505 = CARTESIAN_POINT ( 'NONE',  ( -3.522143538527353179, 0.04836161218909943577, 31.10948141379881449 ) ) ;
#506 = CARTESIAN_POINT ( 'NONE',  ( 34.70430691594322781, -0.4287942102819968793, 27.83355482867051478 ) ) ;
#507 = CARTESIAN_POINT ( 'NONE',  ( 25.23008834136019729, 0.6950229483473121528, -13.06913659297408792 ) ) ;
#508 = CARTESIAN_POINT ( 'NONE',  ( 36.37436172908973475, 4.137458031986109397, -6.078095389411055649 ) ) ;
#509 = CARTESIAN_POINT ( 'NONE',  ( -24.30155153517864974, -0.2070289076979252019, -26.51010364100022088 ) ) ;
#510 = CARTESIAN_POINT ( 'NONE',  ( -7.536512517506182895, 4.142882116622583766, -5.581712792710463944 ) ) ;
#511 = CARTESIAN_POINT ( 'NONE',  ( 21.95716738905673893, 3.898705851722621851, -11.92483300368937549 ) ) ;
#512 = CARTESIAN_POINT ( 'NONE',  ( 24.04536746263903879, 2.214284823875642516, -13.11821107139838460 ) ) ;
#513 = CARTESIAN_POINT ( 'NONE',  ( -21.30302471887924298, 3.264913603758327731, -16.42965185315884113 ) ) ;
#514 = CARTESIAN_POINT ( 'NONE',  ( 17.04448543701836982, 0.3339231858147506116, -15.12277967974601189 ) ) ;
#515 = CARTESIAN_POINT ( 'NONE',  ( 21.67832526495679346, 3.693049341718351197, 38.50878918073694734 ) ) ;
#516 = B_SPLINE_CURVE_WITH_KNOTS ( 'NONE', 3,
 ( #2559, #3219, #2205, #2914, #3621, #190 ),
 .UNSPECIFIED., .F., .F.,
 ( 4, 2, 4 ),
 ( 0.3582335767966655093, 0.4012952866016022413, 0.4443569964065389177 ),
 .UNSPECIFIED. ) ;
#517 = ADVANCED_FACE ( 'NONE', ( #1423 ), #3736, .F. ) ;
#518 = CARTESIAN_POINT ( 'NONE',  ( -7.246536270349990261E-14, 2.499999999999999556, -0.6622138793585634620 ) ) ;
#519 = CARTESIAN_POINT ( 'NONE',  ( 12.41338555688941803, 0.000000000000000000, 1.537408016346868633 ) ) ;
#520 = CARTESIAN_POINT ( 'NONE',  ( -3.226463661654748627, 4.000000000000000888, -51.57657067210246282 ) ) ;
#521 = B_SPLINE_CURVE_WITH_KNOTS ( 'NONE', 3,
 ( #2465, #4160, #368, #1079, #2513, #1102, #3850, #442, #710, #2141 ),
 .UNSPECIFIED., .F., .F.,
 ( 4, 3, 3, 4 ),
 ( 0.000000000000000000, 0.0002713156454472785781, 0.0004069900257145914039, 0.0005426694059445810823 ),
 .UNSPECIFIED. ) ;
#522 = CARTESIAN_POINT ( 'NONE',  ( 24.62964274009076249, -0.1612021157315706721, -24.93988238405972524 ) ) ;
#523 = CARTESIAN_POINT ( 'NONE',  ( -7.246536270349990261E-14, 2.499999999999999556, 6.337786120641436760 ) ) ;
#524 = FACE_OUTER_BOUND ( 'NONE', #1299, .T. ) ;
#525 = CARTESIAN_POINT ( 'NONE',  ( 0.6272942347906491634, 0.1650327200322852794, 28.76944659893034029 ) ) ;
#526 = CARTESIAN_POINT ( 'NONE',  ( -44.23964098317785698, 0.9192876162284456809, 10.51801359825505244 ) ) ;
#527 = CARTESIAN_POINT ( 'NONE',  ( 22.15476510283419387, 0.000000000000000000, -9.077046294133957360 ) ) ;
#528 = CARTESIAN_POINT ( 'NONE',  ( 5.118576635452384060, 1.399460540342409187, 31.90306338699803845 ) ) ;
#529 = CARTESIAN_POINT ( 'NONE',  ( 20.25114894969076573, 3.140599945678346661, -10.16724503093875676 ) ) ;
#530 = DIRECTION ( 'NONE',  ( 0.000000000000000000, -0.000000000000000000, 1.000000000000000000 ) ) ;
#531 = CARTESIAN_POINT ( 'NONE',  ( -12.55124140045240821, 0.4174760652913668824, 1.778437935011292437 ) ) ;
#532 = FACE_OUTER_BOUND ( 'NONE', #732, .T. ) ;
#533 = ORIENTED_EDGE ( 'NONE', *, *, #567, .F. ) ;
#534 = CARTESIAN_POINT ( 'NONE',  ( -21.71595423797113256, 3.670827089464273829, -39.46996790530177179 ) ) ;
#535 = CARTESIAN_POINT ( 'NONE',  ( 35.62468259755952715, -0.2266981918464118506, -7.324690933407501880 ) ) ;
#536 = CARTESIAN_POINT ( 'NONE',  ( 2.202124894387286425, 0.000000000000000000, 29.73288055581069855 ) ) ;
#537 = B_SPLINE_CURVE_WITH_KNOTS ( 'NONE', 3,
 ( #942, #1012, #3371, #2297, #3686, #258, #2322, #1633, #3756, #2664, #664, #4399, #3005, #1700, #4049, #1323, #4071, #642, #2351, #3731 ),
 .UNSPECIFIED., .F., .F.,
 ( 4, 2, 2, 2, 2, 2, 2, 2, 2, 4 ),
 ( 0.000000000000000000, 0.04343872991359797736, 0.08687745982719595472, 0.1303161897407938696, 0.1737549196543918262, 0.2171936495679897827, 0.2389130145247887749, 0.2606323794815876838, 0.3040711093951854460, 0.3475098393087832638 ),
 .UNSPECIFIED. ) ;
#538 = CARTESIAN_POINT ( 'NONE',  ( 12.41338555689021383, 4.000000000000000888, -48.46561124663557507 ) ) ;
#539 = ADVANCED_FACE ( 'NONE', ( #1795 ), #2508, .F. ) ;
#540 = CARTESIAN_POINT ( 'NONE',  ( -0.3830110877367152167, 0.6726114454029783474, 27.50641456742483726 ) ) ;
#541 = CARTESIAN_POINT ( 'NONE',  ( -7.062636718079144948, 0.4272963472878862357, 4.916241336665039263 ) ) ;
#542 = CARTESIAN_POINT ( 'NONE',  ( -1.360447940427866653, 4.400647834023976301, 17.81500847655241415 ) ) ;
#543 = CARTESIAN_POINT ( 'NONE',  ( -40.88312679307018271, 0.9003206314411142941, 23.60388425929292211 ) ) ;
#544 = CARTESIAN_POINT ( 'NONE',  ( 23.38947927581442343, 0.000000000000000000, -27.94209000380530483 ) ) ;
#545 = CIRCLE ( 'NONE', #2847, 9.000000000000000000 ) ;
#546 = CARTESIAN_POINT ( 'NONE',  ( 13.28375034194761994, 2.505464550935145862, 36.10923856784243924 ) ) ;
#547 = CARTESIAN_POINT ( 'NONE',  ( 21.85007029509493393, 4.000000000000000888, -11.13884339403909962 ) ) ;
#548 = FACE_OUTER_BOUND ( 'NONE', #1378, .T. ) ;
#549 = CARTESIAN_POINT ( 'NONE',  ( -19.59684997947520557, 0.000000000000000000, -35.03439005877115164 ) ) ;
#550 = CARTESIAN_POINT ( 'NONE',  ( 3.320525390300503421, 0.05739846856187472840, 30.95593965237761935 ) ) ;
#551 = CARTESIAN_POINT ( 'NONE',  ( 21.53740801633567514, 4.000000000000000888, -39.34158878716214502 ) ) ;
#552 = ORIENTED_EDGE ( 'NONE', *, *, #620, .F. ) ;
#553 = CARTESIAN_POINT ( 'NONE',  ( -19.59684997947520557, 4.000000000000000888, -41.96259328904804420 ) ) ;
#554 = CARTESIAN_POINT ( 'NONE',  ( -14.05292884487689165, 0.3642118461362726656, -14.82972248685513605 ) ) ;
#555 = CARTESIAN_POINT ( 'NONE',  ( -18.93066695813912759, 3.140599945678328897, -12.45438693078527059 ) ) ;
#556 = ORIENTED_EDGE ( 'NONE', *, *, #3290, .F. ) ;
#557 = CARTESIAN_POINT ( 'NONE',  ( 19.71048206913331668, 0.000000000000000000, -4.852426542535011933 ) ) ;
#558 = CARTESIAN_POINT ( 'NONE',  ( -23.29415350673971474, 3.721175811016600665, -36.46096327049694708 ) ) ;
#559 = EDGE_CURVE ( 'NONE', #2839, #1321, #923, .T. ) ;
#560 = CARTESIAN_POINT ( 'NONE',  ( -18.43444770407798217, 4.377030584420796622, -11.08495221195799907 ) ) ;
#561 = CARTESIAN_POINT ( 'NONE',  ( 21.86653013607264739, 4.480935413063971140, -14.29881843355648030 ) ) ;
#562 = CARTESIAN_POINT ( 'NONE',  ( 1.753848321997047988, 4.601666262946410235, 16.77845236702052745 ) ) ;
#563 = B_SPLINE_CURVE_WITH_KNOTS ( 'NONE', 3,
 ( #3053, #324, #3684, #2639, #1630, #4067, #4020, #1345, #962, #2978 ),
 .UNSPECIFIED., .F., .F.,
 ( 4, 2, 2, 2, 4 ),
 ( 0.000000000000000000, 0.001993605542898563635, 0.003987211085797127269, 0.005980816628695690904, 0.007974422171594254538 ),
 .UNSPECIFIED. ) ;
#564 = CARTESIAN_POINT ( 'NONE',  ( -32.23288475969422251, 1.319751185120400683, -10.45798124207477464 ) ) ;
#565 = CIRCLE ( 'NONE', #2072, 6.500000000000000888 ) ;
#566 = CARTESIAN_POINT ( 'NONE',  ( 43.74358632463112428, 3.566987298107781701, 27.88702732466873258 ) ) ;
#567 = EDGE_CURVE ( 'NONE', #1117, #1741, #3558, .T. ) ;
#568 = CARTESIAN_POINT ( 'NONE',  ( 12.22025042713363341, -0.8245441308476978426, 35.67018693840720545 ) ) ;
#569 = CARTESIAN_POINT ( 'NONE',  ( -13.75179054763301423, -0.2755652123790592878, 34.91857973089692280 ) ) ;
#570 = CARTESIAN_POINT ( 'NONE',  ( -1.582256337002312163, 0.2455319565159992667, 26.57285247630294123 ) ) ;
#571 = CARTESIAN_POINT ( 'NONE',  ( 1.974395709253385034, 4.000000000000000888, 1.139917894224262929 ) ) ;
#572 = ORIENTED_EDGE ( 'NONE', *, *, #2852, .F. ) ;
#573 = CARTESIAN_POINT ( 'NONE',  ( 8.043404416384190014, 0.1191849926892384337, 3.375563404555216529 ) ) ;
#574 = CARTESIAN_POINT ( 'NONE',  ( -21.08558939195596693, 3.703141694252212179, -13.62785936896172423 ) ) ;
#575 = CARTESIAN_POINT ( 'NONE',  ( 12.39342408496977122, 4.000000000000000888, 35.61682988688538387 ) ) ;
#576 = CARTESIAN_POINT ( 'NONE',  ( -17.31699837781363982, 0.3291729105355895579, -15.07745037502360574 ) ) ;
#577 = CARTESIAN_POINT ( 'NONE',  ( 23.39654876359143998, 0.9025580876005275810, -12.08463692186574789 ) ) ;
#578 = CARTESIAN_POINT ( 'NONE',  ( 25.22871872488513745, 0.1650327200318136567, -13.84147055649572167 ) ) ;
#579 = ORIENTED_EDGE ( 'NONE', *, *, #3770, .F. ) ;
#580 = CARTESIAN_POINT ( 'NONE',  ( 3.226463661652982040, 0.000000000000000000, 4.648367441826950497 ) ) ;
#581 = CARTESIAN_POINT ( 'NONE',  ( -5.755806997833889049, 4.000000000000000888, -4.126616422849987309 ) ) ;
#582 = CARTESIAN_POINT ( 'NONE',  ( 24.50579814143482693, 3.697522092331538168, -33.49341437710361902 ) ) ;
#583 = CARTESIAN_POINT ( 'NONE',  ( -0.01727528928449000023, 4.638811966499011952, 3.792113376501381694 ) ) ;
#584 = CARTESIAN_POINT ( 'NONE',  ( 12.55124139957085561, 4.417476065449117861, -5.149765295161366829 ) ) ;
#585 = CARTESIAN_POINT ( 'NONE',  ( 19.40030079461228141, -1.266142134583772894, -37.01930811262035093 ) ) ;
#586 = CARTESIAN_POINT ( 'NONE',  ( 27.07974357230458651, 0.9364646365920146209, 34.98169017653400203 ) ) ;
#587 = CARTESIAN_POINT ( 'NONE',  ( 4.236404282602928058E-12, 0.4243384850600545044, 28.05108221314905137 ) ) ;
#588 = CARTESIAN_POINT ( 'NONE',  ( 5.650253012195034508, -0.1927552366036865417, 33.66251290399070228 ) ) ;
#589 = PRODUCT_DEFINITION_SHAPE ( 'NONE', 'NONE',  #736 ) ;
#590 = CARTESIAN_POINT ( 'NONE',  ( -13.46897287557834844, 1.106635141486912444, 35.66892613632633413 ) ) ;
#591 = CARTESIAN_POINT ( 'NONE',  ( 19.16555386381843817, 3.040314949081274865, -8.474881700634753656 ) ) ;
#592 = CARTESIAN_POINT ( 'NONE',  ( 42.17914332797094801, 0.000000000000000000, 10.01839676893923325 ) ) ;
#593 = CARTESIAN_POINT ( 'NONE',  ( 0.3611638784269226576, 4.000000000000000888, 3.934117389603115189 ) ) ;
#594 = B_SPLINE_CURVE_WITH_KNOTS ( 'NONE', 3,
 ( #3610, #4037, #3019, #3045, #2340, #1931, #4085, #1338, #4348, #1002 ),
 .UNSPECIFIED., .F., .F.,
 ( 4, 2, 2, 2, 4 ),
 ( 0.2994021520013199211, 0.3368967518588105725, 0.3743913517163012239, 0.4118859515737918198, 0.4493805514312824712 ),
 .UNSPECIFIED. ) ;
#595 = CARTESIAN_POINT ( 'NONE',  ( -37.25329965772045426, -0.4330127018922192983, 25.27212712689381391 ) ) ;
#596 = CARTESIAN_POINT ( 'NONE',  ( -23.95369005284094754, 0.6555538973537996528, -15.33077728930686234 ) ) ;
#597 = CARTESIAN_POINT ( 'NONE',  ( 46.19152135163312778, 2.259871590419839205, 9.391819017990894025 ) ) ;
#598 = CARTESIAN_POINT ( 'NONE',  ( 23.26298455645812524, 1.055711317881714795, -12.01076746678833373 ) ) ;
#599 = CARTESIAN_POINT ( 'NONE',  ( 42.26219752224471193, -0.4112937847040199491, 8.304536283712767641 ) ) ;
#600 = ORIENTED_EDGE ( 'NONE', *, *, #433, .T. ) ;
#601 = CARTESIAN_POINT ( 'NONE',  ( 4.833279649215967311, 4.230282171649290213, 30.42886240575668566 ) ) ;
#602 = CARTESIAN_POINT ( 'NONE',  ( -6.454133972083156756, 0.2924878135127279011, 5.639976529149917539 ) ) ;
#603 = CARTESIAN_POINT ( 'NONE',  ( 8.947896898316274772, 0.9074491331063887500, -45.66858970690873321 ) ) ;
#604 = CARTESIAN_POINT ( 'NONE',  ( 23.29415350674040752, 3.721175811016477653, -36.46096327049205144 ) ) ;
#605 = CARTESIAN_POINT ( 'NONE',  ( 23.99495576672723729, 3.641267524912138676, -35.07740752514255433 ) ) ;
#606 = CARTESIAN_POINT ( 'NONE',  ( -35.97201585958330128, 3.384108814428053336, 35.33703325735714174 ) ) ;
#607 = CARTESIAN_POINT ( 'NONE',  ( 6.669763391143938236, 1.445880648994963824, 4.841615944209454625 ) ) ;
#608 = CARTESIAN_POINT ( 'NONE',  ( -22.17285616305867535, 4.000000000000000888, -16.04892520737669770 ) ) ;
#609 = EDGE_LOOP ( 'NONE', ( #4297, #3856, #1262, #2211 ) ) ;
#610 = CARTESIAN_POINT ( 'NONE',  ( -1.490336292428829923, 3.022701250517087601, 22.53513445458250430 ) ) ;
#611 = CARTESIAN_POINT ( 'NONE',  ( -5.020595388941838004E-12, 2.192742338238359068, 26.53737280578056712 ) ) ;
#612 = CARTESIAN_POINT ( 'NONE',  ( -7.118795501974558348, 1.266142134585254153, 18.29149927288429112 ) ) ;
#613 = CARTESIAN_POINT ( 'NONE',  ( -38.88312679307018982, -0.4330127018922192428, 22.44918372091366265 ) ) ;
#614 = CIRCLE ( 'NONE', #3218, 9.000000000000000000 ) ;
#615 = CARTESIAN_POINT ( 'NONE',  ( 7.785266123440949926, 4.427286395868930136, -3.268722309698044004 ) ) ;
#616 = CARTESIAN_POINT ( 'NONE',  ( 20.05756569040357107, 4.000000000000000888, -11.17946330630305596 ) ) ;
#617 = CARTESIAN_POINT ( 'NONE',  ( -24.99419436714812903, 0.1126318201484584058, -16.74273745524861212 ) ) ;
#618 = VERTEX_POINT ( 'NONE', #2164 ) ;
#619 = CARTESIAN_POINT ( 'NONE',  ( -10.92563846174484254, 0.000000000000000000, 33.85738996995053895 ) ) ;
#620 = EDGE_CURVE ( 'NONE', #1982, #3446, #521, .T. ) ;
#621 = CARTESIAN_POINT ( 'NONE',  ( -21.58233613472119217, 2.790589829189662918, -12.90005844072703844 ) ) ;
#622 = CARTESIAN_POINT ( 'NONE',  ( 33.19015862015032070, 1.280740271514116957, -9.819400303671558916 ) ) ;
#623 = CARTESIAN_POINT ( 'NONE',  ( -2.098205641177082637, 0.03552506174140381695, -9.414260859427461270 ) ) ;
#624 = CARTESIAN_POINT ( 'NONE',  ( 39.11760313530046318, 3.574026498045631772, 32.85733374631438863 ) ) ;
#625 = CARTESIAN_POINT ( 'NONE',  ( -1.979128424522970775, 4.000000000000000888, 25.89260230804766394 ) ) ;
#626 = CARTESIAN_POINT ( 'NONE',  ( -25.17331980778505951, -0.01358214821297216816, -20.37610534135691864 ) ) ;
#627 = CARTESIAN_POINT ( 'NONE',  ( 24.62964274009077315, 1.172131217601783293, -27.24928346081891917 ) ) ;
#628 = CARTESIAN_POINT ( 'NONE',  ( 36.37603399783286307, -0.3592013296830975366, -6.706189085714159503 ) ) ;
#629 = CARTESIAN_POINT ( 'NONE',  ( -7.062636718079144948, 0.4272963472878862357, 4.916241336665039263 ) ) ;
#630 = CARTESIAN_POINT ( 'NONE',  ( 22.48613867935286237, 1.105426744712075804, -7.010064964847346758 ) ) ;
#631 = CARTESIAN_POINT ( 'NONE',  ( -24.00683636230791507, 4.000000000000000888, -33.37986138304947303 ) ) ;
#632 = CARTESIAN_POINT ( 'NONE',  ( -21.57266752317721625, -0.3341582466231502457, -32.80940166639479827 ) ) ;
#633 = CARTESIAN_POINT ( 'NONE',  ( -44.88312679307017561, 3.566987298107781701, 25.91328533605144457 ) ) ;
#634 = CARTESIAN_POINT ( 'NONE',  ( -0.6583562621905383327, 3.409375424215088657, 25.87018743516589936 ) ) ;
#635 = CARTESIAN_POINT ( 'NONE',  ( 1.982962850920918285, 0.1130953150742197155, 29.98252367384471029 ) ) ;
#636 = CARTESIAN_POINT ( 'NONE',  ( -39.74358632463044216, 0.9003206314411142941, 25.57762624791137895 ) ) ;
#637 = CARTESIAN_POINT ( 'NONE',  ( 11.45539656451466470, 3.086613108408630346, -2.401521331190896724 ) ) ;
#638 = CARTESIAN_POINT ( 'NONE',  ( 40.91122611367792672, 4.000000000000000888, -4.100599462730298406 ) ) ;
#639 = ORIENTED_EDGE ( 'NONE', *, *, #927, .T. ) ;
#640 = CARTESIAN_POINT ( 'NONE',  ( 3.547736180601768208, 0.3069506582811126760, 23.94451581455049904 ) ) ;
#641 = AXIS2_PLACEMENT_3D ( 'NONE', #3373, #3734, #397 ) ;
#642 = CARTESIAN_POINT ( 'NONE',  ( -25.65775999194061896, 4.298219038347751209, -11.58500746295806216 ) ) ;
#643 = CARTESIAN_POINT ( 'NONE',  ( 21.70268091791136555, 4.000000000000000888, 38.11216786199430118 ) ) ;
#644 = CARTESIAN_POINT ( 'NONE',  ( 28.10811181375371248, 1.476481779644067460, -12.50310150567239376 ) ) ;
#645 = CARTESIAN_POINT ( 'NONE',  ( 2.412372459920109957, 0.000000000000000000, -5.118383216292327731 ) ) ;
#646 = FACE_OUTER_BOUND ( 'NONE', #3424, .T. ) ;
#647 = VERTEX_POINT ( 'NONE', #3462 ) ;
#648 = CARTESIAN_POINT ( 'NONE',  ( -1.543080864623629145, 3.024819578140344412, 22.60932542080337626 ) ) ;
#649 = CARTESIAN_POINT ( 'NONE',  ( -21.22849105835804906, -0.3438693749684828549, -33.42438740976510303 ) ) ;
#650 = EDGE_CURVE ( 'NONE', #647, #1681, #3369, .T. ) ;
#651 = CARTESIAN_POINT ( 'NONE',  ( 25.06957503395953779, 0.06612720700906334070, -18.07494801425984576 ) ) ;
#652 = CARTESIAN_POINT ( 'NONE',  ( 17.31640261825427274, 0.4815639839149758461, -15.25238454366903795 ) ) ;
#653 = CARTESIAN_POINT ( 'NONE',  ( -12.06694503084626113, 3.915321586606729465, 36.28008640576822330 ) ) ;
#654 = CARTESIAN_POINT ( 'NONE',  ( 22.51042706702776286, 4.306950658279280475, -15.82803147922398956 ) ) ;
#655 = CARTESIAN_POINT ( 'NONE',  ( 22.48613867934830779, -1.105426744710704678, -32.98993503515274028 ) ) ;
#656 = DIRECTION ( 'NONE',  ( 0.000000000000000000, 1.000000000000000000, 0.000000000000000000 ) ) ;
#657 = CARTESIAN_POINT ( 'NONE',  ( 10.06483876474345962, 4.027616587357504940, 34.86705133927755895 ) ) ;
#658 = CARTESIAN_POINT ( 'NONE',  ( 4.356449572121344258E-12, 1.134874586265653962, 27.54726902606556038 ) ) ;
#659 = CARTESIAN_POINT ( 'NONE',  ( -31.22806039692705937, -0.4212963579632889033, 30.80017087224976180 ) ) ;
#660 = CARTESIAN_POINT ( 'NONE',  ( 13.13406649557235717, 1.746917011034564426, -1.122207217416023362 ) ) ;
#661 = CARTESIAN_POINT ( 'NONE',  ( 19.80128640290832820, 4.529847108338819872, -11.43227803501953588 ) ) ;
#662 = ORIENTED_EDGE ( 'NONE', *, *, #4359, .F. ) ;
#663 = CARTESIAN_POINT ( 'NONE',  ( -38.88312679307018982, -0.4330127018922192428, 22.44918372091366265 ) ) ;
#664 = CARTESIAN_POINT ( 'NONE',  ( -41.75400400736211282, 3.768809534301488462, -3.717670289525954352 ) ) ;
#665 = CARTESIAN_POINT ( 'NONE',  ( 42.02410729035029391, -0.4258842002269309091, 13.93048829069016037 ) ) ;
#666 = CARTESIAN_POINT ( 'NONE',  ( -2.125573641354800980, 0.000000000000000000, -9.407609050236800385 ) ) ;
#667 = DIRECTION ( 'NONE',  ( 0.000000000000000000, 0.000000000000000000, -1.000000000000000000 ) ) ;
#668 = ORIENTED_EDGE ( 'NONE', *, *, #2407, .F. ) ;
#669 = B_SPLINE_CURVE_WITH_KNOTS ( 'NONE', 3,
 ( #396, #444, #1487, #370, #2446, #38, #1815, #3126, #1059, #3194 ),
 .UNSPECIFIED., .F., .F.,
 ( 4, 2, 2, 2, 4 ),
 ( 0.2906863939216539627, 0.3125000000000000000, 0.3750000000000000000, 0.4375000000000000000, 0.4467801512291654786 ),
 .UNSPECIFIED. ) ;
#670 = CARTESIAN_POINT ( 'NONE',  ( -1.441057007497293041, 4.424737228490177365, 10.08023150290564018 ) ) ;
#671 = CARTESIAN_POINT ( 'NONE',  ( -24.88205943688438282, 0.1431484463107428606, -15.78138705352941429 ) ) ;
#672 = CARTESIAN_POINT ( 'NONE',  ( 28.23646964982543039, 3.449142520386276001, 38.16208304972951737 ) ) ;
#673 = CARTESIAN_POINT ( 'NONE',  ( 19.88759376046537497, 0.9682597702145081531, -37.61309689655239907 ) ) ;
#674 = CARTESIAN_POINT ( 'NONE',  ( 28.46889283212747301, 0.05739846856081640830, -12.60231048427761635 ) ) ;
#675 = CARTESIAN_POINT ( 'NONE',  ( -24.80083574107372257, 0.2051099791586102339, -14.05364245483272079 ) ) ;
#676 = EDGE_CURVE ( 'NONE', #4002, #4374, #3592, .T. ) ;
#677 = CARTESIAN_POINT ( 'NONE',  ( -12.92339585068360996, 4.137458031984452944, 34.54016899855461276 ) ) ;
#678 = CARTESIAN_POINT ( 'NONE',  ( 6.516605320430921111, 4.430552945994378433, -2.672787008709126777 ) ) ;
#679 = CARTESIAN_POINT ( 'NONE',  ( -48.23964098317784277, 3.585954282895112755, 12.82741467501357313 ) ) ;
#680 = ORIENTED_EDGE ( 'NONE', *, *, #2879, .T. ) ;
#681 = B_SPLINE_CURVE_WITH_KNOTS ( 'NONE', 3,
 ( #2393, #1652, #3025, #4395, #1739, #1460, #4157, #3169, #797, #776, #3871, #1053, #34, #2510, #3802, #3548 ),
 .UNSPECIFIED., .F., .F.,
 ( 4, 3, 3, 3, 3, 4 ),
 ( 0.000000000000000000, 0.0001271917298011936213, 0.0003179832110302964628, 0.0005087784075261640596, 0.0007609670308315331618, 0.001699033538937382102 ),
 .UNSPECIFIED. ) ;
#682 = CARTESIAN_POINT ( 'NONE',  ( -2.795969230017565366, 4.298219038349991195, 28.01277568870229473 ) ) ;
#683 = CARTESIAN_POINT ( 'NONE',  ( 44.88312679307052377, 3.566987298107781701, 25.91328533605081574 ) ) ;
#684 = CARTESIAN_POINT ( 'NONE',  ( -9.118576635452672718, 4.066127207008158884, 34.21246446375862860 ) ) ;
#685 = CARTESIAN_POINT ( 'NONE',  ( 23.31850057445654301, 0.2759407302767575287, -10.58634242294891870 ) ) ;
#686 = CARTESIAN_POINT ( 'NONE',  ( 15.32375554846560384, 0.4078338350217737274, -0.05405495644340363448 ) ) ;
#687 = EDGE_LOOP ( 'NONE', ( #1847, #4341, #2768, #2980 ) ) ;
#688 = CARTESIAN_POINT ( 'NONE',  ( -41.76493627613584891, -0.3950019760156652793, 4.650612682535420817 ) ) ;
#689 = CARTESIAN_POINT ( 'NONE',  ( 46.60878145255585991, 3.462688081349178493, 3.816843385138594780 ) ) ;
#690 = CARTESIAN_POINT ( 'NONE',  ( 21.35655578948816924, 1.636571501590925681, -13.91807414880329219 ) ) ;
#691 = CARTESIAN_POINT ( 'NONE',  ( -31.04179152679645526, 0.000000000000000000, -10.53949646112291738 ) ) ;
#692 = CARTESIAN_POINT ( 'NONE',  ( 20.88661604306076569, 4.144570257082867748, -12.80636292428812695 ) ) ;
#693 = EDGE_LOOP ( 'NONE', ( #1569, #2662, #1457, #4334, #2312 ) ) ;
#694 = CARTESIAN_POINT ( 'NONE',  ( -4.278301676015606070, 1.707782423480797895, 19.58574390324199044 ) ) ;
#695 = CARTESIAN_POINT ( 'NONE',  ( -21.22849105835801353, 0.9894639583648153769, -35.73378848652475170 ) ) ;
#696 = CARTESIAN_POINT ( 'NONE',  ( 24.11507820519647893, 0.09664696421601723375, -13.92284689330345593 ) ) ;
#697 = CARTESIAN_POINT ( 'NONE',  ( 24.88205943688037536, 0.1431484463122058570, -15.78138705352839111 ) ) ;
#698 = CARTESIAN_POINT ( 'NONE',  ( 23.71537768963483828, 0.000000000000000000, -13.85738996994930794 ) ) ;
#699 = CARTESIAN_POINT ( 'NONE',  ( 0.1025385450652832736, 2.968910458291582177, 7.210935354650322537 ) ) ;
#700 = CARTESIAN_POINT ( 'NONE',  ( 3.226463661653572235, 0.000000000000000000, -44.64836744182695583 ) ) ;
#701 = CARTESIAN_POINT ( 'NONE',  ( -22.52164358213276785, 0.4092317273076493955, -14.44798478423484411 ) ) ;
#702 = EDGE_CURVE ( 'NONE', #309, #647, #2337, .T. ) ;
#703 = CARTESIAN_POINT ( 'NONE',  ( 17.46897287557981926, 3.773301808153481929, 37.97832721308515858 ) ) ;
#704 = B_SPLINE_CURVE_WITH_KNOTS ( 'NONE', 3,
 ( #1574, #1987, #3691, #2325, #4321, #2941, #3648, #3326, #1242, #3350, #1596, #2236 ),
 .UNSPECIFIED., .F., .F.,
 ( 4, 2, 2, 2, 2, 4 ),
 ( 0.7093136060782370134, 0.7500000000000000000, 0.8125000000000000000, 0.8750000000000000000, 0.9375000000000000000, 1.000000000000000000 ),
 .UNSPECIFIED. ) ;
#705 = CARTESIAN_POINT ( 'NONE',  ( -7.246536270349990261E-14, 1.499999999999999556, -0.6622138793585634620 ) ) ;
#706 = CARTESIAN_POINT ( 'NONE',  ( -15.28375034194632143, 3.838797884268493110, 37.26393910622138606 ) ) ;
#707 = CARTESIAN_POINT ( 'NONE',  ( 24.65898161360096807, 0.2664082949584780091, -14.23686967255962266 ) ) ;
#708 = EDGE_CURVE ( 'NONE', #2700, #2422, #1755, .T. ) ;
#709 = VERTEX_POINT ( 'NONE', #1872 ) ;
#710 = CARTESIAN_POINT ( 'NONE',  ( -6.868456033742148747, 0.03572952371550531386, 5.153719459725008889 ) ) ;
#711 = CARTESIAN_POINT ( 'NONE',  ( 29.83336870890462222, 4.207028907698024511, -10.83671118620263307 ) ) ;
#712 = CARTESIAN_POINT ( 'NONE',  ( -25.19921471545583813, 0.1654529541938668247, -16.67832934353966223 ) ) ;
#713 = CARTESIAN_POINT ( 'NONE',  ( 10.80764744247426989, -0.2070289076980810217, 34.30081280134029953 ) ) ;
#714 = CARTESIAN_POINT ( 'NONE',  ( 24.49836060207648103, 0.4138984444447732503, -14.87616364687819903 ) ) ;
#715 = ORIENTED_EDGE ( 'NONE', *, *, #3545, .F. ) ;
#716 = VECTOR ( 'NONE', #2763, 1000.000000000000000 ) ;
#717 = CARTESIAN_POINT ( 'NONE',  ( -22.51042706701981189, 4.306950658281112787, -15.82803147922455089 ) ) ;
#718 = CARTESIAN_POINT ( 'NONE',  ( -38.97003714051757584, -1.030800093540074958, -4.461911465523302311 ) ) ;
#719 = CARTESIAN_POINT ( 'NONE',  ( -13.01095351814817924, -0.4140457171050577201, -41.26225866811132903 ) ) ;
#720 = CARTESIAN_POINT ( 'NONE',  ( 25.09892942298320051, 3.947406938180804570, -28.45262252236548761 ) ) ;
#721 = CARTESIAN_POINT ( 'NONE',  ( 4.875258380317746720, 0.000000000000000000, -11.51901124740671278 ) ) ;
#722 = CARTESIAN_POINT ( 'NONE',  ( -23.62066283961630830, 0.4011753889092991021, -14.71330687663787096 ) ) ;
#723 = CARTESIAN_POINT ( 'NONE',  ( -2.125573641354800980, 0.000000000000000000, -9.407609050236800385 ) ) ;
#724 = CARTESIAN_POINT ( 'NONE',  ( -0.3611638784259839086, 4.000000000000000888, 3.934117389604652182 ) ) ;
#725 = CARTESIAN_POINT ( 'NONE',  ( 23.80389346399584483, 0.2455319565159992667, -11.91615205500833774 ) ) ;
#726 = ORIENTED_EDGE ( 'NONE', *, *, #1379, .T. ) ;
#727 = CARTESIAN_POINT ( 'NONE',  ( -33.31628351445905167, 3.592836756011117405, 36.42221714613859262 ) ) ;
#728 = CARTESIAN_POINT ( 'NONE',  ( -44.66662044212406357, 4.000000000000000888, 25.78828533605144457 ) ) ;
#729 = CARTESIAN_POINT ( 'NONE',  ( -31.22931453314255990, 2.259871590419840537, 35.30712142097005568 ) ) ;
#730 = CARTESIAN_POINT ( 'NONE',  ( -16.85491941183075681, -0.3950019760153642423, -38.49480214384910681 ) ) ;
#731 = CARTESIAN_POINT ( 'NONE',  ( 23.99574710972830616, -0.3592013296801689903, -28.14947498818933269 ) ) ;
#732 = EDGE_LOOP ( 'NONE', ( #3649, #827, #2190, #969, #986 ) ) ;
#733 = CARTESIAN_POINT ( 'NONE',  ( -0.6472278790099509349, 4.137528592616617651, 24.48819125629533744 ) ) ;
#734 = CARTESIAN_POINT ( 'NONE',  ( 5.573004108133697621, 4.430552946151822269, -4.307152248864857036 ) ) ;
#735 = CARTESIAN_POINT ( 'NONE',  ( 23.04448543701840180, 4.333923185814751555, -11.65867806460831524 ) ) ;
#736 = PRODUCT_DEFINITION ( 'UNKNOWN', '', #1631, #3880 ) ;
#737 = CARTESIAN_POINT ( 'NONE',  ( -7.246536270349990261E-14, 0.000000000000000000, -0.6622138793585626848 ) ) ;
#738 = B_SPLINE_CURVE_WITH_KNOTS ( 'NONE', 3,
 ( #3598, #1584, #4271, #2185 ),
 .UNSPECIFIED., .F., .F.,
 ( 4, 4 ),
 ( -0.0003038005394231098159, 0.0006720002418517772831 ),
 .UNSPECIFIED. ) ;
#739 = CARTESIAN_POINT ( 'NONE',  ( 19.50919709363907728, 4.758229774137171297, -11.99369600625184873 ) ) ;
#740 = ORIENTED_EDGE ( 'NONE', *, *, #3407, .T. ) ;
#741 = CARTESIAN_POINT ( 'NONE',  ( -7.439317087571840403, 4.425736314879883615, -5.727444502988910280 ) ) ;
#742 = CARTESIAN_POINT ( 'NONE',  ( -42.16886024877436512, -1.445880649526377404, 16.64462344085751155 ) ) ;
#743 = DIRECTION ( 'NONE',  ( -0.000000000000000000, -1.000000000000000000, -0.000000000000000000 ) ) ;
#744 = CARTESIAN_POINT ( 'NONE',  ( -24.86660924914621873, 1.204879255659341064, -26.12445732058088055 ) ) ;
#745 = CARTESIAN_POINT ( 'NONE',  ( 21.57266752317521963, -0.3341582466226510895, -32.80940166640561273 ) ) ;
#746 = CARTESIAN_POINT ( 'NONE',  ( 17.31699837781301810, 0.3291729105354245788, -15.07745037501831398 ) ) ;
#747 = CARTESIAN_POINT ( 'NONE',  ( -23.87571475571393265, 0.2027255246656424204, -14.23325675259373391 ) ) ;
#748 = CARTESIAN_POINT ( 'NONE',  ( 7.970776744507968026, 0.3011981820459257442, 3.517474325008989489 ) ) ;
#749 = CARTESIAN_POINT ( 'NONE',  ( -2.492885795476748712, 2.963019827553249996, 1.439268285077506260 ) ) ;
#750 = CARTESIAN_POINT ( 'NONE',  ( 21.71595423797650426, 0.3291729105355895579, -7.458235324968621960 ) ) ;
#751 = ORIENTED_EDGE ( 'NONE', *, *, #3738, .T. ) ;
#752 = CARTESIAN_POINT ( 'NONE',  ( -23.33890484461791104, 4.000000000000000888, -11.39453363713805167 ) ) ;
#753 = CARTESIAN_POINT ( 'NONE',  ( -20.04195681062274303, 2.356949372992958036, 37.31699406492351301 ) ) ;
#754 = CARTESIAN_POINT ( 'NONE',  ( -37.11627238484344105, -0.2755652123786752616, -5.549889903678063341 ) ) ;
#755 = CARTESIAN_POINT ( 'NONE',  ( 0.000000000000000000, -0.6334765563474024086, -45.01410530215945016 ) ) ;
#756 = CARTESIAN_POINT ( 'NONE',  ( 38.88312679307049535, -0.4330127018922192428, 22.44918372091311554 ) ) ;
#757 = CARTESIAN_POINT ( 'NONE',  ( -22.76691543834171227, 2.328325668915557145, -14.56152063875614111 ) ) ;
#758 = CARTESIAN_POINT ( 'NONE',  ( 28.13719601115921520, 4.000000000000000888, -10.76282662090975784 ) ) ;
#759 = CARTESIAN_POINT ( 'NONE',  ( -22.67508128596895745, 0.4490539079499134001, -8.817784899500040297 ) ) ;
#760 = CARTESIAN_POINT ( 'NONE',  ( 8.227651271871003757, 0.6978862316862158854, 3.043104025040688221 ) ) ;
#761 = CARTESIAN_POINT ( 'NONE',  ( 21.68654383386062534, 3.238776761667584214, -12.52073192026894688 ) ) ;
#762 = ADVANCED_FACE ( 'NONE', ( #225 ), #3140, .F. ) ;
#763 = CARTESIAN_POINT ( 'NONE',  ( -23.80389346400047046, 4.245531956517647920, -18.84435528528127435 ) ) ;
#764 = CARTESIAN_POINT ( 'NONE',  ( -12.28150529263503543, 1.266142134585229284, -15.31080738549854381 ) ) ;
#765 = CARTESIAN_POINT ( 'NONE',  ( -19.50919709363707355, 4.758229774137602064, -11.99369600625285415 ) ) ;
#766 = CARTESIAN_POINT ( 'NONE',  ( -14.96220681849029788, 2.259871590419840093, -44.69894043896112379 ) ) ;
#767 = CIRCLE ( 'NONE', #1197, 7.000000000000000000 ) ;
#768 = CARTESIAN_POINT ( 'NONE',  ( 42.25608096014084936, -0.4078338350216721975, 6.702210935432889372 ) ) ;
#769 = CARTESIAN_POINT ( 'NONE',  ( -7.815793130648123643, 0.4174760654491163625, 9.980474933502312851 ) ) ;
#770 = CARTESIAN_POINT ( 'NONE',  ( -35.76575777107892407, 4.000000000000000888, 34.98311286255578523 ) ) ;
#771 = CARTESIAN_POINT ( 'NONE',  ( -3.226463661654748183, 0.000000000000000000, 4.648367441826950497 ) ) ;
#772 = VERTEX_POINT ( 'NONE', #2247 ) ;
#773 = DIRECTION ( 'NONE',  ( 0.000000000000000000, 0.000000000000000000, 1.000000000000000000 ) ) ;
#774 = CARTESIAN_POINT ( 'NONE',  ( 4.025604290746611191, 0.000000000000000000, -2.324183720913497009 ) ) ;
#775 = CARTESIAN_POINT ( 'NONE',  ( -7.226052376868974392, 4.143148446310743083, 32.90329071271870021 ) ) ;
#776 = CARTESIAN_POINT ( 'NONE',  ( 24.26421930418967676, 0.2027255246656353149, -13.56034713566252670 ) ) ;
#777 = CARTESIAN_POINT ( 'NONE',  ( 11.46897287557714584, -0.2266981918465379164, 34.51422559794590939 ) ) ;
#778 = CARTESIAN_POINT ( 'NONE',  ( -23.52229946804010652, 1.399903839334604383, -15.02467477188140599 ) ) ;
#779 = CARTESIAN_POINT ( 'NONE',  ( 29.71537768963487025, 4.000000000000000888, -10.39328835481160773 ) ) ;
#780 = CARTESIAN_POINT ( 'NONE',  ( 25.35655578948819411, 4.303238168257593088, -11.60867307204482479 ) ) ;
#781 = CARTESIAN_POINT ( 'NONE',  ( 12.41937902438567143, -0.2455319565177236929, 34.65670042130007289 ) ) ;
#782 = B_SPLINE_SURFACE_WITH_KNOTS ( 'NONE', 1, 3, ( 
 ( #3744, #1971, #950, #3356, #313, #1927, #3309, #652, #268, #218, #974, #3015, #4386, #2333, #1600, #3719, #628, #1993, #3382, #2502, #3495, #2106, #4192, #1756, #1802, #1135 ),
 ( #3841, #3183, #1709, #2741, #359, #2084, #1043, #746, #3089, #3135, #3429, #91, #674, #2406, #406, #3792, #1113, #1474, #1090, #338, #1778, #768, #1451, #3, #1405, #4127 ),
 ( #47, #1732, #2130, #721, #1428, #4169, #2785, #2478, #2041, #3815, #698, #1384, #2063, #3862, #1067, #3451, #3114, #2454, #25, #69, #2428, #2762, #4148, #3517, #3473, #2834 ) ),
 .UNSPECIFIED., .F., .F., .F.,
 ( 2, 1, 2 ),
 ( 4, 2, 2, 2, 2, 2, 2, 2, 2, 2, 2, 2, 4 ),
 ( -0.4629514413311706100, 0.000000000000000000, 1.000000000000000000 ),
 ( 0.5000000000000000000, 0.5625000000000000000, 0.6250000000000000000, 0.6562500000000000000, 0.6875000000000000000, 0.7187500000000000000, 0.7500000000000000000, 0.7812500000000000000, 0.8125000000000000000, 0.8437500000000000000, 0.8750000000000000000, 0.9375000000000000000, 1.000000000000000000 ),
 .UNSPECIFIED. ) ;
#783 = CARTESIAN_POINT ( 'NONE',  ( 25.24369829586041547, 0.1241251769155454626, -13.85144260025133356 ) ) ;
#784 = CARTESIAN_POINT ( 'NONE',  ( -6.547472958451974634, 3.364816845066172846, -51.30176275804680586 ) ) ;
#785 = CARTESIAN_POINT ( 'NONE',  ( 43.22319719207167310, 3.721175811016600221, -1.942847061242706230 ) ) ;
#786 = B_SPLINE_SURFACE_WITH_KNOTS ( 'NONE', 3, 3, ( 
 ( #3266, #514, #176, #1550, #2918, #4299, #1216, #2584, #2621, #3986, #3966, #873, #3627, #535, #1898, #895, #3284, #195, #4319, #1678, #1701, #4424, #1324, #665, #4355, #1985, #2033, #328 ),
 ( #2710, #3372, #690, #4024, #4050, #644, #4119, #1375, #1278, #622, #1350, #2732, #1634, #2665, #1302, #2376, #4378, #943, #3082, #2299, #2353, #2642, #3782, #1034, #3688, #4096, #3006, #4447 ),
 ( #3443, #2687, #2398, #3757, #3057, #2056, #966, #1656, #351, #3733, #2323, #1722, #4400, #2010, #3398, #306, #1962, #3709, #1013, #283, #597, #3348, #260, #3031, #4072, #3420, #988, #1465 ),
 ( #3105, #735, #780, #3532, #465, #2491, #4226, #3832, #2825, #1081, #4206, #84, #2098, #1126, #2752, #1768, #2777, #3876, #1442, #2144, #1104, #4139, #3485, #1397, #802, #2419, #1421, #2120 ) ),
 .UNSPECIFIED., .F., .F., .F.,
 ( 4, 4 ),
 ( 4, 3, 3, 3, 3, 3, 3, 3, 3, 4 ),
 ( 0.000000000000000000, 1.000000000000000222 ),
 ( 0.6504051016548137998, 0.6941044639479621026, 0.7378038262411104053, 0.7596535073876845567, 0.7815031885342587081, 0.8252025508274068999, 0.8689019131205550917, 0.9126012754137033944, 0.9563006377068516972, 1.000000000000000000 ),
 .UNSPECIFIED. ) ;
#787 = CARTESIAN_POINT ( 'NONE',  ( -6.752412101283785439, 0.9045391230513388781, -46.28098990103372756 ) ) ;
#788 = CARTESIAN_POINT ( 'NONE',  ( -42.17914332797226962, 0.000000000000000000, 10.01839676894246267 ) ) ;
#789 = CARTESIAN_POINT ( 'NONE',  ( 17.32273090089482892, 0.000000000000000000, 34.69958316685585231 ) ) ;
#790 = CARTESIAN_POINT ( 'NONE',  ( -32.79676660491672635, -0.1654529541937892478, -10.16232477077223706 ) ) ;
#791 = EDGE_CURVE ( 'NONE', #709, #1998, #738, .T. ) ;
#792 = CARTESIAN_POINT ( 'NONE',  ( 8.445605399071833830, 4.000000000000000888, -3.772157519228485523 ) ) ;
#793 = ORIENTED_EDGE ( 'NONE', *, *, #1932, .F. ) ;
#794 = CARTESIAN_POINT ( 'NONE',  ( 2.279080936878813635, -0.4330127018922192428, -44.89836744182695583 ) ) ;
#795 = CARTESIAN_POINT ( 'NONE',  ( -14.05756569039994019, 0.000000000000000000, -14.64356492143954824 ) ) ;
#796 = DIRECTION ( 'NONE',  ( 0.000000000000000000, 1.000000000000000000, 0.000000000000000000 ) ) ;
#797 = CARTESIAN_POINT ( 'NONE',  ( 24.21215369810371598, 0.1770895378709249068, -13.58636087260091507 ) ) ;
#798 = CARTESIAN_POINT ( 'NONE',  ( 8.882402799296903240, 1.199611228231066029, 0.9149716304823682922 ) ) ;
#799 = CARTESIAN_POINT ( 'NONE',  ( 21.70573767281089417, 2.379718832157573072, -11.08078010019951520 ) ) ;
#800 = CARTESIAN_POINT ( 'NONE',  ( 15.14757345745624484, 0.000000000000000000, -39.71048206910849387 ) ) ;
#801 = CARTESIAN_POINT ( 'NONE',  ( 45.72161969956091099, 5.036980172459246674, 22.76357145679599725 ) ) ;
#802 = CARTESIAN_POINT ( 'NONE',  ( 47.45671901722832331, 3.571205789718006507, 19.60213561074173683 ) ) ;
#803 = CARTESIAN_POINT ( 'NONE',  ( -7.058297457664124863, 0.6298780529113207072, 3.484336560206366062 ) ) ;
#804 = CARTESIAN_POINT ( 'NONE',  ( -38.98335872029804250, -0.6334765563479118899, 22.50705265108005548 ) ) ;
#805 = ORIENTED_EDGE ( 'NONE', *, *, #2759, .F. ) ;
#806 = CARTESIAN_POINT ( 'NONE',  ( -18.93461819294979520, 4.556223057690526268, -10.31876708781053154 ) ) ;
#807 = CARTESIAN_POINT ( 'NONE',  ( -28.99076313918289571, 0.1927552366036827391, -13.66251290399057794 ) ) ;
#808 = FACE_OUTER_BOUND ( 'NONE', #1025, .T. ) ;
#809 = CARTESIAN_POINT ( 'NONE',  ( -25.87127539196823278, 0.000000000000000000, -13.21077068254179387 ) ) ;
#810 = CARTESIAN_POINT ( 'NONE',  ( -1.010339389992203296, 3.924907980496705751, 23.76194411430276432 ) ) ;
#811 = CARTESIAN_POINT ( 'NONE',  ( 23.65098354464089780, 0.5784607886072518079, -12.21882114501318206 ) ) ;
#812 = CARTESIAN_POINT ( 'NONE',  ( -24.92568795819654426, 4.135015998259097714, -22.96765256594903093 ) ) ;
#813 = CARTESIAN_POINT ( 'NONE',  ( -4.538297155347616574, 1.980116227749704638, -8.455708528803883794 ) ) ;
#814 = ORIENTED_EDGE ( 'NONE', *, *, #3439, .T. ) ;
#815 = EDGE_CURVE ( 'NONE', #2707, #2668, #2332, .T. ) ;
#816 = CARTESIAN_POINT ( 'NONE',  ( -1.289592880145927989, -0.1523058522210224697, 27.11219620338941638 ) ) ;
#817 = CARTESIAN_POINT ( 'NONE',  ( 8.512106349331771682, -0.1414115976327451618, 33.60769671791379665 ) ) ;
#818 = CARTESIAN_POINT ( 'NONE',  ( -35.91339308203756531, 1.172131217601791731, -7.705254568644131830 ) ) ;
#819 = CARTESIAN_POINT ( 'NONE',  ( 8.369675398943128286, 0.2757340078916888926, 2.707885300263944472 ) ) ;
#820 = DIRECTION ( 'NONE',  ( 0.000000000000000000, 0.000000000000000000, 1.000000000000000000 ) ) ;
#821 = CARTESIAN_POINT ( 'NONE',  ( 20.21042537624752455, 3.208497710799453895, -10.22854785860640447 ) ) ;
#822 = CARTESIAN_POINT ( 'NONE',  ( 4.198503171720427751, 0.000000000000000000, 22.44524969536950465 ) ) ;
#823 = CARTESIAN_POINT ( 'NONE',  ( -19.59684997947520912, 0.000000000000000000, -4.965609941221869050 ) ) ;
#824 = CARTESIAN_POINT ( 'NONE',  ( 10.92563846174401476, 0.000000000000000000, 33.85738996994929551 ) ) ;
#825 = B_SPLINE_CURVE_WITH_KNOTS ( 'NONE', 3,
 ( #839, #2201, #505, #1543, #2910, #4290, #1205, #4309, #2575, #1229, #2593, #2633, #2022, #2339, #1001, #931 ),
 .UNSPECIFIED., .F., .F.,
 ( 4, 2, 2, 2, 2, 2, 2, 4 ),
 ( 0.7176406752607435990, 0.7529355908531506492, 0.7882305064455576993, 0.8235254220379647494, 0.8588203376303717995, 0.8941152532227788496, 0.9294101688151858998, 1.000000000000000000 ),
 .UNSPECIFIED. ) ;
#826 = CARTESIAN_POINT ( 'NONE',  ( 24.39233350091004127, 0.7005815837744830965, -14.82473854926398538 ) ) ;
#827 = ORIENTED_EDGE ( 'NONE', *, *, #3250, .T. ) ;
#828 = CARTESIAN_POINT ( 'NONE',  ( -12.08324795378838523, 4.999772986925578699, -47.88839204350299639 ) ) ;
#829 = CARTESIAN_POINT ( 'NONE',  ( -7.708690739713313533, 0.4078338350217737274, -13.24373410813222129 ) ) ;
#830 = CARTESIAN_POINT ( 'NONE',  ( -21.22849105835794958, 3.656130625031412062, -40.35259064004404195 ) ) ;
#831 = CARTESIAN_POINT ( 'NONE',  ( 3.599224624581436771, 0.000000000000000000, 30.53949646112303284 ) ) ;
#832 = CARTESIAN_POINT ( 'NONE',  ( -0.9630845905853466782, 0.4529830495553172631, 27.95521182873843102 ) ) ;
#833 = CARTESIAN_POINT ( 'NONE',  ( 22.15476510283419387, 4.000000000000000888, -16.00524952440946791 ) ) ;
#834 = CARTESIAN_POINT ( 'NONE',  ( 0.6532628597009936255, 3.773757559116301064, 25.21438466831006764 ) ) ;
#835 = CARTESIAN_POINT ( 'NONE',  ( 28.26176971309440944, 4.362226676716408846, -11.39685794056823021 ) ) ;
#836 = CARTESIAN_POINT ( 'NONE',  ( -48.25608096011775672, 3.592166164976079212, 10.16631255055848015 ) ) ;
#837 = CARTESIAN_POINT ( 'NONE',  ( -20.97315227212061117, 1.640149105269551821, -13.90725824567032021 ) ) ;
#838 = CARTESIAN_POINT ( 'NONE',  ( -39.62468259755863187, 2.439968474820142674, -5.015289856649117972 ) ) ;
#839 = CARTESIAN_POINT ( 'NONE',  ( -0.6272942347828713849, 0.1650327200318210674, 28.76944659893035450 ) ) ;
#840 = CARTESIAN_POINT ( 'NONE',  ( 24.95564846465527609, 1.156765430495782176, -12.95389898364284420 ) ) ;
#841 = CARTESIAN_POINT ( 'NONE',  ( 24.37650071063609047, 0.000000000000000000, -15.79979637647686808 ) ) ;
#842 = CARTESIAN_POINT ( 'NONE',  ( -0.3611638784259839086, 4.000000000000000888, 3.934117389604652182 ) ) ;
#843 = CARTESIAN_POINT ( 'NONE',  ( -12.41338555689177525, 0.000000000000000000, 1.537408016335095606 ) ) ;
#844 = CARTESIAN_POINT ( 'NONE',  ( 15.70268091791375475, 0.000000000000000000, 34.64806624685800784 ) ) ;
#845 = CARTESIAN_POINT ( 'NONE',  ( 21.53740801634687330, 4.000000000000000888, -14.51481767337769035 ) ) ;
#846 = EDGE_CURVE ( 'NONE', #2690, #468, #148, .T. ) ;
#847 = CARTESIAN_POINT ( 'NONE',  ( 5.816451982249059682, 0.3642118461359218906, 19.58505462066638358 ) ) ;
#848 = VERTEX_POINT ( 'NONE', #170 ) ;
#849 = CARTESIAN_POINT ( 'NONE',  ( 33.04576264580757083, 4.166846469649452267, -10.02548382281738704 ) ) ;
#850 = CARTESIAN_POINT ( 'NONE',  ( 0.000000000000000000, 4.000000000000000888, -51.57657067210246282 ) ) ;
#851 = CARTESIAN_POINT ( 'NONE',  ( -36.22327248838553260, -0.2455319565177236929, -6.572852476304614555 ) ) ;
#852 = CARTESIAN_POINT ( 'NONE',  ( 23.32401777356514216, 3.670827089464846704, 38.54155199015512068 ) ) ;
#853 = CARTESIAN_POINT ( 'NONE',  ( 7.844821700319167590, 4.165236993475460281, 33.62568475631881171 ) ) ;
#854 = DIRECTION ( 'NONE',  ( 0.000000000000000000, 0.000000000000000000, 1.000000000000000000 ) ) ;
#855 = CARTESIAN_POINT ( 'NONE',  ( 12.41338555689021383, 0.000000000000000000, -41.53740801636006097 ) ) ;
#856 = CARTESIAN_POINT ( 'NONE',  ( 23.58843342048944436, 0.6609699044577567184, -12.18640781948481155 ) ) ;
#857 = CARTESIAN_POINT ( 'NONE',  ( -20.45383762892998902, 4.352813373152424781, -12.55114656536402507 ) ) ;
#858 = CARTESIAN_POINT ( 'NONE',  ( -21.53740801633509960, 4.000000000000000888, -14.51481767338093043 ) ) ;
#859 = CIRCLE ( 'NONE', #1862, 7.000000000000000000 ) ;
#860 = CARTESIAN_POINT ( 'NONE',  ( -33.04310806878054763, 4.165236993476528760, -10.01902749752800759 ) ) ;
#861 = CARTESIAN_POINT ( 'NONE',  ( 18.93109855748732429, 3.449142520382708632, -43.53454155480375931 ) ) ;
#862 = CARTESIAN_POINT ( 'NONE',  ( -13.40851118920745755, 1.716952328755966040, -13.10427917895716199 ) ) ;
#863 = CARTESIAN_POINT ( 'NONE',  ( -41.56061413197535614, 0.9894639583654326609, -0.5175182972828453742 ) ) ;
#864 = CARTESIAN_POINT ( 'NONE',  ( -13.42368464850066090, 0.3694572980214752556, -14.74816509919249796 ) ) ;
#865 = CARTESIAN_POINT ( 'NONE',  ( 36.70430691594323491, 0.9045391230513366576, 28.98825536704974937 ) ) ;
#866 = CARTESIAN_POINT ( 'NONE',  ( 44.88312679307052377, 3.566987298107781701, 25.91328533605081574 ) ) ;
#867 = CARTESIAN_POINT ( 'NONE',  ( -7.246536270349990261E-14, 1.499999999999999556, -0.6622138793585634620 ) ) ;
#868 = CARTESIAN_POINT ( 'NONE',  ( -24.97414574566097301, -0.1130953150729010204, -23.29144195942113882 ) ) ;
#869 = DIRECTION ( 'NONE',  ( -0.000000000000000000, 1.000000000000000000, -0.000000000000000000 ) ) ;
#870 = ORIENTED_EDGE ( 'NONE', *, *, #3909, .T. ) ;
#871 = EDGE_CURVE ( 'NONE', #3446, #3079, #614, .T. ) ;
#872 = CARTESIAN_POINT ( 'NONE',  ( -17.97747423978390913, 3.097085977510638077, -11.16120027383695401 ) ) ;
#873 = CARTESIAN_POINT ( 'NONE',  ( 33.05774832427908905, -0.1284540776739734880, -9.627587193830400736 ) ) ;
#874 = CARTESIAN_POINT ( 'NONE',  ( 0.1835480177486779052, 4.364211846136273998, 23.04915623580378536 ) ) ;
#875 = DIRECTION ( 'NONE',  ( 0.000000000000000000, 1.000000000000000000, 0.000000000000000000 ) ) ;
#876 = CARTESIAN_POINT ( 'NONE',  ( 0.6426929577582861652, 4.352813373152731202, 23.98911627421633597 ) ) ;
#877 = CARTESIAN_POINT ( 'NONE',  ( 3.226463661653574011, 0.000000000000000000, -44.64836744182695583 ) ) ;
#878 = CARTESIAN_POINT ( 'NONE',  ( 24.64836744182696293, 4.000000000000000888, -28.54143504090020045 ) ) ;
#879 = CARTESIAN_POINT ( 'NONE',  ( -20.22623667710190887, 4.429495853414189277, -11.40373475848209495 ) ) ;
#880 = CARTESIAN_POINT ( 'NONE',  ( -1.255815364926365474, 0.2480385432313132466, 26.87224839117861563 ) ) ;
#881 = CARTESIAN_POINT ( 'NONE',  ( 0.000000000000000000, 3.367350301373100763, -51.94183114590744310 ) ) ;
#882 = CARTESIAN_POINT ( 'NONE',  ( -13.25559928707422230, 0.3709077800615037668, -14.72430636012826710 ) ) ;
#883 = CARTESIAN_POINT ( 'NONE',  ( -42.51769430765263991, 0.9682597702145092633, 1.583387031568327830 ) ) ;
#884 = CARTESIAN_POINT ( 'NONE',  ( 3.226463661652979376, 0.000000000000000000, 4.648367441826950497 ) ) ;
#885 = CARTESIAN_POINT ( 'NONE',  ( 22.63010054718747810, 0.9682597702145092633, 36.02970986498392847 ) ) ;
#886 = CARTESIAN_POINT ( 'NONE',  ( 44.66662044212441174, 4.000000000000000888, 25.78828533605081574 ) ) ;
#887 = DIRECTION ( 'NONE',  ( 0.000000000000000000, 0.000000000000000000, 1.000000000000000000 ) ) ;
#888 = CARTESIAN_POINT ( 'NONE',  ( 0.000000000000000000, -0.4330127018922192983, -44.89836744182695583 ) ) ;
#889 = CARTESIAN_POINT ( 'NONE',  ( -7.584555537208929721, 4.000000000000000888, -5.507264684354777451 ) ) ;
#890 = CARTESIAN_POINT ( 'NONE',  ( 12.41338555689021383, 4.000000000000000888, -48.46561124663557507 ) ) ;
#891 = CARTESIAN_POINT ( 'NONE',  ( 0.5019193646426094446, 4.000000000000000888, 22.91827650212700718 ) ) ;
#892 = VERTEX_POINT ( 'NONE', #2890 ) ;
#893 = CARTESIAN_POINT ( 'NONE',  ( -12.08324795167759547, 3.000227013453296010, -5.968014416851667114 ) ) ;
#894 = CARTESIAN_POINT ( 'NONE',  ( 44.66662044212441174, 4.000000000000000888, 25.78828533605081574 ) ) ;
#895 = CARTESIAN_POINT ( 'NONE',  ( 38.33844325840706802, -0.3097172936737732640, -3.611054369671038877 ) ) ;
#896 = CARTESIAN_POINT ( 'NONE',  ( -1.057824367504486718, 4.629055892204065437, 6.948568108562364287 ) ) ;
#897 = CARTESIAN_POINT ( 'NONE',  ( -8.947896898315452319, 3.574115799773070368, -50.28739186042683684 ) ) ;
#898 = CARTESIAN_POINT ( 'NONE',  ( 31.18319712573858027, 3.602584139295978538, 37.25502429285484141 ) ) ;
#899 = B_SPLINE_CURVE_WITH_KNOTS ( 'NONE', 3,
 ( #2883, #4262, #161, #1180, #834, #2197, #4284, #1153, #21, #42, #1108, #112, #1819, #1728, #1086, #1797, #3198, #2081 ),
 .UNSPECIFIED., .F., .F.,
 ( 4, 2, 2, 2, 2, 2, 2, 2, 4 ),
 ( -6.000000000020356048E-08, 0.0008115966818714473669, 0.001623253363742894161, 0.002434910045614341063, 0.003246566727485787965, 0.004869880091228681769, 0.005681536773100129105, 0.006087365114035853640, 0.006493193454971577308 ),
 .UNSPECIFIED. ) ;
#900 = EDGE_CURVE ( 'NONE', #892, #1016, #3622, .T. ) ;
#901 = VERTEX_POINT ( 'NONE', #2268 ) ;
#902 = FACE_BOUND ( 'NONE', #3054, .T. ) ;
#903 = CARTESIAN_POINT ( 'NONE',  ( -22.86179076192242832, 4.298219038349992971, -16.42776822574604978 ) ) ;
#904 = EDGE_CURVE ( 'NONE', #468, #111, #177, .T. ) ;
#905 = CARTESIAN_POINT ( 'NONE',  ( -42.37540389903652027, 3.641267524912142672, -3.241537494098225114 ) ) ;
#906 = CARTESIAN_POINT ( 'NONE',  ( 19.99502896563553023, 4.532128765940481863, -11.58658848523588958 ) ) ;
#907 = CARTESIAN_POINT ( 'NONE',  ( -23.06492630063487326, 4.330690563167073570, -11.55669567195223557 ) ) ;
#908 = CARTESIAN_POINT ( 'NONE',  ( -44.28776061473297432, 0.9120369753702181059, 12.79890871690744447 ) ) ;
#909 = CIRCLE ( 'NONE', #1842, 8.000000000000000000 ) ;
#910 = CARTESIAN_POINT ( 'NONE',  ( -0.5744686599914499148, 3.000589852481740483, 24.63174829952401623 ) ) ;
#911 = CARTESIAN_POINT ( 'NONE',  ( 20.25114894969076573, 3.140599945678346661, -10.16724503093875676 ) ) ;
#912 = FACE_OUTER_BOUND ( 'NONE', #239, .T. ) ;
#913 = CARTESIAN_POINT ( 'NONE',  ( 0.000000000000000000, -0.6334765563479379802, -45.01410530215976280 ) ) ;
#914 = CARTESIAN_POINT ( 'NONE',  ( -7.524386849347671991, 4.178608615502814594, -5.600239047487925781 ) ) ;
#915 = CARTESIAN_POINT ( 'NONE',  ( 21.09653058669236358, 4.352813373152419452, -11.43796970885366449 ) ) ;
#916 = ORIENTED_EDGE ( 'NONE', *, *, #1511, .T. ) ;
#917 = CARTESIAN_POINT ( 'NONE',  ( -23.32372461246254502, 4.270841014169398875, -29.99797944665550276 ) ) ;
#918 = CARTESIAN_POINT ( 'NONE',  ( 32.81649953964661393, 4.000000000000000888, 36.43752606953968609 ) ) ;
#919 = CARTESIAN_POINT ( 'NONE',  ( 2.412372459920109957, 0.000000000000000000, -5.118383216292327731 ) ) ;
#920 = CARTESIAN_POINT ( 'NONE',  ( -0.3826263632530427228, 4.377030584420796622, 21.50717612244624988 ) ) ;
#921 = CARTESIAN_POINT ( 'NONE',  ( 41.31499321943151415, -0.3842063484356832426, 2.849381065894061482 ) ) ;
#922 = ORIENTED_EDGE ( 'NONE', *, *, #2495, .T. ) ;
#923 = B_SPLINE_CURVE_WITH_KNOTS ( 'NONE', 3,
 ( #663, #2685, #326, #4445, #3755, #688, #2730, #4422, #2054, #3707, #1348, #349, #1983, #1010, #1418, #3172 ),
 .UNSPECIFIED., .F., .F.,
 ( 4, 2, 2, 2, 2, 2, 2, 4 ),
 ( 0.000000000000000000, 0.07058983118480541274, 0.1058847467772081052, 0.1411796623696107977, 0.1764745779620134625, 0.2117694935544161550, 0.2470644091468188197, 0.2823593247392215400 ),
 .UNSPECIFIED. ) ;
#924 = CARTESIAN_POINT ( 'NONE',  ( 47.33686730631260531, 4.000000000000000888, 19.88021993944242638 ) ) ;
#925 = CARTESIAN_POINT ( 'NONE',  ( -32.77057571725870844, 4.000000000000000888, -9.356188372658447605 ) ) ;
#926 = CARTESIAN_POINT ( 'NONE',  ( -1.239665007572155364, 1.418313561537626555, 27.91535337739773226 ) ) ;
#927 = EDGE_CURVE ( 'NONE', #1445, #1959, #767, .T. ) ;
#928 = CARTESIAN_POINT ( 'NONE',  ( -3.298571388933985382, 3.012506970491279468, 7.731801598330779512 ) ) ;
#929 = CARTESIAN_POINT ( 'NONE',  ( 18.56975491621221863, 4.000000000000000888, -43.21650384066160910 ) ) ;
#930 = CARTESIAN_POINT ( 'NONE',  ( 6.669763388178822971, -1.445880649526403383, -44.84161594450310417 ) ) ;
#931 = CARTESIAN_POINT ( 'NONE',  ( -38.88312679307018982, -0.4330127018922192428, 22.44918372091366265 ) ) ;
#932 = CARTESIAN_POINT ( 'NONE',  ( -25.18052943364584806, 0.04836161218910126763, -18.60500648703940030 ) ) ;
#933 = CIRCLE ( 'NONE', #1647, 1.000000000000000888 ) ;
#934 = CARTESIAN_POINT ( 'NONE',  ( 3.226052376870271132, 1.476481779645549608, 30.59388963595592870 ) ) ;
#935 = CARTESIAN_POINT ( 'NONE',  ( -0.6619574303229943668, 2.211197959513295341, 27.38583278039631352 ) ) ;
#936 = CARTESIAN_POINT ( 'NONE',  ( -6.567233625601759606, 1.223094314793156778, 19.89369452337644972 ) ) ;
#937 = CARTESIAN_POINT ( 'NONE',  ( -0.07549922656347579641, 1.589084324994957553, 27.23342303182738888 ) ) ;
#938 = CARTESIAN_POINT ( 'NONE',  ( 19.16555386381843817, 0.3736482824146086790, -3.856079547117749140 ) ) ;
#939 = CARTESIAN_POINT ( 'NONE',  ( 38.83951932309300048, 0.000000000000000000, -2.445249695372679444 ) ) ;
#940 = CARTESIAN_POINT ( 'NONE',  ( -0.07045149548377815929, 4.000000000000000888, 21.40183080943991811 ) ) ;
#941 = ORIENTED_EDGE ( 'NONE', *, *, #264, .T. ) ;
#942 = CARTESIAN_POINT ( 'NONE',  ( -44.88312679307017561, 3.566987298107781701, 25.91328533605144457 ) ) ;
#943 = CARTESIAN_POINT ( 'NONE',  ( 42.51769430763826563, 0.9682597702143982410, 1.583387031556564795 ) ) ;
#944 = CARTESIAN_POINT ( 'NONE',  ( -14.03170691968136552, 0.5328242452545151053, -14.98766186222130692 ) ) ;
#945 = CARTESIAN_POINT ( 'NONE',  ( 31.88565554438439165, -0.08064016738980173127, -10.58190788459602416 ) ) ;
#946 = ORIENTED_EDGE ( 'NONE', *, *, #3103, .F. ) ;
#947 = CARTESIAN_POINT ( 'NONE',  ( -1.230829638625222655, 0.9114162013755925384, 26.30986945489751250 ) ) ;
#948 = FACE_OUTER_BOUND ( 'NONE', #3760, .T. ) ;
#949 = CARTESIAN_POINT ( 'NONE',  ( 24.88205943688037536, 1.476481779645539394, -18.09078813028688870 ) ) ;
#950 = CARTESIAN_POINT ( 'NONE',  ( -0.5116247531272464233, 0.6298780531421906970, -7.854833184866237161 ) ) ;
#951 = CARTESIAN_POINT ( 'NONE',  ( -15.14757345745100992, 0.000000000000000000, -39.71048206913609846 ) ) ;
#952 = CARTESIAN_POINT ( 'NONE',  ( -19.25559928707420809, 4.370907780061504155, -11.26020474499048696 ) ) ;
#953 = CARTESIAN_POINT ( 'NONE',  ( -41.62468259755951294, 3.773301808153482373, -3.860589318269353587 ) ) ;
#954 = CARTESIAN_POINT ( 'NONE',  ( -21.43408715659530728, 4.000000000000000888, -14.66027664701269373 ) ) ;
#955 = EDGE_LOOP ( 'NONE', ( #1591, #2178 ) ) ;
#956 = EDGE_CURVE ( 'NONE', #111, #3209, #2805, .T. ) ;
#957 = CARTESIAN_POINT ( 'NONE',  ( 24.63010054718721165, 2.301593103547878272, 37.18441040336307424 ) ) ;
#958 = CARTESIAN_POINT ( 'NONE',  ( 0.6545583285012945840, 1.482198053375579194, 27.99577083580880554 ) ) ;
#959 = CARTESIAN_POINT ( 'NONE',  ( 26.93232541165500749, -0.4078338350237947219, 33.24373410812365393 ) ) ;
#960 = CARTESIAN_POINT ( 'NONE',  ( -33.22806039692704871, 0.9120369753700446891, 31.95487141062902126 ) ) ;
#961 = CARTESIAN_POINT ( 'NONE',  ( 19.16555386381843817, 1.706981615747943604, -6.165480623876253397 ) ) ;
#962 = CARTESIAN_POINT ( 'NONE',  ( -2.708535119204587449, 0.2931428462894978271, -9.265919906766249881 ) ) ;
#963 = ORIENTED_EDGE ( 'NONE', *, *, #4316, .F. ) ;
#964 = CARTESIAN_POINT ( 'NONE',  ( 5.498080635355004020, 0.000000000000000000, 19.45417488698899788 ) ) ;
#965 = CARTESIAN_POINT ( 'NONE',  ( -23.38463285338938391, 1.607286617591451749, -14.93368495172835786 ) ) ;
#966 = CARTESIAN_POINT ( 'NONE',  ( 32.18815166941389094, 2.732793873674815188, -10.36401375760132026 ) ) ;
#967 = CARTESIAN_POINT ( 'NONE',  ( -1.988219128893215393, 0.1774017895977365311, -9.439900694542295412 ) ) ;
#968 = CARTESIAN_POINT ( 'NONE',  ( 37.19300001900918318, -0.2772915614409292018, -5.389347797280750640 ) ) ;
#969 = ORIENTED_EDGE ( 'NONE', *, *, #2792, .T. ) ;
#970 = CARTESIAN_POINT ( 'NONE',  ( -3.010371861464197885, 3.094315658757210930, 6.984541047853960016 ) ) ;
#971 = LINE ( 'NONE', #1041, #432 ) ;
#972 = CARTESIAN_POINT ( 'NONE',  ( 19.14899315881351072, 0.3737978347273034352, -3.839556576703091917 ) ) ;
#973 = CARTESIAN_POINT ( 'NONE',  ( 24.15570972197992461, 1.106635141486794982, -29.49893574129696816 ) ) ;
#974 = CARTESIAN_POINT ( 'NONE',  ( 23.88799282133965107, 0.3028732389140416092, -14.50609604025195765 ) ) ;
#975 = CARTESIAN_POINT ( 'NONE',  ( -23.72838131656947169, 0.4529830495549773128, -14.81166163580896900 ) ) ;
#976 = CARTESIAN_POINT ( 'NONE',  ( -26.60987406007428646, 3.462688081352686797, 38.45596708477764736 ) ) ;
#977 = CARTESIAN_POINT ( 'NONE',  ( 3.259654271361672961, -0.4330127018922192428, -44.89836744182695583 ) ) ;
#978 = CARTESIAN_POINT ( 'NONE',  ( 23.31638676192145709, 4.485619921493784190, -11.79293885786310980 ) ) ;
#979 = CARTESIAN_POINT ( 'NONE',  ( -0.7809899174356340623, 4.000000000000000888, 8.303836240335392915 ) ) ;
#980 = CARTESIAN_POINT ( 'NONE',  ( 6.172123319250684581, -0.05739846856187472840, 32.60231048427755240 ) ) ;
#981 = B_SPLINE_CURVE_WITH_KNOTS ( 'NONE', 3,
 ( #2000, #1648, #1713, #3021, #7, #4391, #2678, #296, #3046, #4415, #1340, #2025, #3412, #2389 ),
 .UNSPECIFIED., .F., .F.,
 ( 4, 2, 2, 2, 2, 2, 4 ),
 ( -6.000000000417439800E-08, 0.001631558226774141966, 0.003263176453548287913, 0.004894794680322432992, 0.005710603793709506833, 0.006118508350403040717, 0.006526412907096573734 ),
 .UNSPECIFIED. ) ;
#982 = CARTESIAN_POINT ( 'NONE',  ( -29.22868746503480963, -0.4140457171050578311, 31.89894560823065106 ) ) ;
#983 = CIRCLE ( 'NONE', #1554, 1.000000000000000000 ) ;
#984 = CARTESIAN_POINT ( 'NONE',  ( 16.37231509265392049, 0.3988727708984291520, -1.069205363147419874 ) ) ;
#985 = CARTESIAN_POINT ( 'NONE',  ( 4.875258380317746720, 0.000000000000000000, -11.51901124740671278 ) ) ;
#986 = ORIENTED_EDGE ( 'NONE', *, *, #3489, .T. ) ;
#987 = CARTESIAN_POINT ( 'NONE',  ( -21.83448137563131297, 1.288709383541987830, -14.02108000269086041 ) ) ;
#988 = CARTESIAN_POINT ( 'NONE',  ( 44.02266726151022169, 2.233653964774447775, 22.78484280905313142 ) ) ;
#989 = ADVANCED_FACE ( 'NONE', ( #4292 ), #1576, .F. ) ;
#990 = CARTESIAN_POINT ( 'NONE',  ( -7.824516611718285830, 0.000000000000000000, -12.97342445440688863 ) ) ;
#991 = CARTESIAN_POINT ( 'NONE',  ( -2.188650226374853069, 0.000000000000000000, -9.457005697562514968 ) ) ;
#992 = EDGE_LOOP ( 'NONE', ( #1765, #2379, #2089, #272, #3327, #295, #3706 ) ) ;
#993 = CARTESIAN_POINT ( 'NONE',  ( -0.5040165212588595400, 1.609718510376493716, 26.62817780145568491 ) ) ;
#994 = CARTESIAN_POINT ( 'NONE',  ( 42.17914332797094801, 0.000000000000000000, 10.01839676893923325 ) ) ;
#995 = CARTESIAN_POINT ( 'NONE',  ( -22.29648644778525579, -0.3097172936737703219, -31.39653861849329175 ) ) ;
#996 = CARTESIAN_POINT ( 'NONE',  ( 11.53776535295090966, 0.4196940209638514441, 2.172935469788862761 ) ) ;
#997 = CARTESIAN_POINT ( 'NONE',  ( 2.279080936878813635, 0.9003206314411142941, -47.20776851858546053 ) ) ;
#998 = CARTESIAN_POINT ( 'NONE',  ( -29.71537768963353798, 4.000000000000000888, -10.39328835480525726 ) ) ;
#999 = CARTESIAN_POINT ( 'NONE',  ( -44.98602642537356644, 3.361188033500991157, 25.97269446646132351 ) ) ;
#1000 = CARTESIAN_POINT ( 'NONE',  ( -48.02410729034956915, 3.574115799773056601, 17.39458990582713938 ) ) ;
#1001 = CARTESIAN_POINT ( 'NONE',  ( -37.04236836836344793, -0.4330127018922192428, 25.63747083696616258 ) ) ;
#1002 = CARTESIAN_POINT ( 'NONE',  ( -7.062636718079144948, 0.4272963472878862357, 4.916241336665039263 ) ) ;
#1003 = CARTESIAN_POINT ( 'NONE',  ( 13.12289344242318911, 3.908396024574564365, 36.47235476161006318 ) ) ;
#1004 = CARTESIAN_POINT ( 'NONE',  ( 0.6541904204007311652, 3.737646484440211747, 25.30937084172412455 ) ) ;
#1005 = CARTESIAN_POINT ( 'NONE',  ( -40.88312679307018271, 0.9003206314411142941, 23.60388425929292211 ) ) ;
#1006 = CARTESIAN_POINT ( 'NONE',  ( 32.93232541165525618, 3.592166164976079212, 36.70783572326114097 ) ) ;
#1007 = CARTESIAN_POINT ( 'NONE',  ( 17.76893447823617933, 3.052927193323184962, -7.081444608649587025 ) ) ;
#1008 = CARTESIAN_POINT ( 'NONE',  ( -22.08633335860209712, 3.400429254133511048, -13.51183067219820977 ) ) ;
#1009 = ORIENTED_EDGE ( 'NONE', *, *, #3290, .T. ) ;
#1010 = CARTESIAN_POINT ( 'NONE',  ( -28.70267297217811731, 0.04836161218896783964, -12.50447492675688999 ) ) ;
#1011 = AXIS2_PLACEMENT_3D ( 'NONE', #1241, #875, #854 ) ;
#1012 = CARTESIAN_POINT ( 'NONE',  ( -46.01587079748129128, 3.566987298107781257, 23.95131516844239172 ) ) ;
#1013 = CARTESIAN_POINT ( 'NONE',  ( 45.17629922699552480, 2.285695536737081923, 4.926844440816741333 ) ) ;
#1014 = CARTESIAN_POINT ( 'NONE',  ( -7.708690739713313533, 0.4078338350217737274, -13.24373410813222129 ) ) ;
#1015 = CARTESIAN_POINT ( 'NONE',  ( 5.729790037708560213, 4.000000000000000888, 31.02880269299680194 ) ) ;
#1016 = VERTEX_POINT ( 'NONE', #683 ) ;
#1017 = ADVANCED_FACE ( 'NONE', ( #2290 ), #3775, .T. ) ;
#1018 = CARTESIAN_POINT ( 'NONE',  ( -3.638398052257025395, 3.087129018939450908, 10.91889737719913533 ) ) ;
#1019 = CARTESIAN_POINT ( 'NONE',  ( -4.611632910095829985, 1.562814189718068292, 7.088469321510496357 ) ) ;
#1020 = CARTESIAN_POINT ( 'NONE',  ( 25.17331980778510214, -0.01358214821294103161, -20.37610534135580309 ) ) ;
#1021 = CARTESIAN_POINT ( 'NONE',  ( -28.13719601115782609, 4.000000000000000888, -10.76282662090346243 ) ) ;
#1022 = CARTESIAN_POINT ( 'NONE',  ( -2.783570130634526407, 4.000000000000000888, 27.18921415613183257 ) ) ;
#1023 = CARTESIAN_POINT ( 'NONE',  ( -46.02266726150960352, 3.566987298107781701, 23.93954334743354195 ) ) ;
#1024 = CARTESIAN_POINT ( 'NONE',  ( -7.246536270349990261E-14, 3.499999999999999556, 7.337786120641436760 ) ) ;
#1025 = EDGE_LOOP ( 'NONE', ( #1966, #740, #3343, #1924 ) ) ;
#1026 = CARTESIAN_POINT ( 'NONE',  ( -19.55206239155207371, 4.422075714473878705, -11.28838848497546898 ) ) ;
#1027 = CARTESIAN_POINT ( 'NONE',  ( -1.031170076257650559, 4.000000000000000888, 9.594983366450481554 ) ) ;
#1028 = CARTESIAN_POINT ( 'NONE',  ( -20.63010054716968256, -0.3650735631188986030, 34.87500932659806807 ) ) ;
#1029 = CARTESIAN_POINT ( 'NONE',  ( 22.47473756089040364, 4.308993915169582856, -15.70788604298728863 ) ) ;
#1030 = CARTESIAN_POINT ( 'NONE',  ( -25.24369829586448333, 0.1241251769147256462, -13.85144260024505769 ) ) ;
#1031 = ORIENTED_EDGE ( 'NONE', *, *, #1346, .F. ) ;
#1032 = CARTESIAN_POINT ( 'NONE',  ( -26.81649953967264466, 0.000000000000000000, 32.97342445441163505 ) ) ;
#1033 = CARTESIAN_POINT ( 'NONE',  ( 5.755806997822453752, 4.000000000000000888, -4.126616422853908617 ) ) ;
#1034 = CARTESIAN_POINT ( 'NONE',  ( 44.02410729035030101, 0.9074491331064030719, 15.08518882906939496 ) ) ;
#1035 = CARTESIAN_POINT ( 'NONE',  ( -31.32049076107740149, -0.05739846856187472840, -10.95593965237749856 ) ) ;
#1036 = CARTESIAN_POINT ( 'NONE',  ( -5.652916378733266356, 0.000000000000000000, 19.49599146397467564 ) ) ;
#1037 = ORIENTED_EDGE ( 'NONE', *, *, #904, .F. ) ;
#1038 = CARTESIAN_POINT ( 'NONE',  ( -23.30211130676259401, 4.000000000000000888, 38.32273686740196439 ) ) ;
#1039 = DIRECTION ( 'NONE',  ( 0.000000000000000000, 0.000000000000000000, 1.000000000000000000 ) ) ;
#1040 = EDGE_CURVE ( 'NONE', #892, #13, #392, .T. ) ;
#1041 = CARTESIAN_POINT ( 'NONE',  ( -7.246536270349990261E-14, 4.500000000000000000, -9.662213879358562352 ) ) ;
#1042 = CARTESIAN_POINT ( 'NONE',  ( 21.61895409700798609, 3.000589852481735598, -11.81836969653155833 ) ) ;
#1043 = CARTESIAN_POINT ( 'NONE',  ( 14.05292884487829141, 0.3642118461359218906, -14.82972248685329397 ) ) ;
#1044 = CARTESIAN_POINT ( 'NONE',  ( -23.24241497995272709, 0.2732552095852360807, -14.49667183328307019 ) ) ;
#1045 = CARTESIAN_POINT ( 'NONE',  ( -21.09653058668914127, 4.352813373152730314, -11.43796970885623132 ) ) ;
#1046 = CARTESIAN_POINT ( 'NONE',  ( -1.264356061678596710, 3.127784332046717353, 22.60484530667804748 ) ) ;
#1047 = EDGE_CURVE ( 'NONE', #618, #4038, #2206, .T. ) ;
#1048 = B_SPLINE_CURVE_WITH_KNOTS ( 'NONE', 3,
 ( #1552, #4258, #3563, #157, #2899, #4280, #1195, #2566, #4171, #3541 ),
 .UNSPECIFIED., .F., .F.,
 ( 4, 3, 3, 4 ),
 ( 0.000000000000000000, 0.0001260936430806121724, 0.0002521872850728382361, 0.0005008550963275608652 ),
 .UNSPECIFIED. ) ;
#1049 = CARTESIAN_POINT ( 'NONE',  ( 21.71595423797079150, -0.3291729105351812734, -32.54176467503184256 ) ) ;
#1050 = CARTESIAN_POINT ( 'NONE',  ( 21.85007029509493393, 4.000000000000000888, -11.13884339403909962 ) ) ;
#1051 = CARTESIAN_POINT ( 'NONE',  ( -42.17914332797226962, 0.000000000000000000, 10.01839676894246267 ) ) ;
#1052 = CARTESIAN_POINT ( 'NONE',  ( -13.12289344242302036, 3.908396024574524397, 36.47235476161036161 ) ) ;
#1053 = CARTESIAN_POINT ( 'NONE',  ( 24.40172774372285502, 0.2706872044682505640, -13.49150741309039780 ) ) ;
#1054 = CARTESIAN_POINT ( 'NONE',  ( 22.67508128597742001, 0.4490539079468529593, -8.817784899500187734 ) ) ;
#1055 = ORIENTED_EDGE ( 'NONE', *, *, #3433, .F. ) ;
#1056 = B_SPLINE_CURVE_WITH_KNOTS ( 'NONE', 3,
 ( #3715, #625, #3035, #2691, #1380, #2737, #4123, #1038, #3786, #2424, #3838, #2150, #2877, #1426 ),
 .UNSPECIFIED., .F., .F.,
 ( 4, 2, 2, 2, 2, 2, 4 ),
 ( 0.6571657514258246735, 0.6875000000000000000, 0.7500000000000000000, 0.8125000000000000000, 0.8750000000000000000, 0.9375000000000000000, 1.000000000000000000 ),
 .UNSPECIFIED. ) ;
#1057 = CARTESIAN_POINT ( 'NONE',  ( 0.4681828262740085345, 0.2070289076980236787, 27.79070916034267213 ) ) ;
#1058 = CARTESIAN_POINT ( 'NONE',  ( 1.974395709253385034, 4.000000000000000888, 1.139917894224262929 ) ) ;
#1059 = CARTESIAN_POINT ( 'NONE',  ( 8.541923376498967713, 0.000000000000000000, 3.125710960487616319 ) ) ;
#1060 = CARTESIAN_POINT ( 'NONE',  ( -39.03997201153804752, -0.3291729105351812734, -2.535685699986942598 ) ) ;
#1061 = CARTESIAN_POINT ( 'NONE',  ( 1.801496828271223816, 4.000000000000000888, 25.90935131051583440 ) ) ;
#1062 = EDGE_LOOP ( 'NONE', ( #1690, #1243, #3307, #423 ) ) ;
#1063 = CARTESIAN_POINT ( 'NONE',  ( 0.000000000000000000, 3.361188033496826044, -51.94538893292462944 ) ) ;
#1064 = CARTESIAN_POINT ( 'NONE',  ( -3.599392935371021007, 3.080832101596651107, 12.90834597834350461 ) ) ;
#1065 = CARTESIAN_POINT ( 'NONE',  ( -25.16333283249911190, 1.360949920690200043, -21.53112957138554862 ) ) ;
#1066 = CARTESIAN_POINT ( 'NONE',  ( 16.85491941183023457, -0.3950019760156655013, -38.49480214383959265 ) ) ;
#1067 = CARTESIAN_POINT ( 'NONE',  ( 32.35842510606655509, 0.000000000000000000, -9.594143638980664690 ) ) ;
#1068 = CARTESIAN_POINT ( 'NONE',  ( 22.35951085874676991, -1.266142134583775114, 35.31080738550363662 ) ) ;
#1069 = CARTESIAN_POINT ( 'NONE',  ( -3.576983520720347087, 3.264913603767173100, 26.66378651058304783 ) ) ;
#1070 = CARTESIAN_POINT ( 'NONE',  ( 12.55124139957085561, 0.4174760654491163625, 1.778437935114142165 ) ) ;
#1071 = ORIENTED_EDGE ( 'NONE', *, *, #3439, .F. ) ;
#1072 = CARTESIAN_POINT ( 'NONE',  ( 12.09122919716625333, 3.947406938180813896, 35.96262174927865374 ) ) ;
#1073 = EDGE_CURVE ( 'NONE', #4075, #2449, #4218, .T. ) ;
#1074 = CARTESIAN_POINT ( 'NONE',  ( -1.291133805062346651, 4.196943013177928172, 24.10802533158839367 ) ) ;
#1075 = CARTESIAN_POINT ( 'NONE',  ( 8.453209071010730824, 4.035810904366726071, -3.751508394930333168 ) ) ;
#1076 = CARTESIAN_POINT ( 'NONE',  ( -39.56061413197634380, -0.3438693749679362921, -1.672218835661503755 ) ) ;
#1077 = CARTESIAN_POINT ( 'NONE',  ( 6.516605319547418063, -0.4305529461526295676, -44.25541622164456612 ) ) ;
#1078 = ORIENTED_EDGE ( 'NONE', *, *, #4040, .F. ) ;
#1079 = CARTESIAN_POINT ( 'NONE',  ( -6.957478336324325774, 0.2140282373838820196, 5.046857428619529351 ) ) ;
#1080 = CARTESIAN_POINT ( 'NONE',  ( 42.22327248838468705, 3.754468043480995387, -3.108750861166711399 ) ) ;
#1081 = CARTESIAN_POINT ( 'NONE',  ( 37.19015862015015017, 3.947406938180770375, -7.509999226913198989 ) ) ;
#1082 = CARTESIAN_POINT ( 'NONE',  ( -38.88312679307018982, -0.4330127018922192428, 22.44918372091366265 ) ) ;
#1083 = CARTESIAN_POINT ( 'NONE',  ( -7.323056845735429476, 0.000000000000000000, 13.26294238528485003 ) ) ;
#1084 = ORIENTED_EDGE ( 'NONE', *, *, #4359, .T. ) ;
#1085 = AXIS2_PLACEMENT_3D ( 'NONE', #2570, #1162, #2529 ) ;
#1086 = CARTESIAN_POINT ( 'NONE',  ( 0.6396659711370509260, 0.6546661112658624937, 28.52847613692308570 ) ) ;
#1087 = CARTESIAN_POINT ( 'NONE',  ( -24.11161451277984469, 0.6952433938920462575, -15.34649020069383774 ) ) ;
#1088 = CARTESIAN_POINT ( 'NONE',  ( -23.54708656428894642, 1.589084324994956665, -13.68209576408385963 ) ) ;
#1089 = CARTESIAN_POINT ( 'NONE',  ( -23.84610510154228891, 0.000000000000000000, -13.76755519946923556 ) ) ;
#1090 = CARTESIAN_POINT ( 'NONE',  ( 39.03997201153092078, -0.3291729105356996365, -2.535685699991997666 ) ) ;
#1091 = CARTESIAN_POINT ( 'NONE',  ( 22.14171273065491974, 0.000000000000000000, 34.22602980468359846 ) ) ;
#1092 = CARTESIAN_POINT ( 'NONE',  ( -0.5019193646449825463, 4.000000000000000888, 22.91827650212677980 ) ) ;
#1093 = CARTESIAN_POINT ( 'NONE',  ( -15.14757345745100992, 0.000000000000000000, -0.2895179308751009706 ) ) ;
#1094 = CARTESIAN_POINT ( 'NONE',  ( -19.98993634586959800, 4.429165163580284670, -11.81621047345674569 ) ) ;
#1095 = ORIENTED_EDGE ( 'NONE', *, *, #1557, .T. ) ;
#1096 = CARTESIAN_POINT ( 'NONE',  ( -20.05756569039992243, 4.000000000000000888, -11.17946330630176632 ) ) ;
#1097 = CARTESIAN_POINT ( 'NONE',  ( -24.63010054717023678, 2.301593103547698416, 37.18441040335674330 ) ) ;
#1098 = CARTESIAN_POINT ( 'NONE',  ( -41.45671901722739250, -0.4287942102819968238, 16.13803399560336871 ) ) ;
#1099 = CARTESIAN_POINT ( 'NONE',  ( 24.30155153517828381, -0.2070289076980810217, -26.51010364099855821 ) ) ;
#1100 = ADVANCED_FACE ( 'NONE', ( #1341 ), #3516, .F. ) ;
#1101 = CARTESIAN_POINT ( 'NONE',  ( 24.01078688435037023, 0.6762407563194352544, -13.42043694121865016 ) ) ;
#1102 = CARTESIAN_POINT ( 'NONE',  ( -6.922035505572727843, 0.1427739637453909749, 5.089846393943719072 ) ) ;
#1103 = CARTESIAN_POINT ( 'NONE',  ( 46.45746813362164573, 3.635788153864012440, 3.879046994468213327 ) ) ;
#1104 = CARTESIAN_POINT ( 'NONE',  ( 48.19152135163314199, 3.593204923753173574, 10.54651955637012684 ) ) ;
#1105 = CARTESIAN_POINT ( 'NONE',  ( -1.735017846447507006, 0.3592013296776376263, 26.70618908571595540 ) ) ;
#1106 = CARTESIAN_POINT ( 'NONE',  ( -10.75302333003997468, -0.3028732389138904524, 34.50609604025323307 ) ) ;
#1107 = ORIENTED_EDGE ( 'NONE', *, *, #2677, .F. ) ;
#1108 = CARTESIAN_POINT ( 'NONE',  ( 0.6603634902468040746, 1.989322365371974044, 27.58880888711847135 ) ) ;
#1109 = CARTESIAN_POINT ( 'NONE',  ( -17.31396368141358266, 1.105426744712055820, -15.96853484691566827 ) ) ;
#1110 = CARTESIAN_POINT ( 'NONE',  ( -24.65898161360518159, 0.2664082949584929416, -14.23686967255199320 ) ) ;
#1111 = CARTESIAN_POINT ( 'NONE',  ( -8.947896898315450542, 0.9074491331064027388, -45.66858970690984165 ) ) ;
#1112 = CARTESIAN_POINT ( 'NONE',  ( 16.75516057404291814, 3.603131303258655826, -45.56139310336843806 ) ) ;
#1113 = CARTESIAN_POINT ( 'NONE',  ( 36.22327248838711711, -0.2455319565195223375, -6.572852476302483815 ) ) ;
#1114 = CARTESIAN_POINT ( 'NONE',  ( -1.247030398745428759, 3.208497710801077041, 22.61701572641928948 ) ) ;
#1115 = CARTESIAN_POINT ( 'NONE',  ( -26.54224680725223706, 4.000000000000000888, 37.95266656090223734 ) ) ;
#1116 = CARTESIAN_POINT ( 'NONE',  ( 21.38935507278714354, 0.000000000000000000, -7.648283393476278391 ) ) ;
#1117 = VERTEX_POINT ( 'NONE', #2484 ) ;
#1118 = B_SPLINE_SURFACE_WITH_KNOTS ( 'NONE', 3, 3, ( 
 ( #1893, #685, #1673, #1319, #2682, #938, #3391, #984, #1297, #2371, #3415, #2050, #2317 ),
 ( #3727, #3777, #3099, #3340, #1629, #961, #4419, #3437, #2028, #660, #2293, #2660, #346 ),
 ( #1716, #3366, #1979, #11, #3683, #591, #1007, #2346, #2638, #4019, #637, #1957, #323 ),
 ( #1695, #3752, #1029, #254, #2004, #3704, #4113, #4066, #300, #3052, #1344, #3000, #615 ) ),
 .UNSPECIFIED., .F., .F., .F.,
 ( 4, 4 ),
 ( 4, 3, 3, 3, 4 ),
 ( 0.000000000000000000, 1.000000000000000888 ),
 ( 0.2985075027187447660, 0.3362318802246603289, 0.3739562577305759472, 0.4116806352364915655, 0.4494050127424071284 ),
 .UNSPECIFIED. ) ;
#1119 = CARTESIAN_POINT ( 'NONE',  ( 0.2441930021660947414, 0.000000000000000000, -7.590718037987770117 ) ) ;
#1120 = CARTESIAN_POINT ( 'NONE',  ( -26.85492205973923774, 2.285695536737083700, 36.66040055913697415 ) ) ;
#1121 = CARTESIAN_POINT ( 'NONE',  ( 6.546672704013467126, -0.6298780531428500584, -44.37049662582162313 ) ) ;
#1122 = B_SPLINE_CURVE_WITH_KNOTS ( 'NONE', 3,
 ( #180, #3912, #478, #1537, #2922, #813, #2177, #3567, #2240, #1846 ),
 .UNSPECIFIED., .F., .F.,
 ( 4, 2, 2, 2, 4 ),
 ( 0.000000000000000000, 0.002010984928557751905, 0.004021969857115503810, 0.006032954785673253981, 0.008043939714231004151 ),
 .UNSPECIFIED. ) ;
#1123 = CARTESIAN_POINT ( 'NONE',  ( -7.246536270349990261E-14, 3.499999999999999556, -0.6622138793585634620 ) ) ;
#1124 = CARTESIAN_POINT ( 'NONE',  ( -19.01445202603702356, 3.282366990079894631, -12.33967831868299925 ) ) ;
#1125 = CARTESIAN_POINT ( 'NONE',  ( 46.71146764685621378, 4.000000000000000888, 5.526372420830458765 ) ) ;
#1126 = CARTESIAN_POINT ( 'NONE',  ( 41.62468259755689104, 3.773301808153565862, -3.860589318271308912 ) ) ;
#1127 = CARTESIAN_POINT ( 'NONE',  ( 15.67832526495866574, -0.3069506582811410977, 35.04468756560097376 ) ) ;
#1128 = CARTESIAN_POINT ( 'NONE',  ( 4.342342568920566137, 0.6334765563479118899, -2.507052651079890726 ) ) ;
#1129 = VERTEX_POINT ( 'NONE', #3869 ) ;
#1130 = EDGE_CURVE ( 'NONE', #3488, #1988, #2627, .T. ) ;
#1131 = CARTESIAN_POINT ( 'NONE',  ( -22.67946361112312914, 4.452836031781831849, -15.74380451956308313 ) ) ;
#1132 = CARTESIAN_POINT ( 'NONE',  ( 4.752674784932879426, 1.454140988372539578, -2.743958066451777533 ) ) ;
#1133 = CARTESIAN_POINT ( 'NONE',  ( -6.752412101283785439, 2.237872456384672581, -48.59039097779223226 ) ) ;
#1134 = CARTESIAN_POINT ( 'NONE',  ( 21.22849105835800998, 3.656130625032169679, -40.35259064004655016 ) ) ;
#1135 = CARTESIAN_POINT ( 'NONE',  ( 38.98335872029834803, -0.6334765563479267669, 22.50705265107951547 ) ) ;
#1136 = CARTESIAN_POINT ( 'NONE',  ( -7.584555537208929721, 4.000000000000000888, -5.507264684354777451 ) ) ;
#1137 = CARTESIAN_POINT ( 'NONE',  ( -35.25966742130296439, -0.3028732389138802938, -7.940656648825039632 ) ) ;
#1138 = CARTESIAN_POINT ( 'NONE',  ( 21.38935507278093695, 0.000000000000000000, -32.35171660652434866 ) ) ;
#1139 = ORIENTED_EDGE ( 'NONE', *, *, #708, .T. ) ;
#1140 = CARTESIAN_POINT ( 'NONE',  ( -0.3799449941624710170, 1.096550076029223497, 27.16533032485425991 ) ) ;
#1141 = CARTESIAN_POINT ( 'NONE',  ( -41.74358632463044216, 2.233653964774448220, 26.73232678629063841 ) ) ;
#1142 = CARTESIAN_POINT ( 'NONE',  ( -41.17629922700001543, -0.3809711299300828080, 2.617443364063423594 ) ) ;
#1143 = CARTESIAN_POINT ( 'NONE',  ( 23.99574710972461133, 0.3592013296776462306, -11.85052501181484352 ) ) ;
#1144 = CARTESIAN_POINT ( 'NONE',  ( 40.88312679307050246, 0.9003206314411142941, 23.60388425929234657 ) ) ;
#1145 = CARTESIAN_POINT ( 'NONE',  ( -20.46251210798566333, 3.999999999999830802, -13.18806059678619391 ) ) ;
#1146 = CARTESIAN_POINT ( 'NONE',  ( -37.05338861129669681, 0.000000000000000000, 25.11838321629402770 ) ) ;
#1147 = CARTESIAN_POINT ( 'NONE',  ( -25.37984316249255201, -0.08397117231124975878, -21.66171258956288526 ) ) ;
#1148 = CARTESIAN_POINT ( 'NONE',  ( 7.597551889461894525, -0.1654529541937823922, 33.48399542723304734 ) ) ;
#1149 = B_SPLINE_SURFACE_WITH_KNOTS ( 'NONE', 1, 3, ( 
 ( #881, #1928, #1559, #3675, #1579, #861, #3614, #4365, #1202, #605, #582, #1884, #246, #3653, #3993, #1226, #2609, #2572, #561, #906, #2926, #3973, #3952, #1950, #1266, #3332 ),
 ( #3310, #1622, #1287, #2970, #1972, #2220, #2590, #3635, #2264, #1907, #4345, #3292, #219, #2946, #3357, #2650, #4032, #654, #1289, #4435, #3092, #4409, #584, #678, #5, #1387 ),
 ( #2336, #1995, #4013, #3042, #1335, #929, #3334, #248, #179, #3948, #3566, #3928, #878, #2548, #2528, #477, #1577, #833, #1926, #2239, #2262, #4261, #1865, #4239, #1161, #3911 ) ),
 .UNSPECIFIED., .F., .F., .F.,
 ( 2, 1, 2 ),
 ( 4, 2, 2, 2, 2, 2, 2, 2, 2, 2, 2, 2, 4 ),
 ( -0.4610418952199055176, 0.000000000000000000, 1.000000000000000000 ),
 ( 0.000000000000000000, 0.06250000000000000000, 0.1250000000000000000, 0.1562500000000000000, 0.1875000000000000000, 0.2187500000000000000, 0.2500000000000000000, 0.2812500000000000000, 0.3125000000000000000, 0.3437500000000000000, 0.3750000000000000000, 0.4375000000000000000, 0.5000000000000000000 ),
 .UNSPECIFIED. ) ;
#1150 = CARTESIAN_POINT ( 'NONE',  ( 7.815793130999969307, 0.4174760652913668824, 9.980474934317077995 ) ) ;
#1151 = ORIENTED_EDGE ( 'NONE', *, *, #2601, .F. ) ;
#1152 =( BOUNDED_SURFACE ( )  B_SPLINE_SURFACE ( 3, 2, ( 
 ( #8, #2068, #4155 ),
 ( #2090, #2841, #1411 ),
 ( #1074, #4219, #2793 ),
 ( #2437, #388, #3824 ),
 ( #1390, #1761, #3141 ),
 ( #3166, #2111, #53 ),
 ( #3500, #1435, #4176 ),
 ( #1784, #1140, #2507 ),
 ( #3951, #540, #880 ),
 ( #1246, #4243, #816 ) ),
 .UNSPECIFIED., .F., .F., .T. ) 
 B_SPLINE_SURFACE_WITH_KNOTS ( ( 4, 2, 2, 2, 4 ),
 ( 3, 3 ),
 ( 0.02111462432491752195, 0.02264032671777549757, 0.02416602911063347320, 0.02569173150349145229, 0.02721743389634942792 ),
 ( 0.000000000000000000, 1.000000000000000000 ),
 .UNSPECIFIED. ) 
 GEOMETRIC_REPRESENTATION_ITEM ( )  RATIONAL_B_SPLINE_SURFACE ( (
 ( 1.000000000000000000, 0.6369429573170465320, 1.000000000000000000),
 ( 1.000000000000000000, 0.6416203579064301277, 1.000000000000000000),
 ( 1.000000000000000000, 0.6461218125811710733, 1.000000000000000000),
 ( 1.000000000000000000, 0.6539396313217505918, 1.000000000000000000),
 ( 1.000000000000000000, 0.6572893135783192120, 1.000000000000000000),
 ( 1.000000000000000000, 0.6614593883902811777, 1.000000000000000000),
 ( 1.000000000000000000, 0.6622750948291930007, 1.000000000000000000),
 ( 1.000000000000000000, 0.6584762504084059609, 1.000000000000000000),
 ( 1.000000000000000000, 0.6538596364686148910, 1.000000000000000000),
 ( 1.000000000000000000, 0.6448340714554740005, 1.000000000000000000) ) ) 
 REPRESENTATION_ITEM ( '' )  SURFACE ( )  );
#1153 = CARTESIAN_POINT ( 'NONE',  ( 0.6603170206419790578, 3.052803453733401007, 26.36177717760107342 ) ) ;
#1154 = CARTESIAN_POINT ( 'NONE',  ( 35.43965919379986218, 4.019227964613167003, -8.602484687185370404 ) ) ;
#1155 = CARTESIAN_POINT ( 'NONE',  ( -20.26116706158036251, 1.689367917183453693, -7.667497061111252954 ) ) ;
#1156 = AXIS2_PLACEMENT_3D ( 'NONE', #737, #371, #2517 ) ;
#1157 = ADVANCED_FACE ( 'NONE', ( #3478 ), #1152, .F. ) ;
#1158 = CARTESIAN_POINT ( 'NONE',  ( 21.61895409700798609, 4.333923185815068635, -14.12777077329006126 ) ) ;
#1159 = CARTESIAN_POINT ( 'NONE',  ( -1.252283264650802863, 0.000000000000000000, 26.28483823223886162 ) ) ;
#1160 = CARTESIAN_POINT ( 'NONE',  ( 20.25114894969076573, 3.140599945678346661, -10.16724503093875676 ) ) ;
#1161 = CARTESIAN_POINT ( 'NONE',  ( 3.226463661652979376, 4.000000000000000888, -2.279835788448557388 ) ) ;
#1162 = DIRECTION ( 'NONE',  ( -0.000000000000000000, 1.000000000000000000, -0.000000000000000000 ) ) ;
#1163 = ORIENTED_EDGE ( 'NONE', *, *, #1749, .T. ) ;
#1164 = FACE_OUTER_BOUND ( 'NONE', #4027, .T. ) ;
#1165 = CARTESIAN_POINT ( 'NONE',  ( -13.65529016016862762, 4.595862319255008543, -9.904256568044200293 ) ) ;
#1166 = DIRECTION ( 'NONE',  ( 0.000000000000000000, 0.000000000000000000, 1.000000000000000000 ) ) ;
#1167 = CARTESIAN_POINT ( 'NONE',  ( -35.05774832427747612, 1.204879255659286441, -8.472886655451757676 ) ) ;
#1168 = CARTESIAN_POINT ( 'NONE',  ( 19.59684997947676166, 0.000000000000000000, -4.965609941219660151 ) ) ;
#1169 = CARTESIAN_POINT ( 'NONE',  ( 23.71293105273196034, 1.100069473927966834, -13.25196175682716060 ) ) ;
#1170 = CARTESIAN_POINT ( 'NONE',  ( -0.6426929577619573397, 4.352813373152423004, 23.98911627421749415 ) ) ;
#1171 = CARTESIAN_POINT ( 'NONE',  ( 5.652916378732514069, 0.000000000000000000, 19.49599146397840599 ) ) ;
#1172 = CARTESIAN_POINT ( 'NONE',  ( -19.86938082712739728, 0.3642118461359218906, -4.755332133813244155 ) ) ;
#1173 = CARTESIAN_POINT ( 'NONE',  ( 35.06801204322468379, -0.4305529461526295676, 27.77125386398682849 ) ) ;
#1174 = CARTESIAN_POINT ( 'NONE',  ( 24.02161530914406384, 0.9163255407832211485, -13.86888606510394517 ) ) ;
#1175 = CARTESIAN_POINT ( 'NONE',  ( -3.226463661654747739, 4.000000000000000888, -51.57657067210246282 ) ) ;
#1176 = CARTESIAN_POINT ( 'NONE',  ( -18.93833523346456715, 0.000000000000000000, -14.64806624686431036 ) ) ;
#1177 = CARTESIAN_POINT ( 'NONE',  ( 24.60142449009835985, 0.1650327200322788679, -14.92797604244141674 ) ) ;
#1178 = CARTESIAN_POINT ( 'NONE',  ( -0.1431628993014445739, 0.000000000000000000, 27.46681452453687911 ) ) ;
#1179 = CARTESIAN_POINT ( 'NONE',  ( -12.40442265657568477, 0.5515774369038899394, -14.69859826385673607 ) ) ;
#1180 = CARTESIAN_POINT ( 'NONE',  ( 0.6513525326079626643, 3.900104358366653479, 24.97511353500413733 ) ) ;
#1181 = CARTESIAN_POINT ( 'NONE',  ( -37.32049076107738017, 3.942601531438126639, -7.491838037239715753 ) ) ;
#1182 = EDGE_CURVE ( 'NONE', #1959, #2744, #983, .T. ) ;
#1183 = CARTESIAN_POINT ( 'NONE',  ( -24.76260748904630660, 1.563761290386072700, -13.33939325880591475 ) ) ;
#1184 = CARTESIAN_POINT ( 'NONE',  ( -45.17629922699993017, 2.285695536736607192, 4.926844440821847471 ) ) ;
#1185 = LINE ( 'NONE', #2868, #1903 ) ;
#1186 = CARTESIAN_POINT ( 'NONE',  ( 8.191139075131038894, -0.1284540776740739354, 33.44264343765193814 ) ) ;
#1187 = CARTESIAN_POINT ( 'NONE',  ( 20.25225472389411507, 3.489936525337806739, -10.50107870191498805 ) ) ;
#1188 = CARTESIAN_POINT ( 'NONE',  ( 43.92686346494618022, 4.788304315426789692, 1.566024917730372223 ) ) ;
#1189 = CARTESIAN_POINT ( 'NONE',  ( -12.41338555689177880, 0.000000000000000000, -41.53740801635748880 ) ) ;
#1190 = CARTESIAN_POINT ( 'NONE',  ( 24.69146590715480727, 0.4529830495549546088, -13.14355019292889537 ) ) ;
#1191 = CARTESIAN_POINT ( 'NONE',  ( -20.69063081610526567, 4.551196281617778006, -11.20858761964024275 ) ) ;
#1192 = CARTESIAN_POINT ( 'NONE',  ( -29.97029317504254209, -0.6107472116707050036, 31.86997566993622044 ) ) ;
#1193 = CARTESIAN_POINT ( 'NONE',  ( -19.86938082712728360, 3.635788153864012440, -42.17287109645666021 ) ) ;
#1194 = CARTESIAN_POINT ( 'NONE',  ( -22.13719601115784741, 0.000000000000000000, -14.22692823604124435 ) ) ;
#1195 = CARTESIAN_POINT ( 'NONE',  ( -0.9118858770541250491, 4.215201141532217477, 8.291470510166755403 ) ) ;
#1196 = CARTESIAN_POINT ( 'NONE',  ( 15.14757345745377748, 0.000000000000000000, -0.2895179308778622063 ) ) ;
#1197 = AXIS2_PLACEMENT_3D ( 'NONE', #2538, #1545, #206 ) ;
#1198 = CARTESIAN_POINT ( 'NONE',  ( -7.246536270349990261E-14, 3.499999999999999556, 8.337786120641437648 ) ) ;
#1199 = CARTESIAN_POINT ( 'NONE',  ( -4.529756450556741143, 3.568281307083097431, -51.51593047775008216 ) ) ;
#1200 = CARTESIAN_POINT ( 'NONE',  ( -15.14757345745100992, 4.000000000000000888, -7.217721161150608467 ) ) ;
#1201 = CARTESIAN_POINT ( 'NONE',  ( -41.25904678076811649, 3.697522092331541277, -4.475936541944033564 ) ) ;
#1202 = CARTESIAN_POINT ( 'NONE',  ( 22.67440213304769969, 3.551532228485181353, -38.11007992474301176 ) ) ;
#1203 = CARTESIAN_POINT ( 'NONE',  ( -0.8430304728045230345, 4.388223016571813240, 20.18317014886206806 ) ) ;
#1204 = CARTESIAN_POINT ( 'NONE',  ( -30.10811181375036583, 2.809815112978883977, -11.34840096729000969 ) ) ;
#1205 = CARTESIAN_POINT ( 'NONE',  ( -13.92918790722972489, -0.2772915614409235951, 34.90475675805735278 ) ) ;
#1206 = ADVANCED_FACE ( 'NONE', ( #2198 ), #2137, .T. ) ;
#1207 = CARTESIAN_POINT ( 'NONE',  ( 31.07974357230493467, 3.603131303258656271, 37.29109125329260621 ) ) ;
#1208 = CARTESIAN_POINT ( 'NONE',  ( 0.6384141016939669511, 4.550519872568913549, 23.52498673871310686 ) ) ;
#1209 = CARTESIAN_POINT ( 'NONE',  ( 33.71762030068732230, 3.862541968013892824, -7.611965768266386156 ) ) ;
#1210 = CARTESIAN_POINT ( 'NONE',  ( 25.22871872488513745, 0.1650327200318136567, -13.84147055649572167 ) ) ;
#1211 = CARTESIAN_POINT ( 'NONE',  ( 34.88520915353291230, 0.000000000000000000, 27.59071803798016731 ) ) ;
#1212 = CARTESIAN_POINT ( 'NONE',  ( -21.68654383385565509, 3.238776761668024751, -12.52073192027397219 ) ) ;
#1213 = CARTESIAN_POINT ( 'NONE',  ( 8.074234341139383986, 0.03978396509390523528, 3.313704553752241377 ) ) ;
#1214 = UNCERTAINTY_MEASURE_WITH_UNIT (LENGTH_MEASURE( 1.000000000000000082E-05 ), #3249, 'distance_accuracy_value', 'NONE');
#1215 = CARTESIAN_POINT ( 'NONE',  ( -22.39703888213456651, 3.411999302788822241, -19.32559558728996407 ) ) ;
#1216 = CARTESIAN_POINT ( 'NONE',  ( 28.18815166941386963, 0.06612720700814719854, -12.67341483435978589 ) ) ;
#1217 = CARTESIAN_POINT ( 'NONE',  ( 4.417743662997723142, 4.245531956516000349, 30.03695409144064499 ) ) ;
#1218 = CARTESIAN_POINT ( 'NONE',  ( -3.453726020452565287E-13, 4.529847108335497197, 22.86455607003047774 ) ) ;
#1219 = CARTESIAN_POINT ( 'NONE',  ( 26.76535306894502142, 3.633778043480865083, 38.31834056547381806 ) ) ;
#1220 = CARTESIAN_POINT ( 'NONE',  ( 23.41321558111864221, 4.000000000000000888, -11.23232566103515850 ) ) ;
#1221 = CARTESIAN_POINT ( 'NONE',  ( -0.4355041008855371487, 3.961166234391109153, 22.53493853473863595 ) ) ;
#1222 = CARTESIAN_POINT ( 'NONE',  ( -3.226463661654748183, 4.000000000000000888, -2.279835788448557388 ) ) ;
#1223 = CARTESIAN_POINT ( 'NONE',  ( 18.32137716725414478, -0.3809711299300841403, -36.96844284644328837 ) ) ;
#1224 = CIRCLE ( 'NONE', #641, 9.000000000000000000 ) ;
#1225 = CARTESIAN_POINT ( 'NONE',  ( -28.22163712699334681, 4.245531956516000349, -11.19259880615670966 ) ) ;
#1226 = CARTESIAN_POINT ( 'NONE',  ( 24.50579814142896851, 4.302477907668649237, -20.36299208345283418 ) ) ;
#1227 = CARTESIAN_POINT ( 'NONE',  ( -15.40851118920745044, 3.050285662089297301, -11.94957864057790431 ) ) ;
#1228 = CARTESIAN_POINT ( 'NONE',  ( -43.83490414634731280, 0.9364646365920147320, 5.960900773316941681 ) ) ;
#1229 = CARTESIAN_POINT ( 'NONE',  ( -23.12513299784243515, -0.3842063484356824654, 34.35514315226242843 ) ) ;
#1230 = CARTESIAN_POINT ( 'NONE',  ( 11.28375034194701421, 1.172131217601791953, 34.95453802946284583 ) ) ;
#1231 = CARTESIAN_POINT ( 'NONE',  ( -0.6442492745537395926, 4.308073602702142679, 24.13733298340145694 ) ) ;
#1232 = FACE_BOUND ( 'NONE', #955, .T. ) ;
#1233 = FACE_OUTER_BOUND ( 'NONE', #4253, .T. ) ;
#1234 = EDGE_CURVE ( 'NONE', #412, #4038, #2431, .T. ) ;
#1235 = CARTESIAN_POINT ( 'NONE',  ( 25.10766745087716956, 0.6305146741165977842, -13.13245363188469383 ) ) ;
#1236 = CARTESIAN_POINT ( 'NONE',  ( 21.31698339039715151, 4.247859413644306414, -11.56255012357588541 ) ) ;
#1237 = CARTESIAN_POINT ( 'NONE',  ( -24.48798467194719564, 4.000000000000000888, -30.15434957909381097 ) ) ;
#1238 = CARTESIAN_POINT ( 'NONE',  ( -41.33686730631090711, 0.000000000000000000, 16.41611832430266205 ) ) ;
#1239 = CARTESIAN_POINT ( 'NONE',  ( 18.41937902438820274, 3.754468043482170447, 38.12080203643915155 ) ) ;
#1240 = CARTESIAN_POINT ( 'NONE',  ( 4.265612252352371847, 4.358732475082865321, 30.16974072437155385 ) ) ;
#1241 = CARTESIAN_POINT ( 'NONE',  ( -7.246536270349990261E-14, 3.499999999999999556, -0.6622138793585634620 ) ) ;
#1242 = CARTESIAN_POINT ( 'NONE',  ( -29.76575777107894893, 0.000000000000000000, 31.51901124741801041 ) ) ;
#1243 = ORIENTED_EDGE ( 'NONE', *, *, #1858, .F. ) ;
#1244 = CARTESIAN_POINT ( 'NONE',  ( -7.246536270349990261E-14, 0.000000000000000000, -0.6622138793585626848 ) ) ;
#1245 = CARTESIAN_POINT ( 'NONE',  ( -8.896484157281314253, 3.574026498045643763, -50.30550492348628921 ) ) ;
#1246 = CARTESIAN_POINT ( 'NONE',  ( -1.299987371457696828, 0.6556798187412654633, 28.40981216785294805 ) ) ;
#1247 = CARTESIAN_POINT ( 'NONE',  ( -23.84610510154228891, 0.000000000000000000, -13.76755519946923556 ) ) ;
#1248 = CARTESIAN_POINT ( 'NONE',  ( -5.531817173725979586, 4.207028907698024511, 31.25481077548045761 ) ) ;
#1249 = B_SPLINE_CURVE_WITH_KNOTS ( 'NONE', 3,
 ( #857, #3253, #903, #160, #812, #3651, #2882, #2196, #3231, #2944, #558, #3589, #2903, #4283, #2176, #4323, #1245, #1199, #2569, #2217 ),
 .UNSPECIFIED., .F., .F.,
 ( 4, 2, 2, 2, 2, 2, 2, 2, 2, 4 ),
 ( 0.6524901606912296703, 0.6959288906048259893, 0.7393676205184223083, 0.7610869854752204677, 0.7828063504320186272, 0.8262450803456149462, 0.8696838102592111541, 0.9131225401728074731, 0.9565612700864036810, 1.000000000000000000 ),
 .UNSPECIFIED. ) ;
#1250 = CARTESIAN_POINT ( 'NONE',  ( -19.35655578948900768, 0.3032381682551989477, -15.07277468718581126 ) ) ;
#1251 = CARTESIAN_POINT ( 'NONE',  ( 24.85492205974603408, 0.9523622034032619421, 35.50570002075896525 ) ) ;
#1252 = CARTESIAN_POINT ( 'NONE',  ( 20.89930113689239022, 3.879304629354193956, -10.94349380003276373 ) ) ;
#1253 = CARTESIAN_POINT ( 'NONE',  ( 1.323056845736640064, 4.000000000000000888, 16.72704400041875772 ) ) ;
#1254 = CARTESIAN_POINT ( 'NONE',  ( -25.14836744182695583, -0.05739846856081640830, -21.64637083189947475 ) ) ;
#1255 = CARTESIAN_POINT ( 'NONE',  ( -5.638836121573107540, 0.000000000000000000, 0.4700157744654169800 ) ) ;
#1256 = CARTESIAN_POINT ( 'NONE',  ( 8.777290369871861841, 4.000000000000000888, -3.892988342787286449 ) ) ;
#1257 = ORIENTED_EDGE ( 'NONE', *, *, #1234, .F. ) ;
#1258 = CARTESIAN_POINT ( 'NONE',  ( -6.451658152776752253, 4.000000000000000888, -2.921366867967593706 ) ) ;
#1259 = CARTESIAN_POINT ( 'NONE',  ( -35.89329941603386231, 0.000000000000000000, -6.284838232242129230 ) ) ;
#1260 = DIRECTION ( 'NONE',  ( 1.000000000000000000, 0.000000000000000000, 0.000000000000000000 ) ) ;
#1261 = CARTESIAN_POINT ( 'NONE',  ( 7.427726608309225931, 4.135015998260624492, 33.07010526157268515 ) ) ;
#1262 = ORIENTED_EDGE ( 'NONE', *, *, #2073, .T. ) ;
#1263 = ADVANCED_FACE ( 'NONE', ( #4344 ), #782, .F. ) ;
#1264 = CARTESIAN_POINT ( 'NONE',  ( 19.71048206913331668, 4.000000000000000888, -11.78062977281051893 ) ) ;
#1265 = CARTESIAN_POINT ( 'NONE',  ( -40.78417905068693017, 4.000000000000000888, -4.002712909400983676 ) ) ;
#1266 = CARTESIAN_POINT ( 'NONE',  ( 3.274956531994388964, 4.632649698626901902, -1.914575314643580661 ) ) ;
#1267 = CARTESIAN_POINT ( 'NONE',  ( -24.97315227212060051, 4.306815771936218340, -11.59785716891179774 ) ) ;
#1268 = CARTESIAN_POINT ( 'NONE',  ( -25.35655578948898636, 4.303238168255199447, -11.60867307204802579 ) ) ;
#1269 = VECTOR ( 'NONE', #3157, 1000.000000000000000 ) ;
#1270 = CARTESIAN_POINT ( 'NONE',  ( 22.33212307361662496, 2.322797291698802447, 37.40600732219321856 ) ) ;
#1271 = CARTESIAN_POINT ( 'NONE',  ( -1.323056845735398834, 4.000000000000000888, 16.72704400042254846 ) ) ;
#1272 = CARTESIAN_POINT ( 'NONE',  ( 17.32705246996672699, -1.105426744710706677, 35.96853484691170166 ) ) ;
#1273 = CARTESIAN_POINT ( 'NONE',  ( 1.375127889875144227, 1.636571501590932343, 25.45435692543771466 ) ) ;
#1274 = CARTESIAN_POINT ( 'NONE',  ( 37.05338861129762051, 0.000000000000000000, 25.11838321629248583 ) ) ;
#1275 = CARTESIAN_POINT ( 'NONE',  ( 41.33686730631257689, 0.000000000000000000, 16.41611832430472973 ) ) ;
#1276 = ORIENTED_EDGE ( 'NONE', *, *, #288, .T. ) ;
#1277 = CARTESIAN_POINT ( 'NONE',  ( -23.87317468287812616, 0.2141768821670820555, -14.23366308486921383 ) ) ;
#1278 = CARTESIAN_POINT ( 'NONE',  ( 32.23288475969560096, 1.319751185120355164, -10.45798124207428081 ) ) ;
#1279 = CARTESIAN_POINT ( 'NONE',  ( 1.757889358307273886, 4.433012701892220520, 1.014917894224264927 ) ) ;
#1280 = CARTESIAN_POINT ( 'NONE',  ( -22.26072926327691803, 0.3592013296776526143, -14.85566407390102306 ) ) ;
#1281 = CARTESIAN_POINT ( 'NONE',  ( 34.88520915353291230, 0.000000000000000000, 27.59071803798016731 ) ) ;
#1282 = ORIENTED_EDGE ( 'NONE', *, *, #4009, .T. ) ;
#1283 = CARTESIAN_POINT ( 'NONE',  ( 29.73662640000739898, 4.000000000000000888, -10.55225761550415697 ) ) ;
#1284 = EDGE_CURVE ( 'NONE', #2707, #1988, #2810, .T. ) ;
#1285 = CARTESIAN_POINT ( 'NONE',  ( -7.246536270349990261E-14, 1.499999999999999556, -0.6622138793585634620 ) ) ;
#1286 = CARTESIAN_POINT ( 'NONE',  ( 24.43353230435754497, 4.201224993413372744, -20.71274697969288781 ) ) ;
#1287 = CARTESIAN_POINT ( 'NONE',  ( 6.516605319547418063, 3.569447053847371265, -51.18361945192008022 ) ) ;
#1288 = CARTESIAN_POINT ( 'NONE',  ( -7.335674630479275926, 4.425971371578743430, -5.640644561474540630 ) ) ;
#1289 = CARTESIAN_POINT ( 'NONE',  ( 21.71595423797650426, 4.329172910535590724, -14.38643855524413162 ) ) ;
#1290 = CARTESIAN_POINT ( 'NONE',  ( -45.56061413197339505, 3.656130625032171011, 1.791882779474471832 ) ) ;
#1291 = DIRECTION ( 'NONE',  ( 0.000000000000000000, 0.000000000000000000, 1.000000000000000000 ) ) ;
#1292 = ORIENTED_EDGE ( 'NONE', *, *, #2073, .F. ) ;
#1293 = CARTESIAN_POINT ( 'NONE',  ( 41.74358632463111007, 2.233653964774448220, 26.73232678628949799 ) ) ;
#1294 = CARTESIAN_POINT ( 'NONE',  ( 1.230019220836715765E-12, 0.1758118408815803613, 28.19825752554401888 ) ) ;
#1295 = CARTESIAN_POINT ( 'NONE',  ( -1.801496828279555817, 4.000000000000000888, 25.90935131050729012 ) ) ;
#1296 = CARTESIAN_POINT ( 'NONE',  ( -24.85492205973918090, 0.9523622034037606543, 35.50570002075770759 ) ) ;
#1297 = CARTESIAN_POINT ( 'NONE',  ( 14.81273642663005496, 0.4072209136604952318, 0.1571068963588544976 ) ) ;
#1298 = CARTESIAN_POINT ( 'NONE',  ( -22.97802706041882459, 2.640867516610207577, -14.03109526517664030 ) ) ;
#1299 = EDGE_LOOP ( 'NONE', ( #3913, #680, #393, #3670, #2036, #1257, #1424 ) ) ;
#1300 = CARTESIAN_POINT ( 'NONE',  ( -26.93232541167733274, -0.4078338350216721975, 33.24373410813734608 ) ) ;
#1301 = CARTESIAN_POINT ( 'NONE',  ( -21.51370428282953284, 1.591654689073325857, -13.83916321905517144 ) ) ;
#1302 = CARTESIAN_POINT ( 'NONE',  ( 39.11627238484601321, 1.057768120954369895, -4.395189365296270800 ) ) ;
#1303 = CARTESIAN_POINT ( 'NONE',  ( -1.849855138580168035, 0.3543276921766167487, -9.470237082753103053 ) ) ;
#1304 = CARTESIAN_POINT ( 'NONE',  ( 2.795969230016446261, 4.298219038347750320, 28.01277568870360213 ) ) ;
#1305 = ORIENTED_EDGE ( 'NONE', *, *, #4125, .F. ) ;
#1306 = CARTESIAN_POINT ( 'NONE',  ( -5.638398052257035609, 1.753795685606116539, 9.764196838819906077 ) ) ;
#1307 = CARTESIAN_POINT ( 'NONE',  ( -24.36248944921494797, 0.2082638150656490605, -13.51850767477460558 ) ) ;
#1308 = CARTESIAN_POINT ( 'NONE',  ( 18.32137716725416965, 0.9523622034032610539, -39.27784392320173623 ) ) ;
#1309 = CARTESIAN_POINT ( 'NONE',  ( -46.13909678673661574, 4.000000000000000888, 4.009926728154203701 ) ) ;
#1310 = CARTESIAN_POINT ( 'NONE',  ( 48.17914332797098353, 4.000000000000000888, 13.48249838407693169 ) ) ;
#1311 = CARTESIAN_POINT ( 'NONE',  ( 1.615064808752696202, 4.407833835022912261, 16.76189067970702595 ) ) ;
#1312 = CARTESIAN_POINT ( 'NONE',  ( -32.10811181375036227, 4.143148446312217459, -10.19370042891074846 ) ) ;
#1313 = CARTESIAN_POINT ( 'NONE',  ( -15.14757345745100992, 4.000000000000000888, -46.63868529941160546 ) ) ;
#1314 = CARTESIAN_POINT ( 'NONE',  ( -11.26451504125115655, 3.978262655081043153, 35.56510267117537438 ) ) ;
#1315 = ADVANCED_FACE ( 'NONE', ( #430 ), #2260, .F. ) ;
#1316 = CARTESIAN_POINT ( 'NONE',  ( 1.801496828271223816, 4.000000000000000888, 25.90935131051583440 ) ) ;
#1317 = CARTESIAN_POINT ( 'NONE',  ( -16.90438975136988020, 4.000000000000000888, 37.48046084577948278 ) ) ;
#1318 = CARTESIAN_POINT ( 'NONE',  ( -0.6248721101248499998, 2.969904834924266712, 26.60905746381697767 ) ) ;
#1319 = CARTESIAN_POINT ( 'NONE',  ( 21.43637963647993061, 0.3331662864068602459, -7.097510391727710477 ) ) ;
#1320 = CARTESIAN_POINT ( 'NONE',  ( -7.148564526418202142E-14, 3.499999999999999556, -8.662213879358564128 ) ) ;
#1321 = VERTEX_POINT ( 'NONE', #3631 ) ;
#1322 = CARTESIAN_POINT ( 'NONE',  ( -38.66662044212407778, 0.000000000000000000, 22.32418372091366265 ) ) ;
#1323 = CARTESIAN_POINT ( 'NONE',  ( -32.35341456650193237, 4.135015998260626269, -10.10245269562506998 ) ) ;
#1324 = CARTESIAN_POINT ( 'NONE',  ( 42.28776061473336512, -0.4212963579632894029, 11.64420817852860601 ) ) ;
#1325 = CARTESIAN_POINT ( 'NONE',  ( -17.31828525048675260, 0.000000000000000000, -14.69958316686100019 ) ) ;
#1326 = CARTESIAN_POINT ( 'NONE',  ( -7.246536270349990261E-14, 1.499999999999999556, 7.337786120641436760 ) ) ;
#1327 = ORIENTED_EDGE ( 'NONE', *, *, #1511, .F. ) ;
#1328 = CARTESIAN_POINT ( 'NONE',  ( 2.343249185184482108, 4.309639664697225925, 27.28504711338094779 ) ) ;
#1329 = CARTESIAN_POINT ( 'NONE',  ( 38.83951932309300048, 0.000000000000000000, -2.445249695372679444 ) ) ;
#1330 = CARTESIAN_POINT ( 'NONE',  ( -23.36448183721246963, -0.2755652123790577335, -29.36868982722148047 ) ) ;
#1331 = CARTESIAN_POINT ( 'NONE',  ( 22.29648644778574962, 2.356949372993297320, -36.01534077201199580 ) ) ;
#1332 = CARTESIAN_POINT ( 'NONE',  ( 21.14501255947419622, 3.654546820221269865, -40.47827897130244423 ) ) ;
#1333 = CARTESIAN_POINT ( 'NONE',  ( 44.83951932309787480, 4.000000000000000888, 1.018851919767815195 ) ) ;
#1334 = CARTESIAN_POINT ( 'NONE',  ( -0.03223469881974145440, 4.537311918647216835, 23.11135984513256858 ) ) ;
#1335 = CARTESIAN_POINT ( 'NONE',  ( 15.14757345745624484, 4.000000000000000888, -46.63868529938400087 ) ) ;
#1336 = CARTESIAN_POINT ( 'NONE',  ( -18.77083076915196003, 3.022701250517087601, -12.55823631671662177 ) ) ;
#1337 = CARTESIAN_POINT ( 'NONE',  ( -24.00683636230791507, 4.000000000000000888, -20.47654507750154806 ) ) ;
#1338 = CARTESIAN_POINT ( 'NONE',  ( -7.645955788700635303, 0.4199883046746735737, 8.791816333402374894 ) ) ;
#1339 = ORIENTED_EDGE ( 'NONE', *, *, #1880, .T. ) ;
#1340 = CARTESIAN_POINT ( 'NONE',  ( -25.02549460829165184, 0.6562437191852562579, -13.70981202429654289 ) ) ;
#1341 = FACE_OUTER_BOUND ( 'NONE', #2851, .T. ) ;
#1342 = CARTESIAN_POINT ( 'NONE',  ( -5.816451982251352959, 0.3642118461362726656, 19.58505462066608516 ) ) ;
#1343 = CARTESIAN_POINT ( 'NONE',  ( -7.059564951910231478, 1.319751185120365600, 33.14348766018962777 ) ) ;
#1344 = CARTESIAN_POINT ( 'NONE',  ( 11.45539656451466470, 4.419946441741965160, -4.710922407949402313 ) ) ;
#1345 = CARTESIAN_POINT ( 'NONE',  ( -3.259564129405572164, 0.5990613555507290355, -9.070925552756301968 ) ) ;
#1346 = EDGE_CURVE ( 'NONE', #13, #1129, #1048, .T. ) ;
#1347 = ORIENTED_EDGE ( 'NONE', *, *, #3654, .T. ) ;
#1348 = CARTESIAN_POINT ( 'NONE',  ( -36.01485056837042720, -0.2392212176826699066, -6.836275481108796015 ) ) ;
#1349 = CARTESIAN_POINT ( 'NONE',  ( 38.66662044212438332, 0.000000000000000000, 22.32418372091311909 ) ) ;
#1350 = CARTESIAN_POINT ( 'NONE',  ( 34.14743248060503333, 1.241729357907878972, -9.180819365268837018 ) ) ;
#1351 = CARTESIAN_POINT ( 'NONE',  ( -4.735448268922694659, 0.4174760654491163625, -11.75891286861636509 ) ) ;
#1352 = B_SPLINE_CURVE_WITH_KNOTS ( 'NONE', 3,
 ( #1349, #4055, #2738, #4124, #266, #3353, #4430, #1968, #1619, #3764, #1661, #2648 ),
 .UNSPECIFIED., .F., .F.,
 ( 4, 2, 2, 2, 2, 4 ),
 ( 0.000000000000000000, 0.06250000000000000000, 0.1250000000000000000, 0.1875000000000000000, 0.2500000000000000000, 0.2906863939218599091 ),
 .UNSPECIFIED. ) ;
#1353 = CARTESIAN_POINT ( 'NONE',  ( -0.6958511549451785738, 4.000000000000000888, 7.047983290829386682 ) ) ;
#1354 = ORIENTED_EDGE ( 'NONE', *, *, #2128, .F. ) ;
#1355 = CARTESIAN_POINT ( 'NONE',  ( -0.7826615564513960122, 4.387029237532286352, 19.96676616264537785 ) ) ;
#1356 = CARTESIAN_POINT ( 'NONE',  ( 41.33686730631257689, 0.000000000000000000, 16.41611832430472973 ) ) ;
#1357 = CARTESIAN_POINT ( 'NONE',  ( -44.88312679307017561, 3.566987298107781701, 25.91328533605144457 ) ) ;
#1358 = CARTESIAN_POINT ( 'NONE',  ( 35.97002620042963628, 3.390049978361878491, 35.33361918291351600 ) ) ;
#1359 = CARTESIAN_POINT ( 'NONE',  ( 23.54708656428645241, 2.922417658327130408, -15.99149684084254197 ) ) ;
#1360 = CARTESIAN_POINT ( 'NONE',  ( -43.85744602073961573, 4.000000000000000888, -0.2610109258583334646 ) ) ;
#1361 = CARTESIAN_POINT ( 'NONE',  ( 46.27985227295176429, 4.000000000000000888, 22.99408584067042938 ) ) ;
#1362 = CARTESIAN_POINT ( 'NONE',  ( -40.44743222295598883, 5.031089541331063231, 30.62247189077152498 ) ) ;
#1363 = FACE_OUTER_BOUND ( 'NONE', #3461, .T. ) ;
#1364 = CARTESIAN_POINT ( 'NONE',  ( -20.32576299879261583, 4.355013172258297871, -12.37269809205434612 ) ) ;
#1365 = ORIENTED_EDGE ( 'NONE', *, *, #3990, .F. ) ;
#1366 = CARTESIAN_POINT ( 'NONE',  ( -31.18319712574307445, 3.602584139297175359, 37.25502429285923256 ) ) ;
#1367 = CARTESIAN_POINT ( 'NONE',  ( -38.66662044212407778, 0.000000000000000000, 22.32418372091366265 ) ) ;
#1368 = CARTESIAN_POINT ( 'NONE',  ( -34.70430691594423678, -0.4287942102819948809, 27.83355482867100861 ) ) ;
#1369 = LINE ( 'NONE', #277, #4376 ) ;
#1370 = CARTESIAN_POINT ( 'NONE',  ( -4.025604290746645830, 0.000000000000000000, -2.324183720913435280 ) ) ;
#1371 = VERTEX_POINT ( 'NONE', #1045 ) ;
#1372 = CARTESIAN_POINT ( 'NONE',  ( -12.41937902438831642, -0.2455319565195223375, 34.65670042130038553 ) ) ;
#1373 = EDGE_CURVE ( 'NONE', #4136, #3557, #3673, .T. ) ;
#1374 = CARTESIAN_POINT ( 'NONE',  ( -19.78912864068386668, 4.415370875402163442, -12.93759501748708374 ) ) ;
#1375 = CARTESIAN_POINT ( 'NONE',  ( 31.22817159724396419, 1.360949920690188497, -11.02652069113463185 ) ) ;
#1376 = CARTESIAN_POINT ( 'NONE',  ( -35.10919897765227660, -0.2070289076980810217, -7.790709160341677375 ) ) ;
#1377 = CARTESIAN_POINT ( 'NONE',  ( -7.824516611718285830, 0.000000000000000000, -12.97342445440688863 ) ) ;
#1378 = EDGE_LOOP ( 'NONE', ( #4450, #639 ) ) ;
#1379 = EDGE_CURVE ( 'NONE', #354, #2774, #2864, .T. ) ;
#1380 = CARTESIAN_POINT ( 'NONE',  ( -8.202124894386642495, 4.000000000000000888, 33.19698217094838810 ) ) ;
#1381 = CARTESIAN_POINT ( 'NONE',  ( -3.572579856050332570, 2.248063503000419683, 7.618904484114816356 ) ) ;
#1382 = B_SPLINE_CURVE_WITH_KNOTS ( 'NONE', 3,
 ( #4029, #2304, #3012, #3741, #1381, #1019, #2381, #3694, #602, #3087 ),
 .UNSPECIFIED., .F., .F.,
 ( 4, 2, 2, 2, 4 ),
 ( 0.000000000000000000, 0.002022625620253906513, 0.004045251240507813026, 0.006067876860761719539, 0.008090502481015626052 ),
 .UNSPECIFIED. ) ;
#1383 = CARTESIAN_POINT ( 'NONE',  ( 24.62964274009078380, 2.505464550935136536, -29.55868453757812020 ) ) ;
#1384 = CARTESIAN_POINT ( 'NONE',  ( 26.77057571725919516, 0.000000000000000000, -12.82028998779961171 ) ) ;
#1385 = CARTESIAN_POINT ( 'NONE',  ( -23.93324846572395614, 0.6950229483478975734, -15.31532914685621449 ) ) ;
#1386 = CARTESIAN_POINT ( 'NONE',  ( -17.20820372362699757, 4.495793475498389036, 36.25958120196570889 ) ) ;
#1387 = CARTESIAN_POINT ( 'NONE',  ( 3.035766082959412415E-15, 4.433012701892220520, -2.029835788448556944 ) ) ;
#1388 = CARTESIAN_POINT ( 'NONE',  ( 22.15476510282859124, 0.000000000000000000, -30.92295370586326086 ) ) ;
#1389 = CARTESIAN_POINT ( 'NONE',  ( -1.026633747631955362E-11, 0.000000000000000000, 27.53511039897604107 ) ) ;
#1390 = CARTESIAN_POINT ( 'NONE',  ( -1.245356107943954349, 3.418589255405865224, 25.55745985181617996 ) ) ;
#1391 = CARTESIAN_POINT ( 'NONE',  ( -33.22931453314255634, 3.593204923753174018, 36.46182195934931514 ) ) ;
#1392 = FILL_AREA_STYLE_COLOUR ( '', #3242 ) ;
#1393 = CARTESIAN_POINT ( 'NONE',  ( 21.86715379223259603, -0.4815639839142214496, -32.62974770226936272 ) ) ;
#1394 = CARTESIAN_POINT ( 'NONE',  ( 24.12470403090149063, -0.1524072836125667241, -12.43930089120616955 ) ) ;
#1395 = CARTESIAN_POINT ( 'NONE',  ( -22.20656844729191093, -0.3770305844202764822, 34.54905382709444694 ) ) ;
#1396 = CARTESIAN_POINT ( 'NONE',  ( 23.31828525048598166, 4.000000000000000888, -11.23548155171788210 ) ) ;
#1397 = CARTESIAN_POINT ( 'NONE',  ( 48.02410729035032233, 3.574115799773069924, 17.39458990582786058 ) ) ;
#1398 = CARTESIAN_POINT ( 'NONE',  ( -23.83336870890314430, 0.2070289076981749188, -14.30081280133395261 ) ) ;
#1399 = CARTESIAN_POINT ( 'NONE',  ( -0.2702099622914708732, 0.000000000000000000, 27.56470107785910528 ) ) ;
#1400 = ORIENTED_EDGE ( 'NONE', *, *, #2527, .F. ) ;
#1401 = CARTESIAN_POINT ( 'NONE',  ( 3.035766082959412415E-15, 4.638811966503176620, -1.911017527626394763 ) ) ;
#1402 = CARTESIAN_POINT ( 'NONE',  ( -1.656750814815537209, 1.642972998030557852, 24.97564603662247507 ) ) ;
#1403 = CARTESIAN_POINT ( 'NONE',  ( -24.36248944921494797, 2.874930481732316689, -18.13730982829161320 ) ) ;
#1404 = CARTESIAN_POINT ( 'NONE',  ( 16.75516057404296077, 0.9364646365920140658, -40.94259094985107339 ) ) ;
#1405 = CARTESIAN_POINT ( 'NONE',  ( 40.51295392842019538, -0.4330127018922192983, 19.62624031493294297 ) ) ;
#1406 = LINE ( 'NONE', #2429, #716 ) ;
#1407 = CARTESIAN_POINT ( 'NONE',  ( -9.599224624580889653, 4.000000000000000888, 34.00359807626080055 ) ) ;
#1408 = CARTESIAN_POINT ( 'NONE',  ( 15.32375554846560384, 0.4078338350217737274, -0.05405495644340363448 ) ) ;
#1409 = ORIENTED_EDGE ( 'NONE', *, *, #3047, .F. ) ;
#1410 = CARTESIAN_POINT ( 'NONE',  ( 9.118576635452404489, 4.066127207009075484, 34.21246446375650407 ) ) ;
#1411 = CARTESIAN_POINT ( 'NONE',  ( -1.304047663329457318, 2.994994144889993937, 23.02485750263112507 ) ) ;
#1412 = B_SPLINE_CURVE_WITH_KNOTS ( 'NONE', 3,
 ( #4302, #1904, #1221, #3289 ),
 .UNSPECIFIED., .F., .F.,
 ( 4, 4 ),
 ( -0.001268628794745672427, 0.0005457157668698315277 ),
 .UNSPECIFIED. ) ;
#1413 = CARTESIAN_POINT ( 'NONE',  ( -37.07621039203456803, 2.240782466439736442, 31.73810141621951431 ) ) ;
#1414 = CARTESIAN_POINT ( 'NONE',  ( -42.19152135162273964, -0.4067950762466602255, 7.082417941223401847 ) ) ;
#1415 = FACE_OUTER_BOUND ( 'NONE', #3177, .T. ) ;
#1416 = EDGE_LOOP ( 'NONE', ( #1748, #4354, #726, #1276, #2030 ) ) ;
#1417 = B_SPLINE_CURVE_WITH_KNOTS ( 'NONE', 3,
 ( #1389, #319, #1692, #3774, #2411, #3867, #3893, #387, #2791, #76 ),
 .UNSPECIFIED., .F., .F.,
 ( 4, 2, 2, 2, 4 ),
 ( 0.2906863939218599091, 0.3125000000000000000, 0.3750000000000000000, 0.4375000000000000000, 0.4480263433309319976 ),
 .UNSPECIFIED. ) ;
#1418 = CARTESIAN_POINT ( 'NONE',  ( -26.99673314871602514, 0.1126318201495511429, -13.27423854144659110 ) ) ;
#1419 = CARTESIAN_POINT ( 'NONE',  ( 18.49930342073126610, 4.000000000000000888, -10.76192818954436703 ) ) ;
#1420 = TOROIDAL_SURFACE ( 'NONE', #120, 9.000000000000001776, 1.000000000000000000 ) ;
#1421 = CARTESIAN_POINT ( 'NONE',  ( 46.02266726151023590, 3.566987298107781701, 23.93954334743236245 ) ) ;
#1422 = CARTESIAN_POINT ( 'NONE',  ( -5.963842456174047513, 0.5328242452544930119, 19.64564558201262656 ) ) ;
#1423 = FACE_OUTER_BOUND ( 'NONE', #2937, .T. ) ;
#1424 = ORIENTED_EDGE ( 'NONE', *, *, #2907, .F. ) ;
#1425 = CARTESIAN_POINT ( 'NONE',  ( -24.00085335640150674, 4.362226676716405294, -18.77698155716151263 ) ) ;
#1426 = CARTESIAN_POINT ( 'NONE',  ( -44.66662044212406357, 4.000000000000000888, 25.78828533605144457 ) ) ;
#1427 = CARTESIAN_POINT ( 'NONE',  ( -24.15570972198000987, 2.439968474820246591, -31.80833681805515667 ) ) ;
#1428 = CARTESIAN_POINT ( 'NONE',  ( 7.824516611714327219, 0.000000000000000000, -12.97342445440597736 ) ) ;
#1429 = CARTESIAN_POINT ( 'NONE',  ( 38.66662044212438332, 0.000000000000000000, 22.32418372091311909 ) ) ;
#1430 = ADVANCED_FACE ( 'NONE', ( #1415 ), #3886, .F. ) ;
#1431 = CARTESIAN_POINT ( 'NONE',  ( -0.9193964525976652258, 2.963019827553249996, 4.164631772112213248 ) ) ;
#1432 = CARTESIAN_POINT ( 'NONE',  ( 24.97414574565755174, 0.1130953150742197155, -16.70855804058045280 ) ) ;
#1433 = CARTESIAN_POINT ( 'NONE',  ( -22.57739572508731385, 0.3212344958502929559, -14.48559073179809431 ) ) ;
#1434 = VERTEX_POINT ( 'NONE', #3549 ) ;
#1435 = CARTESIAN_POINT ( 'NONE',  ( -0.3773987066874941454, 1.852781739915026371, 26.41626278274687678 ) ) ;
#1436 = CARTESIAN_POINT ( 'NONE',  ( 8.504665631425655903, 4.285251817199848823, -3.607130375510799958 ) ) ;
#1437 = CARTESIAN_POINT ( 'NONE',  ( 22.51042706702003571, -0.3069506582811410977, -31.10017175104987430 ) ) ;
#1438 = CARTESIAN_POINT ( 'NONE',  ( 1.226052376870261584, 0.1431484463122159323, 29.43918909757669411 ) ) ;
#1439 = CARTESIAN_POINT ( 'NONE',  ( 0.000000000000000000, 0.000000000000000000, -44.64836744182695583 ) ) ;
#1440 =( BOUNDED_SURFACE ( )  B_SPLINE_SURFACE ( 3, 2, ( 
 ( #1394, #57, #4069 ),
 ( #2006, #1101, #840 ),
 ( #1789, #1169, #3171 ),
 ( #3529, #81, #2464 ),
 ( #1525, #2184, #3849 ),
 ( #417, #2202, #1812 ),
 ( #799, #2821, #3597 ),
 ( #2869, #1852, #2163 ),
 ( #1462, #485, #1504 ),
 ( #4247, #2537, #3215 ) ),
 .UNSPECIFIED., .F., .F., .F. ) 
 B_SPLINE_SURFACE_WITH_KNOTS ( ( 4, 2, 2, 2, 4 ),
 ( 3, 3 ),
 ( 0.003424212971888891243, 0.004966699446186912704, 0.006509185920484933732, 0.008051672394782955627, 0.009594158869080975788 ),
 ( 0.000000000000000000, 1.000000000000000000 ),
 .UNSPECIFIED. ) 
 GEOMETRIC_REPRESENTATION_ITEM ( )  RATIONAL_B_SPLINE_SURFACE ( (
 ( 1.000000000000000000, 0.6448317826804788044, 1.000000000000000000),
 ( 1.000000000000000000, 0.6539256206647191538, 1.000000000000000000),
 ( 1.000000000000000000, 0.6584983573602836149, 1.000000000000000000),
 ( 1.000000000000000000, 0.6622632163585555620, 1.000000000000000000),
 ( 1.000000000000000000, 0.6614719027731266188, 1.000000000000000000),
 ( 1.000000000000000000, 0.6572564085835781444, 1.000000000000000000),
 ( 1.000000000000000000, 0.6538739101803545672, 1.000000000000000000),
 ( 1.000000000000000000, 0.6460757461269650559, 1.000000000000000000),
 ( 1.000000000000000000, 0.6416203717477454438, 1.000000000000000000),
 ( 1.000000000000000000, 0.6369435552872065864, 1.000000000000000000) ) ) 
 REPRESENTATION_ITEM ( '' )  SURFACE ( )  );
#1441 = CARTESIAN_POINT ( 'NONE',  ( 46.13909678672764869, 4.000000000000000888, 4.009926728145509323 ) ) ;
#1442 = CARTESIAN_POINT ( 'NONE',  ( 47.17629922699557454, 3.619028870070404302, 6.081544979196022105 ) ) ;
#1443 = CARTESIAN_POINT ( 'NONE',  ( 37.34584876431578238, -0.6334765563473873096, 25.34330309274064419 ) ) ;
#1444 = CARTESIAN_POINT ( 'NONE',  ( 23.38338777135441404, 2.214284823879365316, -14.26479353028570607 ) ) ;
#1445 = VERTEX_POINT ( 'NONE', #2511 ) ;
#1446 = VECTOR ( 'NONE', #2180, 1000.000000000000114 ) ;
#1447 = CARTESIAN_POINT ( 'NONE',  ( -19.86938082712739728, 4.364211846135923167, -11.68353536408875293 ) ) ;
#1448 = CARTESIAN_POINT ( 'NONE',  ( -41.06265303301009340, -1.454140988372539578, 19.85323091906133897 ) ) ;
#1449 = CARTESIAN_POINT ( 'NONE',  ( -19.88759376046799687, 2.301593103547697972, -39.92249797329289152 ) ) ;
#1450 = CARTESIAN_POINT ( 'NONE',  ( 4.556927304252606170, 3.568295779662951528, -51.51219224867334390 ) ) ;
#1451 = CARTESIAN_POINT ( 'NONE',  ( 42.45680928203535842, -0.4174760654495732193, 10.01952506650267338 ) ) ;
#1452 = CARTESIAN_POINT ( 'NONE',  ( -6.695851154945209771, 0.000000000000000000, 3.583881675691688251 ) ) ;
#1453 = CARTESIAN_POINT ( 'NONE',  ( 8.012161699875907317, 0.1984669085063691940, 3.437355653833897406 ) ) ;
#1454 = CARTESIAN_POINT ( 'NONE',  ( -23.31964909418723053, 4.788304315417291512, 37.25876721035954375 ) ) ;
#1455 = CARTESIAN_POINT ( 'NONE',  ( 22.51042706702776286, 0.3069506582792801419, -8.899828248948482567 ) ) ;
#1456 = CARTESIAN_POINT ( 'NONE',  ( -47.96407299710247685, 4.000000000000000888, 10.20115922984423484 ) ) ;
#1457 = ORIENTED_EDGE ( 'NONE', *, *, #2047, .T. ) ;
#1458 = CARTESIAN_POINT ( 'NONE',  ( -32.85049233621402465, 4.000000000000000888, -9.495242561922180968 ) ) ;
#1459 = CARTESIAN_POINT ( 'NONE',  ( -13.28375034194692006, 2.505464550935180057, 36.10923856784248187 ) ) ;
#1460 = CARTESIAN_POINT ( 'NONE',  ( 24.05558510278070727, 0.1007323671888412792, -13.66419513355280024 ) ) ;
#1461 = ADVANCED_FACE ( 'NONE', ( #2554 ), #3955, .F. ) ;
#1462 = CARTESIAN_POINT ( 'NONE',  ( 20.59223856629653326, 2.994947834464869896, -10.38315559216880146 ) ) ;
#1463 = CARTESIAN_POINT ( 'NONE',  ( -0.6566290459595621742, 3.503757517070327676, 25.68342939186314311 ) ) ;
#1464 = CARTESIAN_POINT ( 'NONE',  ( 28.22163712699326865, 4.245531956517647920, -11.19259880616239222 ) ) ;
#1465 = CARTESIAN_POINT ( 'NONE',  ( 42.88312679307050956, 2.233653964774447775, 24.75858479767158116 ) ) ;
#1466 = CARTESIAN_POINT ( 'NONE',  ( 7.918271674280861205, 0.4270850883321922198, 3.615749853622035381 ) ) ;
#1467 = CARTESIAN_POINT ( 'NONE',  ( -12.38028688810620004, -0.3592013296830890434, 34.85566407390668076 ) ) ;
#1468 = ORIENTED_EDGE ( 'NONE', *, *, #559, .T. ) ;
#1469 = CARTESIAN_POINT ( 'NONE',  ( -9.145564185173819638, 4.421836654836279301, -7.148583661416848756 ) ) ;
#1470 = CARTESIAN_POINT ( 'NONE',  ( 0.000000000000000000, 0.000000000000000000, -44.64836744182695583 ) ) ;
#1471 = CARTESIAN_POINT ( 'NONE',  ( 21.53178188390236514, 4.137144672124186684, -11.68401632268950685 ) ) ;
#1472 = CARTESIAN_POINT ( 'NONE',  ( -25.02453903818125625, 2.575062691241204682, -27.29153539634161163 ) ) ;
#1473 = CARTESIAN_POINT ( 'NONE',  ( 24.15570972197994237, 3.773301808153473935, -34.11773789481602392 ) ) ;
#1474 = CARTESIAN_POINT ( 'NONE',  ( 38.18875233197664443, -0.3069506582798519068, -3.944515814553680499 ) ) ;
#1475 = CARTESIAN_POINT ( 'NONE',  ( 7.870440434119017503, 0.000000000000000000, 32.82028998779940565 ) ) ;
#1476 = CARTESIAN_POINT ( 'NONE',  ( -41.58461736277177323, -0.4305529461526295676, 16.48416235765760618 ) ) ;
#1477 = CARTESIAN_POINT ( 'NONE',  ( 24.64836744182696293, 0.000000000000000000, -21.61323181062469345 ) ) ;
#1478 = ORIENTED_EDGE ( 'NONE', *, *, #2651, .F. ) ;
#1479 = B_SPLINE_SURFACE_WITH_KNOTS ( 'NONE', 1, 3, ( 
 ( #3226, #1448, #742, #3812, #2521, #134, #3491, #4188, #718, #2082, #376, #3512, #1751, #807, #1513, #1087, #2451, #3154, #1109, #3859, #764, #2125, #89, #3179, #2830, #1132 ),
 ( #2498, #3882, #3199, #113, #1492, #2854, #4232, #2171, #3666, #851, #213, #2232, #2274, #1613, #1860, #155, #3944, #2939, #576, #554, #3647, #829, #4278, #1942, #3584, #3323 ),
 ( #4005, #2192, #1238, #2897, #1593, #234, #1572, #3925, #2255, #1259, #1920, #495, #1878, #1533, #2983, #3248, #1194, #1176, #2565, #2545, #3303, #2603, #2961, #2213, #919, #3607 ) ),
 .UNSPECIFIED., .F., .F., .F.,
 ( 2, 1, 2 ),
 ( 4, 2, 2, 2, 2, 2, 2, 2, 2, 2, 2, 2, 4 ),
 ( -2.358194764306217550, 0.000000000000000000, 1.000000000000000000 ),
 ( 0.000000000000000000, 0.06250000000000000000, 0.1250000000000000000, 0.1562500000000000000, 0.1875000000000000000, 0.2187500000000000000, 0.2500000000000000000, 0.2812500000000000000, 0.3125000000000000000, 0.3437500000000000000, 0.3750000000000000000, 0.4375000000000000000, 0.5000000000000000000 ),
 .UNSPECIFIED. ) ;
#1480 = DIRECTION ( 'NONE',  ( 0.000000000000000000, 0.000000000000000000, 1.000000000000000000 ) ) ;
#1481 = CARTESIAN_POINT ( 'NONE',  ( -43.74358632463043506, 3.566987298107781701, 27.88702732466989787 ) ) ;
#1482 =( NAMED_UNIT ( * ) SI_UNIT ( $, .STERADIAN. ) SOLID_ANGLE_UNIT ( ) );
#1483 = CARTESIAN_POINT ( 'NONE',  ( 12.55124140045223591, -0.4174760652912467007, -41.77843793503618741 ) ) ;
#1484 = CARTESIAN_POINT ( 'NONE',  ( -4.574468659991469011, 0.3339231858150726318, 22.32234722276554706 ) ) ;
#1485 = CARTESIAN_POINT ( 'NONE',  ( -3.175664305058743881E-13, 4.475976347182008652, 22.72066092903514090 ) ) ;
#1486 = CARTESIAN_POINT ( 'NONE',  ( 34.46889283212750854, 4.057398468560816873, -9.138208869139917923 ) ) ;
#1487 = CARTESIAN_POINT ( 'NONE',  ( 23.20305928673941764, 0.000000000000000000, -11.60785233028660457 ) ) ;
#1488 = EDGE_CURVE ( 'NONE', #3989, #3557, #224, .T. ) ;
#1489 = CARTESIAN_POINT ( 'NONE',  ( 26.98594716604460686, -0.5966410967711713864, 33.36887435191949436 ) ) ;
#1490 = CARTESIAN_POINT ( 'NONE',  ( 6.943601211417344210, 0.4305529461518225465, 3.515837642333472512 ) ) ;
#1491 = CARTESIAN_POINT ( 'NONE',  ( -15.40749014702710973, 4.601666262950332431, -6.870348982273918104 ) ) ;
#1492 = CARTESIAN_POINT ( 'NONE',  ( -42.25608096011784909, -0.4078338350237947219, 6.702210935420404248 ) ) ;
#1493 = CARTESIAN_POINT ( 'NONE',  ( -25.06957503396087006, 1.399460540341492143, -20.38434909101967207 ) ) ;
#1494 = CARTESIAN_POINT ( 'NONE',  ( 13.01095351814998935, 3.585954282895112755, -48.19046189837972349 ) ) ;
#1495 = CARTESIAN_POINT ( 'NONE',  ( -1.031926438948665092, 3.489936525338278361, 22.78950642576339192 ) ) ;
#1496 = B_SPLINE_CURVE_WITH_KNOTS ( 'NONE', 3,
 ( #1810, #3143, #3896, #390 ),
 .UNSPECIFIED., .F., .F.,
 ( 4, 4 ),
 ( 0.000000000000000000, 0.0007087446808704812818 ),
 .UNSPECIFIED. ) ;
#1497 = FACE_OUTER_BOUND ( 'NONE', #2095, .T. ) ;
#1498 = CARTESIAN_POINT ( 'NONE',  ( -21.09653058668914127, 4.352813373152730314, -11.43796970885623132 ) ) ;
#1499 = ORIENTED_EDGE ( 'NONE', *, *, #3574, .F. ) ;
#1500 = CARTESIAN_POINT ( 'NONE',  ( -3.387716493655853700, 4.433012701892220520, -1.808025511753882375 ) ) ;
#1501 = CARTESIAN_POINT ( 'NONE',  ( 29.95220687232445655, -0.4169498590013697159, 31.56403036478787172 ) ) ;
#1502 = CARTESIAN_POINT ( 'NONE',  ( -42.02266726150961063, 0.9003206314411142941, 21.63014227067501949 ) ) ;
#1503 = CARTESIAN_POINT ( 'NONE',  ( 8.089339670971147811, 0.000000000000000000, 3.282730187120860510 ) ) ;
#1504 = CARTESIAN_POINT ( 'NONE',  ( 21.09885026936877850, 4.415370875410787654, -10.66909061283892157 ) ) ;
#1505 = CARTESIAN_POINT ( 'NONE',  ( -0.6411881439716885511, 0.6646882754133200955, 28.54799656935600183 ) ) ;
#1506 = CARTESIAN_POINT ( 'NONE',  ( 38.66662044212438332, 0.000000000000000000, 22.32418372091311909 ) ) ;
#1507 = CARTESIAN_POINT ( 'NONE',  ( -3.275019910995349726, -0.6334765563479379802, -45.01410530215976280 ) ) ;
#1508 = CARTESIAN_POINT ( 'NONE',  ( 8.911616399614979755, 1.943446066801660654, 0.6331945523146264021 ) ) ;
#1509 = CARTESIAN_POINT ( 'NONE',  ( 19.68273855364598290, 4.269259731688570092, -11.36383440233540831 ) ) ;
#1510 = ORIENTED_EDGE ( 'NONE', *, *, #815, .F. ) ;
#1511 = EDGE_CURVE ( 'NONE', #2861, #1918, #2052, .T. ) ;
#1512 = CARTESIAN_POINT ( 'NONE',  ( -20.60721437075880758, 4.788304315426777258, -38.82479212807931646 ) ) ;
#1513 = CARTESIAN_POINT ( 'NONE',  ( -27.39698945596055424, 0.3797960949498067063, -14.34382116509985039 ) ) ;
#1514 = CARTESIAN_POINT ( 'NONE',  ( -24.86660924914620097, 3.871545922325954514, -30.74325947409683124 ) ) ;
#1515 = AXIS2_PLACEMENT_3D ( 'NONE', #2363, #1710, #4105 ) ;
#1516 = EDGE_CURVE ( 'NONE', #4153, #892, #1185, .T. ) ;
#1517 = CARTESIAN_POINT ( 'NONE',  ( -1.278513799533012030, 4.000000000000000888, 24.49213764704705198 ) ) ;
#1518 = DIRECTION ( 'NONE',  ( 0.000000000000000000, 1.000000000000000000, 0.000000000000000000 ) ) ;
#1519 = CARTESIAN_POINT ( 'NONE',  ( 38.88312679307049535, -0.4330127018922192428, 22.44918372091311909 ) ) ;
#1520 = VERTEX_POINT ( 'NONE', #3933 ) ;
#1521 = CARTESIAN_POINT ( 'NONE',  ( -45.19114121184791344, 3.519064586936672345, 0.8418234230440729826 ) ) ;
#1522 = CARTESIAN_POINT ( 'NONE',  ( 37.04236836836462032, -0.4330127018922193538, 25.63747083696422990 ) ) ;
#1523 = CARTESIAN_POINT ( 'NONE',  ( -45.83490414634744781, 2.269797969925336112, 7.115601311696309494 ) ) ;
#1524 = CARTESIAN_POINT ( 'NONE',  ( -4.663981284254656856, 0.4179959420377866719, -11.78398905506231209 ) ) ;
#1525 = CARTESIAN_POINT ( 'NONE',  ( 22.74191905623845855, 1.591654689071552609, -11.71183282891100141 ) ) ;
#1526 = CARTESIAN_POINT ( 'NONE',  ( 23.99410451006552236, 2.328325668915276925, -12.43596681603832188 ) ) ;
#1527 = DIRECTION ( 'NONE',  ( 0.000000000000000000, 1.000000000000000000, 0.000000000000000000 ) ) ;
#1528 = CARTESIAN_POINT ( 'NONE',  ( -3.259654270699446243, -0.4330127018922192983, -44.89836744182695583 ) ) ;
#1529 = CARTESIAN_POINT ( 'NONE',  ( 29.76575777108238441, 0.000000000000000000, 31.51901124741752369 ) ) ;
#1530 = CARTESIAN_POINT ( 'NONE',  ( 22.97802706041814247, 2.640867516612683819, -14.03109526517391181 ) ) ;
#1531 = EDGE_LOOP ( 'NONE', ( #3522, #1654, #2320, #3002 ) ) ;
#1532 = CARTESIAN_POINT ( 'NONE',  ( -23.80389346399914174, 3.754468043480995387, -35.01205117527059230 ) ) ;
#1533 = CARTESIAN_POINT ( 'NONE',  ( -28.24759206640817766, 0.000000000000000000, -12.15272827174761439 ) ) ;
#1534 = CARTESIAN_POINT ( 'NONE',  ( -44.66662044212406357, 4.000000000000000888, 25.78828533605144457 ) ) ;
#1535 = CARTESIAN_POINT ( 'NONE',  ( -1.226802367135879868, 1.497963940800838278, 25.66781594211404283 ) ) ;
#1536 = CARTESIAN_POINT ( 'NONE',  ( 4.342342568920317447, 0.6334765563474137329, -2.507052651079746397 ) ) ;
#1537 = CARTESIAN_POINT ( 'NONE',  ( -5.941299149995381335, 3.014286278214080905, -7.446632630472548087 ) ) ;
#1538 = B_SPLINE_CURVE_WITH_KNOTS ( 'NONE', 1,
 ( #2461, #3293 ),
 .UNSPECIFIED., .F., .F.,
 ( 2, 2 ),
 ( 0.000000000000000000, 1.000000000000000000 ),
 .UNSPECIFIED. ) ;
#1539 = CARTESIAN_POINT ( 'NONE',  ( 22.29648644778582423, -0.3097172936733085247, -31.39653861849640748 ) ) ;
#1540 = CARTESIAN_POINT ( 'NONE',  ( -47.69884051834330307, 3.370944107560656100, 19.97963512289176080 ) ) ;
#1541 = CARTESIAN_POINT ( 'NONE',  ( -22.97315227212060407, 2.973482438602883526, -12.75255770729106075 ) ) ;
#1542 = CARTESIAN_POINT ( 'NONE',  ( -34.23288475969417988, 2.653084518453733498, -9.303280703695532949 ) ) ;
#1543 = CARTESIAN_POINT ( 'NONE',  ( -6.778626723625132300, -0.08064016738979318255, 32.90474166005491696 ) ) ;
#1544 = CARTESIAN_POINT ( 'NONE',  ( 35.22868746502814474, 3.585954282895113199, 35.36304722336599582 ) ) ;
#1545 = DIRECTION ( 'NONE',  ( 0.000000000000000000, 1.000000000000000000, 0.000000000000000000 ) ) ;
#1546 = CARTESIAN_POINT ( 'NONE',  ( 0.2702099623005469464, 0.000000000000000000, 27.56470107786768153 ) ) ;
#1547 = CARTESIAN_POINT ( 'NONE',  ( -22.15476510282830347, 0.000000000000000000, -9.077046294135577398 ) ) ;
#1548 = CARTESIAN_POINT ( 'NONE',  ( -5.871937777041308593, 0.4330127018922192983, 0.3737596850647553204 ) ) ;
#1549 = CARTESIAN_POINT ( 'NONE',  ( -22.15476510282830347, 4.000000000000000888, -37.85115693613992960 ) ) ;
#1550 = CARTESIAN_POINT ( 'NONE',  ( 21.62258579085276722, 0.2557509916616164114, -14.70602780612292726 ) ) ;
#1551 = CARTESIAN_POINT ( 'NONE',  ( -24.15570972198000277, 3.773301808153573411, -34.11773789481263464 ) ) ;
#1552 = CARTESIAN_POINT ( 'NONE',  ( -0.7809899174356340623, 4.000000000000000888, 8.303836240335392915 ) ) ;
#1553 = CARTESIAN_POINT ( 'NONE',  ( -1.231877459705027045, 1.762012740668167154, 25.31868348621248543 ) ) ;
#1554 = AXIS2_PLACEMENT_3D ( 'NONE', #523, #4324, #3972 ) ;
#1555 = CARTESIAN_POINT ( 'NONE',  ( 19.80128640290832820, 4.529847108338819872, -11.43227803501953588 ) ) ;
#1556 = CARTESIAN_POINT ( 'NONE',  ( 25.09892942298319696, -0.05259306181921762080, -21.52441929208965377 ) ) ;
#1557 = EDGE_CURVE ( 'NONE', #1117, #2839, #825, .T. ) ;
#1558 = CARTESIAN_POINT ( 'NONE',  ( -34.46889283212723143, 4.057398468561875582, -9.138208869139685220 ) ) ;
#1559 = CARTESIAN_POINT ( 'NONE',  ( 6.546548684403804330, 3.370944107560648995, -51.29822518139365428 ) ) ;
#1560 = CARTESIAN_POINT ( 'NONE',  ( -17.25559928707421165, 3.037574446728169342, -12.41490528336974819 ) ) ;
#1561 = CARTESIAN_POINT ( 'NONE',  ( -30.18815166941165629, 1.399460540342407855, -11.51871429597991359 ) ) ;
#1562 = CARTESIAN_POINT ( 'NONE',  ( 21.38935507278093695, 0.000000000000000000, -32.35171660652434866 ) ) ;
#1563 = CARTESIAN_POINT ( 'NONE',  ( 37.07621039203359459, 2.240782466439723564, 31.73810141621918746 ) ) ;
#1564 = CARTESIAN_POINT ( 'NONE',  ( 0.6442492745494814432, 4.308073602701576021, 24.13733298340194011 ) ) ;
#1565 = CARTESIAN_POINT ( 'NONE',  ( 37.64087456923834907, 4.270841014169403316, -5.199948301937511452 ) ) ;
#1566 = CARTESIAN_POINT ( 'NONE',  ( -24.30155153517860001, 0.2070289076980236787, -13.48989635900255912 ) ) ;
#1567 = CARTESIAN_POINT ( 'NONE',  ( 22.14171273065491974, 0.000000000000000000, 34.22602980468359846 ) ) ;
#1568 = CARTESIAN_POINT ( 'NONE',  ( 25.04337424075369611, 0.6660671733436502873, -13.71837429050988000 ) ) ;
#1569 = ORIENTED_EDGE ( 'NONE', *, *, #2102, .F. ) ;
#1570 = CARTESIAN_POINT ( 'NONE',  ( -3.259654270699444467, 3.566987298107781701, -51.82657067210246282 ) ) ;
#1571 = CARTESIAN_POINT ( 'NONE',  ( 13.87044043412026539, 4.000000000000000888, 36.28439160293780930 ) ) ;
#1572 = CARTESIAN_POINT ( 'NONE',  ( -40.13909678673784498, 0.000000000000000000, 0.5458251130171127841 ) ) ;
#1573 = CARTESIAN_POINT ( 'NONE',  ( 0.000000000000000000, 0.000000000000000000, 0.000000000000000000 ) ) ;
#1574 = CARTESIAN_POINT ( 'NONE',  ( -1.026633747631955362E-11, 0.000000000000000000, 27.53511039897604107 ) ) ;
#1575 = CARTESIAN_POINT ( 'NONE',  ( 24.64836744182696293, 4.000000000000000888, -23.70173960902614496 ) ) ;
#1576 =( BOUNDED_SURFACE ( )  B_SPLINE_SURFACE ( 3, 2, ( 
 ( #1853, #3239, #3277 ),
 ( #1208, #2577, #188 ),
 ( #1564, #4311, #1231 ),
 ( #1004, #3701, #4088 ),
 ( #2343, #3337, #634 ),
 ( #2369, #611, #3749 ),
 ( #1976, #2702, #935 ),
 ( #958, #658, #4063 ),
 ( #1626, #274, #1954 ),
 ( #3435, #587, #4041 ),
 ( #2314, #1294, #3097 ),
 ( #2048, #4016, #1693 ) ),
 .UNSPECIFIED., .F., .F., .T. ) 
 B_SPLINE_SURFACE_WITH_KNOTS ( ( 4, 2, 2, 2, 2, 4 ),
 ( 3, 3 ),
 ( 0.007420848935685277377, 0.009486247344212940871, 0.01155164575274060523, 0.01361704416126826959, 0.01464974336553210091, 0.01568244256979593396 ),
 ( 0.000000000000000000, 1.000000000000000000 ),
 .UNSPECIFIED. ) 
 GEOMETRIC_REPRESENTATION_ITEM ( )  RATIONAL_B_SPLINE_SURFACE ( (
 ( 1.000000000000000000, 0.7747682172102210441, 1.000000000000000000),
 ( 1.000000000000000000, 0.7697489635424578092, 1.000000000000000000),
 ( 1.000000000000000000, 0.7648435002439095687, 1.000000000000000000),
 ( 1.000000000000000000, 0.7563581164279316038, 1.000000000000000000),
 ( 1.000000000000000000, 0.7527110318031223768, 1.000000000000000000),
 ( 1.000000000000000000, 0.7492508190877821272, 1.000000000000000000),
 ( 1.000000000000000000, 0.7495699934455215541, 1.000000000000000000),
 ( 1.000000000000000000, 0.7560185828504530914, 1.000000000000000000),
 ( 1.000000000000000000, 0.7591850536694300100, 1.000000000000000000),
 ( 1.000000000000000000, 0.7677457464417551947, 1.000000000000000000),
 ( 1.000000000000000000, 0.7731578593980272807, 1.000000000000000000),
 ( 1.000000000000000000, 0.7797033949719945900, 1.000000000000000000) ) ) 
 REPRESENTATION_ITEM ( '' )  SURFACE ( )  );
#1577 = CARTESIAN_POINT ( 'NONE',  ( 23.38947927580882435, 4.000000000000000888, -18.98611322647301236 ) ) ;
#1578 = CARTESIAN_POINT ( 'NONE',  ( -47.02364251463645672, 3.622969415579708752, 5.421027107832685488 ) ) ;
#1579 = CARTESIAN_POINT ( 'NONE',  ( 15.40498287360438034, 3.404137680741848193, -46.98270656980765381 ) ) ;
#1580 = CARTESIAN_POINT ( 'NONE',  ( 38.88312679307049535, -0.4330127018922192428, 22.44918372091311909 ) ) ;
#1581 = CARTESIAN_POINT ( 'NONE',  ( -37.62468259755775080, 1.106635141486802532, -6.169990395028881025 ) ) ;
#1582 = CARTESIAN_POINT ( 'NONE',  ( 18.56975491621343366, 0.000000000000000000, -3.711699389620724432 ) ) ;
#1583 = CARTESIAN_POINT ( 'NONE',  ( 7.118576635452393830, 2.732793873675742891, 33.05776392537727304 ) ) ;
#1584 = CARTESIAN_POINT ( 'NONE',  ( 4.038397131457650605E-12, 0.1855300600028052527, 28.15871646961884878 ) ) ;
#1585 = CARTESIAN_POINT ( 'NONE',  ( -29.76575777107894893, 0.000000000000000000, 31.51901124741801041 ) ) ;
#1586 = CARTESIAN_POINT ( 'NONE',  ( 5.490336292425411990, 0.3560345838501207671, 20.22573337782543490 ) ) ;
#1587 = CARTESIAN_POINT ( 'NONE',  ( -0.4681828262692050990, 0.2070289076981749188, 27.79070916033822058 ) ) ;
#1588 = CARTESIAN_POINT ( 'NONE',  ( 19.71048206913331668, 4.000000000000000888, -11.78062977281051893 ) ) ;
#1589 = EDGE_CURVE ( 'NONE', #2449, #3446, #545, .T. ) ;
#1590 = B_SPLINE_CURVE_WITH_KNOTS ( 'NONE', 3,
 ( #3982, #1894, #2832, #890, #2251, #3624, #551, #1917, #3264, #3301, #1775, #845, #1588, #2958, #3662, #4333, #1256, #2209 ),
 .UNSPECIFIED., .F., .F.,
 ( 4, 2, 2, 2, 2, 2, 2, 2, 4 ),
 ( 0.000000000000000000, 0.06250000000000000000, 0.1250000000000000000, 0.1874999999999999722, 0.2500000000000000000, 0.3125000000000000000, 0.3749999999999999445, 0.4375000000000000000, 0.4443384794796315651 ),
 .UNSPECIFIED. ) ;
#1591 = ORIENTED_EDGE ( 'NONE', *, *, #1130, .F. ) ;
#1592 = CARTESIAN_POINT ( 'NONE',  ( -23.85854058894107510, 4.000000000000000888, -20.53762778486755991 ) ) ;
#1593 = CARTESIAN_POINT ( 'NONE',  ( -41.96407299710249106, 0.000000000000000000, 6.737057614706453812 ) ) ;
#1594 = CARTESIAN_POINT ( 'NONE',  ( 7.982962850920947595, 4.113095315074219549, 33.44662528898241050 ) ) ;
#1595 = APPLICATION_PROTOCOL_DEFINITION ( 'draft international standard', 'automotive_design', 1998, #3214 ) ;
#1596 = CARTESIAN_POINT ( 'NONE',  ( -37.05338861129669681, 0.000000000000000000, 25.11838321629402770 ) ) ;
#1597 = ORIENTED_EDGE ( 'NONE', *, *, #2907, .T. ) ;
#1598 = CARTESIAN_POINT ( 'NONE',  ( 0.000000000000000000, 4.000000000000000888, -51.57657067210246282 ) ) ;
#1599 =( BOUNDED_SURFACE ( )  B_SPLINE_SURFACE ( 3, 2, ( 
 ( #4189, #3860, #765 ),
 ( #1191, #2126, #427 ),
 ( #1799, #3180, #3603 ),
 ( #4296, #1212, #3963 ),
 ( #2229, #2706, #1008 ),
 ( #4420, #1696, #1298 ),
 ( #3001, #3392, #2005 ),
 ( #301, #230, #3705 ),
 ( #1674, #3367, #1609 ),
 ( #1030, #3728, #2683 ) ),
 .UNSPECIFIED., .F., .F., .T. ) 
 B_SPLINE_SURFACE_WITH_KNOTS ( ( 4, 2, 2, 2, 4 ),
 ( 3, 3 ),
 ( 0.01097268472078587534, 0.01302916379210137914, 0.01508564286341688293, 0.01714212193473238499, 0.01919860100604789052 ),
 ( 0.000000000000000000, 1.000000000000000000 ),
 .UNSPECIFIED. ) 
 GEOMETRIC_REPRESENTATION_ITEM ( )  RATIONAL_B_SPLINE_SURFACE ( (
 ( 1.000000000000000000, 0.7747669861983998985, 1.000000000000000000),
 ( 1.000000000000000000, 0.7697665390127490515, 1.000000000000000000),
 ( 1.000000000000000000, 0.7648533366261140998, 1.000000000000000000),
 ( 1.000000000000000000, 0.7563201249605595589, 1.000000000000000000),
 ( 1.000000000000000000, 0.7526533903593973784, 1.000000000000000000),
 ( 1.000000000000000000, 0.7492684064412585832, 1.000000000000000000),
 ( 1.000000000000000000, 0.7495504044131503507, 1.000000000000000000),
 ( 1.000000000000000000, 0.7581593317809455224, 1.000000000000000000),
 ( 1.000000000000000000, 0.7665388620513271523, 1.000000000000000000),
 ( 1.000000000000000000, 0.7797042457437036722, 1.000000000000000000) ) ) 
 REPRESENTATION_ITEM ( '' )  SURFACE ( )  );
#1600 = CARTESIAN_POINT ( 'NONE',  ( 32.79676660491774953, -0.1654529541937034276, -10.16232477077291030 ) ) ;
#1601 = CARTESIAN_POINT ( 'NONE',  ( -19.71048206913609846, 0.000000000000000000, -35.14757345745101702 ) ) ;
#1602 = CARTESIAN_POINT ( 'NONE',  ( -4.867220710820731711, 1.978074504938672762, 6.931060396588329731 ) ) ;
#1603 = CARTESIAN_POINT ( 'NONE',  ( -44.88312679307017561, 3.566987298107781701, 25.91328533605144457 ) ) ;
#1604 = CARTESIAN_POINT ( 'NONE',  ( 20.33212307361763393, 0.9894639583654333270, 36.25130678381452753 ) ) ;
#1605 = CARTESIAN_POINT ( 'NONE',  ( 24.26463195815390250, 2.034070032597007582, -12.58872025220432178 ) ) ;
#1606 = CARTESIAN_POINT ( 'NONE',  ( -5.729790037699437732, 4.000000000000000888, 31.02880269300546701 ) ) ;
#1607 = CARTESIAN_POINT ( 'NONE',  ( -37.74358632463044927, -0.4330127018922192428, 24.42292570953211950 ) ) ;
#1608 = CARTESIAN_POINT ( 'NONE',  ( -3.216429869369473948, 0.000000000000000000, 23.72511254099838141 ) ) ;
#1609 = CARTESIAN_POINT ( 'NONE',  ( -24.39233350091551245, 0.7005815837772253474, -14.82473854926896983 ) ) ;
#1610 = ORIENTED_EDGE ( 'NONE', *, *, #3915, .F. ) ;
#1611 = EDGE_CURVE ( 'NONE', #647, #1876, #4265, .T. ) ;
#1612 = FACE_OUTER_BOUND ( 'NONE', #4115, .T. ) ;
#1613 = CARTESIAN_POINT ( 'NONE',  ( -28.46889283212724209, 0.05739846856187472840, -12.60231048427746892 ) ) ;
#1614 = CARTESIAN_POINT ( 'NONE',  ( -38.98335872029778670, -0.6334765563474136219, 22.50705265107991337 ) ) ;
#1615 = CARTESIAN_POINT ( 'NONE',  ( 38.66662044212438332, 0.000000000000000000, 22.32418372091311909 ) ) ;
#1616 = ORIENTED_EDGE ( 'NONE', *, *, #2261, .T. ) ;
#1617 = B_SPLINE_CURVE_WITH_KNOTS ( 'NONE', 3,
 ( #4437, #1364, #2722, #1094, #2044, #384 ),
 .UNSPECIFIED., .F., .F.,
 ( 4, 2, 4 ),
 ( 0.000000000000000000, 0.0006541554990211453837, 0.001308310998042290767 ),
 .UNSPECIFIED. ) ;
#1618 = CARTESIAN_POINT ( 'NONE',  ( -1.287332200628731327, 2.841567777448524623, 23.43848537690623246 ) ) ;
#1619 = CARTESIAN_POINT ( 'NONE',  ( 7.790523815163892252, 0.000000000000000000, 32.95934417706001796 ) ) ;
#1620 = CARTESIAN_POINT ( 'NONE',  ( 14.96220681849330703, -0.4067950762466601700, -40.08013828543055723 ) ) ;
#1621 = CARTESIAN_POINT ( 'NONE',  ( 19.80197982609186980, 3.633778043480864639, -42.33864598170303850 ) ) ;
#1622 = CARTESIAN_POINT ( 'NONE',  ( 3.259654271361669409, 3.566987298107781701, -51.82657067210246282 ) ) ;
#1623 = CARTESIAN_POINT ( 'NONE',  ( -6.257834363898498786, 1.018110668197139912, 5.833224041814557559 ) ) ;
#1624 = CARTESIAN_POINT ( 'NONE',  ( -23.35655578948899347, 2.969904834921866854, -12.76337361042728702 ) ) ;
#1625 = CARTESIAN_POINT ( 'NONE',  ( -1.375127889877329812, 1.636571501588532707, 25.45435692544037920 ) ) ;
#1626 = CARTESIAN_POINT ( 'NONE',  ( 0.6509085787378079413, 1.224822479051768775, 28.18302119116001236 ) ) ;
#1627 = CARTESIAN_POINT ( 'NONE',  ( 7.244026695414452099, -0.3797960949458902835, 34.34382116510320060 ) ) ;
#1628 = CARTESIAN_POINT ( 'NONE',  ( -1.526126343002095931, 1.541597148398982764, 29.01248913821706310 ) ) ;
#1629 = CARTESIAN_POINT ( 'NONE',  ( 20.39802171206945047, 1.690671990977473449, -7.724739047502147571 ) ) ;
#1630 = CARTESIAN_POINT ( 'NONE',  ( -5.725996172262293626, 2.252136982032263646, -7.629267257587782680 ) ) ;
#1631 = PRODUCT_DEFINITION_FORMATION_WITH_SPECIFIED_SOURCE ( 'ANY', '', #1948, .NOT_KNOWN. ) ;
#1632 = ORIENTED_EDGE ( 'NONE', *, *, #264, .F. ) ;
#1633 = CARTESIAN_POINT ( 'NONE',  ( -46.56733289503663542, 3.633778043480865083, 4.020305416229053463 ) ) ;
#1634 = CARTESIAN_POINT ( 'NONE',  ( 35.91339308203863823, 1.172131217601860342, -7.705254568643870705 ) ) ;
#1635 = CARTESIAN_POINT ( 'NONE',  ( 0.2441930021660947414, 0.000000000000000000, -7.590718037987770117 ) ) ;
#1636 = CARTESIAN_POINT ( 'NONE',  ( 41.85149008572078344, -0.4298951801585217947, 15.66405327037768558 ) ) ;
#1637 = ORIENTED_EDGE ( 'NONE', *, *, #3220, .F. ) ;
#1638 = CARTESIAN_POINT ( 'NONE',  ( -1.166720350784063109, 0.2302821716492891302, 26.96476079061898545 ) ) ;
#1639 = CARTESIAN_POINT ( 'NONE',  ( -0.6426929577619573397, 4.352813373152423004, 23.98911627421749415 ) ) ;
#1640 = EDGE_CURVE ( 'NONE', #2744, #1434, #4427, .T. ) ;
#1641 = CARTESIAN_POINT ( 'NONE',  ( 25.09892942298320051, 2.614073604847463539, -26.14322144560687988 ) ) ;
#1642 = CARTESIAN_POINT ( 'NONE',  ( 20.45383762893127511, 4.352813373152725873, -12.55114656536036222 ) ) ;
#1643 = CARTESIAN_POINT ( 'NONE',  ( -7.166934228405412414E-14, 1.499999999999999556, -7.162213879358564128 ) ) ;
#1644 = CARTESIAN_POINT ( 'NONE',  ( -0.1280622226286635135, 4.433012701892220520, 3.837861300774042306 ) ) ;
#1645 = CARTESIAN_POINT ( 'NONE',  ( -35.22817159724229441, 4.027616587357504940, -8.717119614376715120 ) ) ;
#1646 = ORIENTED_EDGE ( 'NONE', *, *, #4009, .F. ) ;
#1647 = AXIS2_PLACEMENT_3D ( 'NONE', #3081, #2273, #3665 ) ;
#1648 = CARTESIAN_POINT ( 'NONE',  ( -21.53394364404692851, 4.144570257082145659, -11.68515863023706380 ) ) ;
#1649 = CARTESIAN_POINT ( 'NONE',  ( 40.88520915353294072, 4.000000000000000888, 31.05481965311787107 ) ) ;
#1650 = CARTESIAN_POINT ( 'NONE',  ( 17.32401777356756156, -0.3291729105351812734, 35.07745037501880603 ) ) ;
#1651 = CARTESIAN_POINT ( 'NONE',  ( 1.490336292425422426, 3.022701250516788285, 22.53513445458395736 ) ) ;
#1652 = CARTESIAN_POINT ( 'NONE',  ( 23.88108109802885082, 0.01669519882938540201, -13.75036577715319908 ) ) ;
#1653 = CARTESIAN_POINT ( 'NONE',  ( 29.73662640000739898, 4.000000000000000888, -10.55225761550415697 ) ) ;
#1654 = ORIENTED_EDGE ( 'NONE', *, *, #1724, .T. ) ;
#1655 = CARTESIAN_POINT ( 'NONE',  ( -22.39759727453707328, 0.6199015313020268536, -14.36208432909162980 ) ) ;
#1656 = CARTESIAN_POINT ( 'NONE',  ( 33.22817159724397840, 2.694283254023522201, -9.871820152755400812 ) ) ;
#1657 = CARTESIAN_POINT ( 'NONE',  ( -32.65805330045920840, -0.1130953150730512613, -9.982523673847019552 ) ) ;
#1658 = CARTESIAN_POINT ( 'NONE',  ( 24.65898161360096807, 0.2664082949584780091, -14.23686967255962266 ) ) ;
#1659 = ORIENTED_EDGE ( 'NONE', *, *, #2500, .F. ) ;
#1660 = CARTESIAN_POINT ( 'NONE',  ( -5.441057007497312803, 1.758070561823509736, 7.770830426147177228 ) ) ;
#1661 = CARTESIAN_POINT ( 'NONE',  ( 1.494774681315480303, 0.000000000000000000, 29.01056705900568033 ) ) ;
#1662 = CARTESIAN_POINT ( 'NONE',  ( 23.36448183721362781, 1.057768120954557967, -31.67809090397656746 ) ) ;
#1663 = CARTESIAN_POINT ( 'NONE',  ( -13.82451661171826984, 4.000000000000000888, -9.509322839269106709 ) ) ;
#1664 = CARTESIAN_POINT ( 'NONE',  ( 46.29393253010032083, 4.000000000000000888, 3.968110151153305676 ) ) ;
#1665 = EDGE_CURVE ( 'NONE', #2422, #4153, #2606, .T. ) ;
#1666 = CARTESIAN_POINT ( 'NONE',  ( 1.815793130999984850, 4.417476065291367604, 13.44457654945486169 ) ) ;
#1667 = CARTESIAN_POINT ( 'NONE',  ( -44.33844325840798462, 3.690282706326604600, -0.1469527545329628038 ) ) ;
#1668 = ORIENTED_EDGE ( 'NONE', *, *, #1963, .F. ) ;
#1669 = CARTESIAN_POINT ( 'NONE',  ( 0.5096637075711799580, 4.356034583850421527, 23.68983499296173534 ) ) ;
#1670 = DIRECTION ( 'NONE',  ( 0.000000000000000000, 1.000000000000000000, 0.000000000000000000 ) ) ;
#1671 = CARTESIAN_POINT ( 'NONE',  ( -1.582256337002312163, 0.2455319565159992667, 26.57285247630294123 ) ) ;
#1672 = CARTESIAN_POINT ( 'NONE',  ( -27.07974357230839146, 0.9364646365931218464, 34.98169017653800950 ) ) ;
#1673 = CARTESIAN_POINT ( 'NONE',  ( 22.47473756089040364, 0.3089939151695819675, -8.779682812711776307 ) ) ;
#1674 = CARTESIAN_POINT ( 'NONE',  ( -25.03476693859559532, 0.7005815837783236910, -13.71201119473161967 ) ) ;
#1675 = ORIENTED_EDGE ( 'NONE', *, *, #650, .F. ) ;
#1676 = CARTESIAN_POINT ( 'NONE',  ( -29.76575777107894893, 0.000000000000000000, 31.51901124741801041 ) ) ;
#1677 = CARTESIAN_POINT ( 'NONE',  ( -19.55762222270031003, 3.896698725383026307, -11.74585436053541798 ) ) ;
#1678 = CARTESIAN_POINT ( 'NONE',  ( 41.83490414635282661, -0.3968686967402254573, 4.806200234939236537 ) ) ;
#1679 = CARTESIAN_POINT ( 'NONE',  ( -41.02364251463642830, -0.3770305844203551970, 1.956925492695049673 ) ) ;
#1680 = CARTESIAN_POINT ( 'NONE',  ( 24.00295875313038962, 1.348465878273805041, -14.61172819684703050 ) ) ;
#1681 = VERTEX_POINT ( 'NONE', #1706 ) ;
#1682 = CARTESIAN_POINT ( 'NONE',  ( -2.599915839719587840, 1.667229621418784058, 23.21513545952331370 ) ) ;
#1683 = CARTESIAN_POINT ( 'NONE',  ( -14.96220681849029788, -0.4067950762468271475, -40.08013828544411439 ) ) ;
#1684 = CARTESIAN_POINT ( 'NONE',  ( -24.40214775457735286, 0.6660671733423740859, -14.82901114372038620 ) ) ;
#1685 = CARTESIAN_POINT ( 'NONE',  ( 22.73168367936666101, 0.3032381682551928970, -9.226881699875571385 ) ) ;
#1686 = CARTESIAN_POINT ( 'NONE',  ( -10.87525838030651748, 4.000000000000000888, -8.054909632272707398 ) ) ;
#1687 = CARTESIAN_POINT ( 'NONE',  ( -5.377343963909676283, 4.305424166706397493, 31.40874916473961065 ) ) ;
#1688 = CARTESIAN_POINT ( 'NONE',  ( 26.12060824430202999, -0.3797960949458896174, -23.44542172647291167 ) ) ;
#1689 = DIRECTION ( 'NONE',  ( -0.000000000000000000, -1.000000000000000000, -0.000000000000000000 ) ) ;
#1690 = ORIENTED_EDGE ( 'NONE', *, *, #1284, .F. ) ;
#1691 = EDGE_CURVE ( 'NONE', #2774, #1727, #2822, .T. ) ;
#1692 = CARTESIAN_POINT ( 'NONE',  ( -1.548834641969348835, 0.000000000000000000, 25.89836495296765762 ) ) ;
#1693 = CARTESIAN_POINT ( 'NONE',  ( -0.6261490364636281836, 0.1241626772315896354, 28.78738900372822584 ) ) ;
#1694 = CARTESIAN_POINT ( 'NONE',  ( 3.490336292425417319, 1.689367917183454360, 21.38043391620469436 ) ) ;
#1695 = CARTESIAN_POINT ( 'NONE',  ( 23.93507420680938935, 4.230315758446026919, -19.39878715565339462 ) ) ;
#1696 = CARTESIAN_POINT ( 'NONE',  ( -22.98126389304942663, 2.192844412257388687, -13.26823889497157261 ) ) ;
#1697 = EDGE_CURVE ( 'NONE', #1876, #3989, #1590, .T. ) ;
#1698 = EDGE_LOOP ( 'NONE', ( #1327, #2543, #579, #2258, #19 ) ) ;
#1699 = CARTESIAN_POINT ( 'NONE',  ( 1.582256337007219571, 0.2455319565176465046, 26.57285247630564839 ) ) ;
#1700 = CARTESIAN_POINT ( 'NONE',  ( -36.43253992206395964, 3.978262655081068910, -8.027195148552788595 ) ) ;
#1701 = CARTESIAN_POINT ( 'NONE',  ( 42.19152135163309936, -0.4067950762468278691, 7.082417941232427516 ) ) ;
#1702 = CARTESIAN_POINT ( 'NONE',  ( -28.46889283212724209, 0.05739846856187472840, -12.60231048427746892 ) ) ;
#1703 = CARTESIAN_POINT ( 'NONE',  ( 0.3470836212667652299, 4.000000000000000888, 22.96009307911237229 ) ) ;
#1704 = ORIENTED_EDGE ( 'NONE', *, *, #676, .F. ) ;
#1705 = CARTESIAN_POINT ( 'NONE',  ( -2.278301676015596300, 3.041115756814131821, 20.74044444162122147 ) ) ;
#1706 = CARTESIAN_POINT ( 'NONE',  ( -23.93324846572395614, 0.6950229483478975734, -15.31532914685621449 ) ) ;
#1707 = CARTESIAN_POINT ( 'NONE',  ( -0.4525014917199963183, 4.371047765397079843, 23.59551493991043714 ) ) ;
#1708 = CARTESIAN_POINT ( 'NONE',  ( 18.32137716725419452, 2.285695536736605860, -41.58724499996018409 ) ) ;
#1709 = CARTESIAN_POINT ( 'NONE',  ( -0.4269958918663336878, 0.4305529461518225465, -7.771253864002554579 ) ) ;
#1710 = DIRECTION ( 'NONE',  ( 0.000000000000000000, 1.000000000000000000, 0.000000000000000000 ) ) ;
#1711 = CARTESIAN_POINT ( 'NONE',  ( -18.41937902438540320, 3.754468043480995387, 38.12080203643699861 ) ) ;
#1712 = CARTESIAN_POINT ( 'NONE',  ( 0.000000000000000000, 0.000000000000000000, -44.64836744182695583 ) ) ;
#1713 = CARTESIAN_POINT ( 'NONE',  ( -21.96110709511577141, 3.907722205795121084, -11.92684411700270886 ) ) ;
#1714 = CARTESIAN_POINT ( 'NONE',  ( 8.202124894387315734, 4.000000000000000888, 33.19698217094840231 ) ) ;
#1715 = CARTESIAN_POINT ( 'NONE',  ( -31.07974357230805751, 3.603131303259815343, 37.29109125329639340 ) ) ;
#1716 = CARTESIAN_POINT ( 'NONE',  ( 23.93507420680938935, 2.896982425112691661, -17.08938607889488992 ) ) ;
#1717 = CARTESIAN_POINT ( 'NONE',  ( 25.37984316249194094, -0.08397117231272703541, -21.66171258956361712 ) ) ;
#1718 = AXIS2_PLACEMENT_3D ( 'NONE', #2475, #2618, #4001 ) ;
#1719 = ORIENTED_EDGE ( 'NONE', *, *, #956, .F. ) ;
#1720 = CARTESIAN_POINT ( 'NONE',  ( -10.80764744247505327, -0.2070289076979252019, 34.30081280134160693 ) ) ;
#1721 = CARTESIAN_POINT ( 'NONE',  ( 34.57407112053316922, 4.084678413393825203, -9.351883175497288647 ) ) ;
#1722 = CARTESIAN_POINT ( 'NONE',  ( 37.05774832427817955, 2.538212588992639684, -7.318186117072446706 ) ) ;
#1723 = B_SPLINE_CURVE_WITH_KNOTS ( 'NONE', 3,
 ( #578, #4052, #2257, #945, #3286, #2302, #968, #4006, #285, #921, #3712, #599, #4358, #1636, #3988, #2965 ),
 .UNSPECIFIED., .F., .F.,
 ( 4, 2, 2, 2, 2, 2, 2, 4 ),
 ( 0.7176406752607453754, 0.7529355908531522035, 0.7882305064455590315, 0.8235254220379658596, 0.8588203376303726877, 0.8941152532227795158, 0.9294101688151863438, 1.000000000000000000 ),
 .UNSPECIFIED. ) ;
#1724 = EDGE_CURVE ( 'NONE', #1445, #1434, #3066, .T. ) ;
#1725 = CARTESIAN_POINT ( 'NONE',  ( -18.93833523346456715, 0.000000000000000000, -14.64806624686431036 ) ) ;
#1726 = CARTESIAN_POINT ( 'NONE',  ( 24.60142449009835985, 0.1650327200322788679, -14.92797604244141674 ) ) ;
#1727 = VERTEX_POINT ( 'NONE', #915 ) ;
#1728 = CARTESIAN_POINT ( 'NONE',  ( 0.6422329751168238676, 0.7731602137246832429, 28.46167416183551424 ) ) ;
#1729 = FACE_OUTER_BOUND ( 'NONE', #693, .T. ) ;
#1730 = CARTESIAN_POINT ( 'NONE',  ( -23.54708656428894642, 2.922417658328290813, -15.99149684084236611 ) ) ;
#1731 = CARTESIAN_POINT ( 'NONE',  ( 13.01095351814998935, 2.252620949561779273, -45.88106082162122590 ) ) ;
#1732 = CARTESIAN_POINT ( 'NONE',  ( -2.412372459919295942, 0.000000000000000000, -5.118383216293824312 ) ) ;
#1733 = CARTESIAN_POINT ( 'NONE',  ( -35.90556788246409070, 3.582523934550427835, 35.22301448375988997 ) ) ;
#1734 = CARTESIAN_POINT ( 'NONE',  ( 22.15476510283419387, 0.000000000000000000, -9.077046294133957360 ) ) ;
#1735 = CARTESIAN_POINT ( 'NONE',  ( -20.35127052261821490, 2.473527000918943397, -13.20166813463153765 ) ) ;
#1736 = CARTESIAN_POINT ( 'NONE',  ( -13.32498454204307237, 3.901247833719518887, 36.55884752048257980 ) ) ;
#1737 = CARTESIAN_POINT ( 'NONE',  ( -23.73662640000448931, 0.000000000000000000, -14.01635923062971401 ) ) ;
#1738 = CARTESIAN_POINT ( 'NONE',  ( -14.19113907513119877, 3.871545922325955846, 36.90674505279017836 ) ) ;
#1739 = CARTESIAN_POINT ( 'NONE',  ( 24.00329631146955123, 0.07542787469228746933, -13.69008321121596339 ) ) ;
#1740 = CARTESIAN_POINT ( 'NONE',  ( 6.516605320430921111, 0.4305529459943779336, 4.255416221566381552 ) ) ;
#1741 = VERTEX_POINT ( 'NONE', #2916 ) ;
#1742 = CARTESIAN_POINT ( 'NONE',  ( -21.24426170536882452, 3.595319564325175854, -13.71354284859642014 ) ) ;
#1743 =( BOUNDED_SURFACE ( )  B_SPLINE_SURFACE ( 3, 2, ( 
 ( #2731, #1277, #596 ),
 ( #2686, #2375, #305 ),
 ( #1655, #3321, #965 ),
 ( #987, #3030, #4095 ),
 ( #1301, #4377, #3708 ),
 ( #1960, #621, #2641 ),
 ( #232, #282, #574 ),
 ( #4446, #1940, #4023 ),
 ( #1984, #3419, #1374 ),
 ( #327, #1677, #3346 ) ),
 .UNSPECIFIED., .F., .F., .T. ) 
 B_SPLINE_SURFACE_WITH_KNOTS ( ( 4, 2, 2, 2, 4 ),
 ( 3, 3 ),
 ( 0.003424212971889415563, 0.004966699446187323834, 0.006509185920485232105, 0.008051672394783139508, 0.009594158869081048646 ),
 ( 0.000000000000000000, 1.000000000000000000 ),
 .UNSPECIFIED. ) 
 GEOMETRIC_REPRESENTATION_ITEM ( )  RATIONAL_B_SPLINE_SURFACE ( (
 ( 1.000000000000000000, 0.6448317826804842445, 1.000000000000000000),
 ( 1.000000000000000000, 0.6539256206647422465, 1.000000000000000000),
 ( 1.000000000000000000, 0.6584983573602551932, 1.000000000000000000),
 ( 1.000000000000000000, 0.6622632163585839837, 1.000000000000000000),
 ( 1.000000000000000000, 0.6614719027730925349, 1.000000000000000000),
 ( 1.000000000000000000, 0.6572564085836020142, 1.000000000000000000),
 ( 1.000000000000000000, 0.6538739101797231834, 1.000000000000000000),
 ( 1.000000000000000000, 0.6460757461275862257, 1.000000000000000000),
 ( 1.000000000000000000, 0.6416203717472722667, 1.000000000000000000),
 ( 1.000000000000000000, 0.6369435552872027007, 1.000000000000000000) ) ) 
 REPRESENTATION_ITEM ( '' )  SURFACE ( )  );
#1744 = CARTESIAN_POINT ( 'NONE',  ( 34.24759206640791120, 4.000000000000000888, -8.688626656610367149 ) ) ;
#1745 = CARTESIAN_POINT ( 'NONE',  ( -12.61506196063528762, -0.6107472116707302057, -41.89002308342239900 ) ) ;
#1746 = CARTESIAN_POINT ( 'NONE',  ( 15.66704978031857642, -0.4490539079495646235, 35.22830397677520153 ) ) ;
#1747 = CARTESIAN_POINT ( 'NONE',  ( 21.30950353985948098, 3.907722205795107318, -13.05545458109980395 ) ) ;
#1748 = ORIENTED_EDGE ( 'NONE', *, *, #1665, .F. ) ;
#1749 = EDGE_CURVE ( 'NONE', #279, #3773, #2391, .T. ) ;
#1750 = CARTESIAN_POINT ( 'NONE',  ( -25.14836744182695583, 4.057398468560816873, -25.28183239837603935 ) ) ;
#1751 = CARTESIAN_POINT ( 'NONE',  ( -31.97771783617488239, -0.1927552366036827391, -11.93799380562502854 ) ) ;
#1752 = CARTESIAN_POINT ( 'NONE',  ( 40.29393253010028531, 0.000000000000000000, 0.5040085360156071337 ) ) ;
#1753 = CARTESIAN_POINT ( 'NONE',  ( -2.279080936879461561, 0.9003206314411142941, -47.20776851858546053 ) ) ;
#1754 = CARTESIAN_POINT ( 'NONE',  ( 22.29648644778571409, 3.690282706326600604, -38.32474184876978995 ) ) ;
#1755 = B_SPLINE_CURVE_WITH_KNOTS ( 'NONE', 3,
 ( #1439, #418, #3899, #3530, #800, #82, #2823, #4203, #3551, #3192, #841, #2595 ),
 .UNSPECIFIED., .F., .F.,
 ( 4, 2, 2, 2, 2, 4 ),
 ( 0.000000000000000000, 0.06250000000000000000, 0.1250000000000000000, 0.1875000000000000000, 0.2500000000000000000, 0.2906863939216539627 ),
 .UNSPECIFIED. ) ;
#1756 = CARTESIAN_POINT ( 'NONE',  ( 41.69931360903198936, -0.6298780529116676519, 16.51566343978960205 ) ) ;
#1757 = CARTESIAN_POINT ( 'NONE',  ( -23.85380752376746472, 0.05023518026358399224, -13.88415209259697569 ) ) ;
#1758 = CARTESIAN_POINT ( 'NONE',  ( -13.68390755479769538, 3.886904684927011022, 36.73806724840515869 ) ) ;
#1759 = CARTESIAN_POINT ( 'NONE',  ( 24.48798467194705708, 0.000000000000000000, -23.22614634881877294 ) ) ;
#1760 = ORIENTED_EDGE ( 'NONE', *, *, #708, .F. ) ;
#1761 = CARTESIAN_POINT ( 'NONE',  ( -0.3805895161136529925, 2.786608766926028657, 25.14684860377730757 ) ) ;
#1762 = CARTESIAN_POINT ( 'NONE',  ( 8.490317177228678958, 4.214865390018545988, -3.647932256910997317 ) ) ;
#1763 = CARTESIAN_POINT ( 'NONE',  ( -33.05774832427701426, -0.1284540776740738521, -9.627587193831274703 ) ) ;
#1764 = CARTESIAN_POINT ( 'NONE',  ( 25.37984316249194094, 0.08397117231272703541, -18.33828741043639710 ) ) ;
#1765 = ORIENTED_EDGE ( 'NONE', *, *, #1040, .T. ) ;
#1766 = CARTESIAN_POINT ( 'NONE',  ( -20.34056130358671055, 3.985054942161710745, -13.03595006843758597 ) ) ;
#1767 = CARTESIAN_POINT ( 'NONE',  ( 44.18875233197911712, 3.693049341720247014, -0.4804141994147401173 ) ) ;
#1768 = CARTESIAN_POINT ( 'NONE',  ( 44.33844325840897937, 3.690282706326320383, -0.1469527545323781881 ) ) ;
#1769 = CARTESIAN_POINT ( 'NONE',  ( 8.856533956693786180, 3.690974062790595589, -2.372540294332481814 ) ) ;
#1770 = CARTESIAN_POINT ( 'NONE',  ( -21.65422464477628495, 0.000000000000000000, -14.29051262268938771 ) ) ;
#1771 = ORIENTED_EDGE ( 'NONE', *, *, #3379, .T. ) ;
#1772 = CARTESIAN_POINT ( 'NONE',  ( -18.81707406733387700, 4.377030584420228188, -10.42222391048989394 ) ) ;
#1773 = CARTESIAN_POINT ( 'NONE',  ( 48.01408729258305641, 3.574026498045642875, 17.44817117717134636 ) ) ;
#1774 = B_SPLINE_CURVE_WITH_KNOTS ( 'NONE', 1,
 ( #2990, #1357 ),
 .UNSPECIFIED., .F., .F.,
 ( 2, 2 ),
 ( 0.000000000000000000, 1.000000000000000000 ),
 .UNSPECIFIED. ) ;
#1775 = CARTESIAN_POINT ( 'NONE',  ( 24.00683636229614493, 4.000000000000000888, -20.47654507750478814 ) ) ;
#1776 = CARTESIAN_POINT ( 'NONE',  ( -21.61895409700406745, 3.000589852481422959, -11.81836969653568836 ) ) ;
#1777 = CARTESIAN_POINT ( 'NONE',  ( 24.84906594573055116, -0.1414115976327515456, -24.17554869719300470 ) ) ;
#1778 = CARTESIAN_POINT ( 'NONE',  ( 41.02364251462572753, -0.3770305844202764822, 1.956925492685338774 ) ) ;
#1779 = CARTESIAN_POINT ( 'NONE',  ( -23.88923494347637444, 0.3049527794464108599, -14.46339912016855855 ) ) ;
#1780 = CARTESIAN_POINT ( 'NONE',  ( -5.537937280780629301, 3.411999302795898359, 29.05920243512968071 ) ) ;
#1781 = ADVANCED_FACE ( 'NONE', ( #2581 ), #1599, .F. ) ;
#1782 = CARTESIAN_POINT ( 'NONE',  ( 19.59684997947676166, 0.000000000000000000, -4.965609941219660151 ) ) ;
#1783 = ORIENTED_EDGE ( 'NONE', *, *, #156, .F. ) ;
#1784 = CARTESIAN_POINT ( 'NONE',  ( -1.240726650009887466, 1.603516796052162796, 27.72214316099658049 ) ) ;
#1785 = CARTESIAN_POINT ( 'NONE',  ( -17.46897287557657208, 3.773301808153568526, 37.97832721308381565 ) ) ;
#1786 = CARTESIAN_POINT ( 'NONE',  ( -12.35914870556845990, -0.4169498590015598416, -41.72138723323590881 ) ) ;
#1787 = CARTESIAN_POINT ( 'NONE',  ( -40.02266726150961773, -0.4330127018922192983, 20.47544173229576003 ) ) ;
#1788 = CARTESIAN_POINT ( 'NONE',  ( 3.275019910992779781, 0.6334765563474025196, 5.014105302159441280 ) ) ;
#1789 = CARTESIAN_POINT ( 'NONE',  ( 23.63672851755587345, 0.6199015313025570961, -12.21584605893610842 ) ) ;
#1790 = CARTESIAN_POINT ( 'NONE',  ( -23.93324846572395614, 0.6950229483478975734, -15.31532914685621449 ) ) ;
#1791 = B_SPLINE_SURFACE_WITH_KNOTS ( 'NONE', 3, 3, ( 
 ( #1586, #2003, #227, #3703, #253, #3390, #3316, #4441, #4111, #4044, #2637, #4351, #2681, #3075, #569, #1956, #299, #1028, #4018, #3339, #2999, #982, #659, #3050, #1368, #4394, #1607, #613 ),
 ( #1694, #2392, #1273, #937, #1628, #2345, #2725, #4418, #1343, #2976, #3682, #1936, #2292, #590, #4371, #1978, #4065, #3726, #1296, #1672, #276, #2658, #960, #3365, #2316, #2704, #636, #1005 ),
 ( #1651, #3024, #1318, #4090, #2370, #3750, #2027, #3414, #322, #3189, #2138, #2069, #1459, #3847, #3458, #753, #414, #1097, #1120, #2113, #729, #79, #3776, #1413, #2817, #4199, #1141, #3167 ),
 ( #99, #3436, #364, #54, #3526, #775, #684, #33, #3501, #438, #1052, #1738, #706, #1785, #3801, #344, #2485, #3479, #9, #1715, #1391, #3825, #3098, #3142, #1809, #3870, #1481, #2747 ) ),
 .UNSPECIFIED., .F., .F., .F.,
 ( 4, 4 ),
 ( 4, 3, 3, 3, 3, 3, 3, 3, 3, 4 ),
 ( 0.000000000000000000, 1.000000000000000000 ),
 ( 0.6504051016548111352, 0.6941044639479597711, 0.7378038262411084069, 0.7596535073876826694, 0.7815031885342569318, 0.8252025508274055676, 0.8689019131205542035, 0.9126012754137027283, 0.9563006377068513642, 1.000000000000000000 ),
 .UNSPECIFIED. ) ;
#1792 = CARTESIAN_POINT ( 'NONE',  ( 23.31699837781304652, 4.329172910535425522, -11.61334875988061555 ) ) ;
#1793 = CARTESIAN_POINT ( 'NONE',  ( -25.37984316249255201, 0.08397117231124975878, -18.33828741043712185 ) ) ;
#1794 = CARTESIAN_POINT ( 'NONE',  ( 20.58808730650719099, -0.3642118461358218040, 34.82972248685479144 ) ) ;
#1795 = FACE_OUTER_BOUND ( 'NONE', #75, .T. ) ;
#1796 = ORIENTED_EDGE ( 'NONE', *, *, #4285, .F. ) ;
#1797 = CARTESIAN_POINT ( 'NONE',  ( 0.6339356932088427987, 0.4131372162980006535, 28.65465051556410714 ) ) ;
#1798 = CARTESIAN_POINT ( 'NONE',  ( -7.166934228405412414E-14, 0.000000000000000000, -7.162213879358564128 ) ) ;
#1799 = CARTESIAN_POINT ( 'NONE',  ( -21.22435287718752051, 4.308934285228527727, -11.50998391642606755 ) ) ;
#1800 = CARTESIAN_POINT ( 'NONE',  ( -13.01095351814817924, 2.252620949561609187, -45.88106082162833133 ) ) ;
#1801 = CARTESIAN_POINT ( 'NONE',  ( -32.43889125699060116, 0.000000000000000000, -9.732880555810567103 ) ) ;
#1802 = CARTESIAN_POINT ( 'NONE',  ( 40.62086867579598959, -0.6334765563479267669, 19.67080221025767273 ) ) ;
#1803 = CARTESIAN_POINT ( 'NONE',  ( -4.025604290746645830, 0.000000000000000000, -2.324183720913435280 ) ) ;
#1804 = CARTESIAN_POINT ( 'NONE',  ( -32.53911937922849518, 4.976681743335236163, 35.79018766559590858 ) ) ;
#1805 = CARTESIAN_POINT ( 'NONE',  ( -3.226463661654748627, 0.000000000000000000, -44.64836744182695583 ) ) ;
#1806 = ORIENTED_EDGE ( 'NONE', *, *, #3268, .F. ) ;
#1807 = EDGE_CURVE ( 'NONE', #2519, #2449, #563, .T. ) ;
#1808 = CARTESIAN_POINT ( 'NONE',  ( -29.73662640000447155, 4.000000000000000888, -10.55225761549193209 ) ) ;
#1809 = CARTESIAN_POINT ( 'NONE',  ( -40.70430691594421546, 3.571205789718006507, 31.29765644380878697 ) ) ;
#1810 = CARTESIAN_POINT ( 'NONE',  ( 0.6272942347906491634, 0.1650327200322852794, 28.76944659893034029 ) ) ;
#1811 = CARTESIAN_POINT ( 'NONE',  ( 18.93157082481007336, -0.5515774369032356850, -36.60675399206110114 ) ) ;
#1812 = CARTESIAN_POINT ( 'NONE',  ( 22.75068230298171201, 3.422840738422487927, -11.69694399954195063 ) ) ;
#1813 = CARTESIAN_POINT ( 'NONE',  ( -19.62175057574418702, 3.749878849397291436, -12.41800168497288404 ) ) ;
#1814 = CARTESIAN_POINT ( 'NONE',  ( 20.05292884487832339, 4.364211846135923167, -11.36562087171559554 ) ) ;
#1815 = CARTESIAN_POINT ( 'NONE',  ( 12.41338555688941803, 0.000000000000000000, 1.537408016346868633 ) ) ;
#1816 = CARTESIAN_POINT ( 'NONE',  ( 35.15264090448675915, -0.6298780531428351814, 27.85483318484830306 ) ) ;
#1817 = CARTESIAN_POINT ( 'NONE',  ( -35.15264090372780004, -0.6298780529116528859, 27.85483318590089397 ) ) ;
#1818 = ORIENTED_EDGE ( 'NONE', *, *, #3630, .F. ) ;
#1819 = CARTESIAN_POINT ( 'NONE',  ( 0.6491137754469610277, 1.121994299935678008, 28.25039196309969824 ) ) ;
#1820 = CARTESIAN_POINT ( 'NONE',  ( 46.01587079748192366, 3.566987298107781701, 23.95131516844121222 ) ) ;
#1821 = CARTESIAN_POINT ( 'NONE',  ( -22.73168367936294842, 2.969904834924264936, -13.84568385339311192 ) ) ;
#1822 = CARTESIAN_POINT ( 'NONE',  ( -41.33686730631090711, 0.000000000000000000, 16.41611832430266205 ) ) ;
#1823 = CARTESIAN_POINT ( 'NONE',  ( -3.216429869369473948, 0.000000000000000000, 23.72511254099838141 ) ) ;
#1824 = DIRECTION ( 'NONE',  ( 0.000000000000000000, 0.000000000000000000, 1.000000000000000000 ) ) ;
#1825 = CARTESIAN_POINT ( 'NONE',  ( 0.000000000000000000, 0.000000000000000000, -44.64836744182695583 ) ) ;
#1826 = VERTEX_POINT ( 'NONE', #1320 ) ;
#1827 = CARTESIAN_POINT ( 'NONE',  ( -34.91122611367977413, 0.000000000000000000, -7.564701077865828793 ) ) ;
#1828 = CARTESIAN_POINT ( 'NONE',  ( -1.546230274150749651, 4.423852962891291263, 10.61830527657225254 ) ) ;
#1829 = CARTESIAN_POINT ( 'NONE',  ( -19.42743740484242920, 4.368225035048060256, -11.21643997883764854 ) ) ;
#1830 = CARTESIAN_POINT ( 'NONE',  ( 8.966818111548816361, 1.527784818148851365, 0.3132427399277316060 ) ) ;
#1831 = EDGE_CURVE ( 'NONE', #1727, #618, #3422, .T. ) ;
#1832 = CARTESIAN_POINT ( 'NONE',  ( 16.04195681062426715, -0.3097172936733054160, 35.00759298816602438 ) ) ;
#1833 = CARTESIAN_POINT ( 'NONE',  ( -0.6532628621117474443, 3.773757386734529096, 25.21438498279879781 ) ) ;
#1834 = CARTESIAN_POINT ( 'NONE',  ( 46.27985227295176429, 4.000000000000000888, 22.99408584067042938 ) ) ;
#1835 = CARTESIAN_POINT ( 'NONE',  ( -18.56975491621482277, 0.000000000000000000, -36.28830061037228916 ) ) ;
#1836 = CARTESIAN_POINT ( 'NONE',  ( 38.98335872029807803, -0.6334765563473873096, 22.50705265107935915 ) ) ;
#1837 = ADVANCED_FACE ( 'NONE', ( #2029 ), #3196, .F. ) ;
#1838 = CARTESIAN_POINT ( 'NONE',  ( 6.527148168234493397, 0.5515774369034914804, 18.09184427180603905 ) ) ;
#1839 = EDGE_LOOP ( 'NONE', ( #662, #2157, #3729, #231, #332 ) ) ;
#1840 = CARTESIAN_POINT ( 'NONE',  ( -15.14757345745100814, 4.000000000000000888, -7.217721161150608467 ) ) ;
#1841 = CARTESIAN_POINT ( 'NONE',  ( 46.56733289502297168, 3.633778043480648368, 4.020305416217877514 ) ) ;
#1842 = AXIS2_PLACEMENT_3D ( 'NONE', #2459, #2862, #773 ) ;
#1843 = CARTESIAN_POINT ( 'NONE',  ( 3.681516849411811787, -0.4330127018922192983, -44.89836744182695583 ) ) ;
#1844 = CARTESIAN_POINT ( 'NONE',  ( -23.85760799657044728, 0.07542787469228857955, -13.94242277468992519 ) ) ;
#1845 = CARTESIAN_POINT ( 'NONE',  ( 25.23008834136019729, 0.6950229483473121528, -13.06913659297408792 ) ) ;
#1846 = CARTESIAN_POINT ( 'NONE',  ( -1.794104258654699802, 0.4249066831143284428, -9.481578363780176488 ) ) ;
#1847 = ORIENTED_EDGE ( 'NONE', *, *, #4125, .T. ) ;
#1848 = CARTESIAN_POINT ( 'NONE',  ( -5.573004108662605205, 4.430552945994378433, -4.307152249575421088 ) ) ;
#1849 = CARTESIAN_POINT ( 'NONE',  ( -7.714334993473941360, 0.4090414261448864774, -13.32832643175273191 ) ) ;
#1850 = CARTESIAN_POINT ( 'NONE',  ( -43.45671901722738539, 0.9045391230513366576, 17.29273453398262816 ) ) ;
#1851 = CARTESIAN_POINT ( 'NONE',  ( -15.26472750257646460, 0.3533354452479141039, -14.98534524696456671 ) ) ;
#1852 = CARTESIAN_POINT ( 'NONE',  ( 20.77539992599157870, 3.516620196224990114, -11.54711116281172956 ) ) ;
#1853 = CARTESIAN_POINT ( 'NONE',  ( 0.6322453713549925913, 4.758280581104068929, 22.89215353962073252 ) ) ;
#1854 = CARTESIAN_POINT ( 'NONE',  ( 43.06403263064768083, 4.735086396238433970, 0.2644167197021731197 ) ) ;
#1855 = CARTESIAN_POINT ( 'NONE',  ( 3.035766082959412415E-15, 0.4330127018922192983, 4.898367441826950497 ) ) ;
#1856 = CARTESIAN_POINT ( 'NONE',  ( 8.089339670971147811, 0.000000000000000000, 3.282730187120860510 ) ) ;
#1857 = CARTESIAN_POINT ( 'NONE',  ( 4.550751173979253217, 0.4815639839149645773, 22.62263684140210174 ) ) ;
#1858 = EDGE_CURVE ( 'NONE', #2668, #2707, #3377, .T. ) ;
#1859 = CARTESIAN_POINT ( 'NONE',  ( -6.296122474705282634, 2.968910458279174325, -3.516666692438722208 ) ) ;
#1860 = CARTESIAN_POINT ( 'NONE',  ( -26.95710859657825864, 0.1130953150742197155, -13.27396563326415091 ) ) ;
#1861 = CARTESIAN_POINT ( 'NONE',  ( -13.01095351814817924, 3.585954282894942668, -48.19046189838683603 ) ) ;
#1862 = AXIS2_PLACEMENT_3D ( 'NONE', #2533, #796, #4288 ) ;
#1863 = CARTESIAN_POINT ( 'NONE',  ( 21.53740801633567870, 0.000000000000000000, -32.41338555689223710 ) ) ;
#1864 = CARTESIAN_POINT ( 'NONE',  ( -1.087453448586400917, 0.5674937315719380537, 28.20374899278229464 ) ) ;
#1865 = CARTESIAN_POINT ( 'NONE',  ( 12.41338555688941803, 4.000000000000000888, -5.390795213928639029 ) ) ;
#1866 = CARTESIAN_POINT ( 'NONE',  ( -6.451658152776752253, 4.000000000000000888, -2.921366867967594150 ) ) ;
#1867 = CARTESIAN_POINT ( 'NONE',  ( -20.03179445422835769, 4.532128765940475645, -11.52290879102801568 ) ) ;
#1868 = CARTESIAN_POINT ( 'NONE',  ( -26.76260748904629239, 2.897094623719403739, -12.18469272042665708 ) ) ;
#1869 = CARTESIAN_POINT ( 'NONE',  ( -37.05774832427792376, 2.538212588992646346, -7.318186117072242425 ) ) ;
#1870 = CARTESIAN_POINT ( 'NONE',  ( 6.451658152779113031, 0.000000000000000000, 4.006836362296140486 ) ) ;
#1871 = CARTESIAN_POINT ( 'NONE',  ( 25.07974357230440887, -0.3968686967413063704, 33.82698963815469284 ) ) ;
#1872 = CARTESIAN_POINT ( 'NONE',  ( 4.454553045873943518E-12, 0.2664082949584833382, 28.47373934511142934 ) ) ;
#1873 = CARTESIAN_POINT ( 'NONE',  ( 6.193583929647142661, 2.968910458279157449, -3.694268662213610277 ) ) ;
#1874 = CARTESIAN_POINT ( 'NONE',  ( -23.80389346399870476, -0.2455319565195223375, -28.08384794499817971 ) ) ;
#1875 = CARTESIAN_POINT ( 'NONE',  ( 3.599224624581436771, 0.000000000000000000, 30.53949646112303284 ) ) ;
#1876 = VERTEX_POINT ( 'NONE', #3768 ) ;
#1877 = CARTESIAN_POINT ( 'NONE',  ( 0.000000000000000000, 3.566987298107781701, -51.82657067210246282 ) ) ;
#1878 = CARTESIAN_POINT ( 'NONE',  ( -31.04179152679645526, 0.000000000000000000, -10.53949646112291738 ) ) ;
#1879 = CARTESIAN_POINT ( 'NONE',  ( 5.381969370620453219, 4.302477907666690804, 31.40413977221426833 ) ) ;
#1880 = EDGE_CURVE ( 'NONE', #1321, #279, #3208, .T. ) ;
#1881 = CARTESIAN_POINT ( 'NONE',  ( 6.451658152779113031, 0.000000000000000000, 4.006836362296140486 ) ) ;
#1882 = CARTESIAN_POINT ( 'NONE',  ( -24.00683636230791507, 4.000000000000000888, -33.37986138304947303 ) ) ;
#1883 = CARTESIAN_POINT ( 'NONE',  ( -47.16756820731299626, 3.449142520382714849, 5.372458505071135981 ) ) ;
#1884 = CARTESIAN_POINT ( 'NONE',  ( 25.19828636846795789, 3.834763006525312434, -30.24974920175836601 ) ) ;
#1885 = CARTESIAN_POINT ( 'NONE',  ( -6.242536257479183170, 1.752763031097428925, -10.39792639411675168 ) ) ;
#1886 = CARTESIAN_POINT ( 'NONE',  ( -30.23288475969426159, -0.01358214821293170053, -11.61268178045401456 ) ) ;
#1887 = CARTESIAN_POINT ( 'NONE',  ( 6.451658152778323441, 0.000000000000000000, -44.00683636228296081 ) ) ;
#1888 = CARTESIAN_POINT ( 'NONE',  ( 15.75179054762974573, 1.057768120954561297, 36.07328026927522302 ) ) ;
#1889 = DIRECTION ( 'NONE',  ( 0.000000000000000000, 1.000000000000000000, 0.000000000000000000 ) ) ;
#1890 = CARTESIAN_POINT ( 'NONE',  ( 1.654989726001792283, 4.638811966503182838, 0.9555087638131829486 ) ) ;
#1891 = CARTESIAN_POINT ( 'NONE',  ( -1.296839875635664718, 0.6950229483473364667, 28.38446573983036814 ) ) ;
#1892 = CARTESIAN_POINT ( 'NONE',  ( -23.85854058894107510, 0.000000000000000000, -13.60942455459204758 ) ) ;
#1893 = CARTESIAN_POINT ( 'NONE',  ( 23.93507420680938935, 0.2303157584460261142, -12.47058392537788940 ) ) ;
#1894 = CARTESIAN_POINT ( 'NONE',  ( 3.226463661653574011, 4.000000000000000888, -51.57657067210246282 ) ) ;
#1895 = CARTESIAN_POINT ( 'NONE',  ( -1.323056845735398834, 4.000000000000000888, 16.72704400042254846 ) ) ;
#1896 = ORIENTED_EDGE ( 'NONE', *, *, #815, .T. ) ;
#1897 = CARTESIAN_POINT ( 'NONE',  ( -22.51042706702113350, 3.693049341720247014, -38.02837498132560512 ) ) ;
#1898 = CARTESIAN_POINT ( 'NONE',  ( 37.11627238484572189, -0.2755652123790612307, -5.549889903675542691 ) ) ;
#1899 = B_SPLINE_CURVE_WITH_KNOTS ( 'NONE', 3,
 ( #220, #3676, #2335, #928, #2265, #1602, #4408, #1623, #2652, #629 ),
 .UNSPECIFIED., .F., .F.,
 ( 4, 2, 2, 2, 4 ),
 ( 0.000000000000000000, 0.002039516717371955140, 0.004079033434743911148, 0.006118550152115867155, 0.008158066869487824030 ),
 .UNSPECIFIED. ) ;
#1900 = CARTESIAN_POINT ( 'NONE',  ( -6.752412101283785439, 3.571205789718006507, -50.89979205455072986 ) ) ;
#1901 = CARTESIAN_POINT ( 'NONE',  ( 24.99419436714537568, 0.1126318201495424970, -16.74273745525439949 ) ) ;
#1902 = CARTESIAN_POINT ( 'NONE',  ( 19.71048206913087597, 4.000000000000000888, -42.07577668775414281 ) ) ;
#1903 = VECTOR ( 'NONE', #2182, 1000.000000000000000 ) ;
#1904 = CARTESIAN_POINT ( 'NONE',  ( -0.8768716604373103518, 3.550667977110741447, 22.59375224404313798 ) ) ;
#1905 = B_SPLINE_CURVE_WITH_KNOTS ( 'NONE', 3,
 ( #889, #4332, #2188, #2271, #510, #914, #3981, #173, #2250, #3661 ),
 .UNSPECIFIED., .F., .F.,
 ( 4, 3, 3, 4 ),
 ( 0.000000000000000000, 0.0001260936528958358387, 0.0002521873047266175454, 0.0005008403763941241026 ),
 .UNSPECIFIED. ) ;
#1906 = CARTESIAN_POINT ( 'NONE',  ( -24.97391986282037735, 4.448467771511352531, -11.76344499494922147 ) ) ;
#1907 = CARTESIAN_POINT ( 'NONE',  ( 23.80389346400009387, 3.754468043482170447, -35.01205117527376842 ) ) ;
#1908 = EDGE_CURVE ( 'NONE', #1681, #2861, #3637, .T. ) ;
#1909 = CARTESIAN_POINT ( 'NONE',  ( 24.55075230920674301, 0.1717880992742127355, -14.69384078748521816 ) ) ;
#1910 = CARTESIAN_POINT ( 'NONE',  ( -44.02410729034957626, 0.9074491331063891941, 15.08518882906862224 ) ) ;
#1911 = CARTESIAN_POINT ( 'NONE',  ( 23.85854058893518470, 0.000000000000000000, -13.60942455459373335 ) ) ;
#1912 = CARTESIAN_POINT ( 'NONE',  ( -3.490336292428840359, 1.689367917183753232, 21.38043391620327327 ) ) ;
#1913 = CARTESIAN_POINT ( 'NONE',  ( 21.85007029509493393, 4.000000000000000888, -11.13884339403909962 ) ) ;
#1914 = CARTESIAN_POINT ( 'NONE',  ( 5.638836121574000160, 0.000000000000000000, 0.4700157744668702620 ) ) ;
#1915 = CARTESIAN_POINT ( 'NONE',  ( -21.71595423797150914, 0.3291729105354245788, -7.458235324971033364 ) ) ;
#1916 = CARTESIAN_POINT ( 'NONE',  ( 1.982962850920918285, 0.1130953150742197155, 29.98252367384471029 ) ) ;
#1917 = CARTESIAN_POINT ( 'NONE',  ( 24.00683636230733953, 4.000000000000000888, -33.37986138305743822 ) ) ;
#1918 = VERTEX_POINT ( 'NONE', #26 ) ;
#1919 = CARTESIAN_POINT ( 'NONE',  ( -23.85854058894107510, 4.000000000000000888, -33.31877867568346119 ) ) ;
#1920 = CARTESIAN_POINT ( 'NONE',  ( -34.78417905068452143, 0.000000000000000000, -7.466814524540161813 ) ) ;
#1921 = CARTESIAN_POINT ( 'NONE',  ( 2.452263819394133737, 4.306950658279280475, 27.40861742969484638 ) ) ;
#1922 = CARTESIAN_POINT ( 'NONE',  ( -23.36448183721278582, 3.724434787621231369, -36.29689305749776196 ) ) ;
#1923 = CARTESIAN_POINT ( 'NONE',  ( 42.34922626804515744, 3.568281307083106313, 29.68084939801301658 ) ) ;
#1924 = ORIENTED_EDGE ( 'NONE', *, *, #3738, .F. ) ;
#1925 = CARTESIAN_POINT ( 'NONE',  ( 48.17914332797098353, 4.000000000000000888, 13.48249838407693169 ) ) ;
#1926 = CARTESIAN_POINT ( 'NONE',  ( 21.38935507278714354, 4.000000000000000888, -14.57648662375178539 ) ) ;
#1927 = CARTESIAN_POINT ( 'NONE',  ( 12.40442265657868681, 0.5515774369035043589, -14.69859826385921764 ) ) ;
#1928 = CARTESIAN_POINT ( 'NONE',  ( 3.274956532964994782, 3.367350301373100763, -51.94183114590744310 ) ) ;
#1929 = CARTESIAN_POINT ( 'NONE',  ( -17.40851118920744511, 4.383618995422631670, -10.79487810219864308 ) ) ;
#1930 = CARTESIAN_POINT ( 'NONE',  ( -25.88861579221332576, 1.541597148399074024, -13.18458038667593613 ) ) ;
#1931 = CARTESIAN_POINT ( 'NONE',  ( -7.269421991941856120, 0.3991402755992937701, 14.65772107446253258 ) ) ;
#1932 = EDGE_CURVE ( 'NONE', #3320, #3079, #1406, .T. ) ;
#1933 = CARTESIAN_POINT ( 'NONE',  ( 42.33240343985291076, 3.568295779662951528, 29.70251093301799727 ) ) ;
#1934 = CARTESIAN_POINT ( 'NONE',  ( 20.19370091152632796, 3.282366990079919944, -10.29715933424729180 ) ) ;
#1935 = CARTESIAN_POINT ( 'NONE',  ( -44.66662044212406357, 4.000000000000000888, 25.78828533605144457 ) ) ;
#1936 = CARTESIAN_POINT ( 'NONE',  ( -10.19113907513211359, 1.204879255659342174, 34.59734397603220657 ) ) ;
#1937 = CARTESIAN_POINT ( 'NONE',  ( 20.54224680726541052, 0.000000000000000000, 34.48856494576864407 ) ) ;
#1938 = CARTESIAN_POINT ( 'NONE',  ( 17.33890484461463899, 0.000000000000000000, -14.85863525226426063 ) ) ;
#1939 = ORIENTED_EDGE ( 'NONE', *, *, #1557, .F. ) ;
#1940 = CARTESIAN_POINT ( 'NONE',  ( -20.38779157031162370, 3.516620196222240757, -12.21846852828206487 ) ) ;
#1941 = CARTESIAN_POINT ( 'NONE',  ( 8.282591045314703138, 4.000000000000000888, 33.05824525411666315 ) ) ;
#1942 = CARTESIAN_POINT ( 'NONE',  ( 0.4269958913373788079, 0.4305529459943779336, -7.771253864713203896 ) ) ;
#1943 = CARTESIAN_POINT ( 'NONE',  ( -0.9317661090362671095, 0.4011753889089005320, 27.81274751165250336 ) ) ;
#1944 = CARTESIAN_POINT ( 'NONE',  ( 1.579913979202064889, 4.330016127894814382, 26.06162498927141513 ) ) ;
#1945 = DIRECTION ( 'NONE',  ( 0.000000000000000000, -0.000000000000000000, 1.000000000000000000 ) ) ;
#1946 = CARTESIAN_POINT ( 'NONE',  ( 0.6272942347906491634, 0.1650327200322852794, 28.76944659893034029 ) ) ;
#1947 = CARTESIAN_POINT ( 'NONE',  ( 6.752412101284440027, -0.4287942102819971568, -43.97158882427402915 ) ) ;
#1948 = PRODUCT ( 'Toroidal_propeller_Riya', 'Toroidal_propeller_Riya', '', ( #2214 ) ) ;
#1949 = CARTESIAN_POINT ( 'NONE',  ( -37.04179152679644460, 4.000000000000000888, -7.075394845985132797 ) ) ;
#1950 = CARTESIAN_POINT ( 'NONE',  ( 6.546548685694276060, 4.629055892208139511, -2.558181279277677689 ) ) ;
#1951 = CARTESIAN_POINT ( 'NONE',  ( 1.947760274175006190, 4.615891185338551139, 13.44404030042264964 ) ) ;
#1952 = CARTESIAN_POINT ( 'NONE',  ( 19.40030079460968437, 1.266142134585252155, -2.980691887385602090 ) ) ;
#1953 = CARTESIAN_POINT ( 'NONE',  ( 35.07621039203358748, 0.9074491331063893051, 30.58340087783996353 ) ) ;
#1954 = CARTESIAN_POINT ( 'NONE',  ( -0.6509085787304907944, 1.224822479050798663, 28.18302119116122739 ) ) ;
#1955 = CARTESIAN_POINT ( 'NONE',  ( -4.752674784932936269, 1.454140988372568444, -2.743958066451714028 ) ) ;
#1956 = CARTESIAN_POINT ( 'NONE',  ( -16.04195681062157419, -0.3097172936737711546, 35.00759298816421961 ) ) ;
#1957 = CARTESIAN_POINT ( 'NONE',  ( 9.656393454908375418, 3.090958790139515688, -1.568853500389237432 ) ) ;
#1958 = CARTESIAN_POINT ( 'NONE',  ( 5.755806997822453752, 4.000000000000000888, -4.126616422853908617 ) ) ;
#1959 = VERTEX_POINT ( 'NONE', #4149 ) ;
#1960 = CARTESIAN_POINT ( 'NONE',  ( -20.81806709374918540, 2.139241201366353984, -13.45565851275093117 ) ) ;
#1961 = CARTESIAN_POINT ( 'NONE',  ( 18.50382014022217803, 4.000000000000000888, 37.69102985118657756 ) ) ;
#1962 = CARTESIAN_POINT ( 'NONE',  ( 43.56061413197038235, 2.322797291698111000, 0.6371822410931364811 ) ) ;
#1963 = EDGE_CURVE ( 'NONE', #901, #2395, #1981, .T. ) ;
#1964 = CARTESIAN_POINT ( 'NONE',  ( -35.89329941603386231, 0.000000000000000000, -6.284838232242129230 ) ) ;
#1965 = CARTESIAN_POINT ( 'NONE',  ( 24.60142449009835985, 0.1650327200322788679, -14.92797604244141674 ) ) ;
#1966 = ORIENTED_EDGE ( 'NONE', *, *, #4180, .F. ) ;
#1967 = CARTESIAN_POINT ( 'NONE',  ( -5.543080864623648907, 0.3581529114736768382, 20.29992434404491419 ) ) ;
#1968 = CARTESIAN_POINT ( 'NONE',  ( 10.90438975137270816, 0.000000000000000000, 34.01635923064222311 ) ) ;
#1969 = CARTESIAN_POINT ( 'NONE',  ( 6.752412101284439139, 2.237872456384670361, -48.59039097779104566 ) ) ;
#1970 = CLOSED_SHELL ( 'NONE', ( #762, #50, #4150, #4335, #1017, #1100, #1206, #374, #2282, #2628, #2468, #3078, #2711, #3605, #3857, #2624, #2015, #3828, #2442, #3319, #3109, #539, #2820, #228, #3884, #1430, #2765, #4363, #4068, #1837, #3520, #1263, #2736, #2319, #77, #489, #2550, #3934, #2350, #1461, #4414, #1315, #20, #517, #1157, #989, #4094, #1781 ) ) ;
#1971 = CARTESIAN_POINT ( 'NONE',  ( -2.704832612941852954, 0.6334765563479267669, -5.343303092734975834 ) ) ;
#1972 = CARTESIAN_POINT ( 'NONE',  ( 15.32375554846287713, 3.592166164976079212, -46.87414827381969928 ) ) ;
#1973 = CARTESIAN_POINT ( 'NONE',  ( -41.15489332816306955, 3.364816845070313978, 31.32115929163292734 ) ) ;
#1974 = CARTESIAN_POINT ( 'NONE',  ( -38.14743248060422331, 3.908396024574563477, -6.871418288510508177 ) ) ;
#1975 = CARTESIAN_POINT ( 'NONE',  ( 37.22806039692657976, 3.578703642036885402, 34.26427248738726661 ) ) ;
#1976 = CARTESIAN_POINT ( 'NONE',  ( 0.6619574303243391800, 2.211197959515047273, 27.38583278039213553 ) ) ;
#1977 = CARTESIAN_POINT ( 'NONE',  ( 37.25329965738968951, -0.4330127018922192428, 25.27212712746679557 ) ) ;
#1978 = CARTESIAN_POINT ( 'NONE',  ( -18.04195681062215684, 1.023616039659593246, 36.16229352654386275 ) ) ;
#1979 = CARTESIAN_POINT ( 'NONE',  ( 22.47473756089040364, 2.975660581836248042, -13.39848496622878216 ) ) ;
#1980 = CARTESIAN_POINT ( 'NONE',  ( 23.33890484461467096, 4.000000000000000888, -11.39453363712656220 ) ) ;
#1981 = B_SPLINE_CURVE_WITH_KNOTS ( 'NONE', 3,
 ( #4076, #2993, #200, #4325, #926, #269 ),
 .UNSPECIFIED., .F., .F.,
 ( 4, 2, 4 ),
 ( -5.999999999734294493E-08, 0.002577920541945297704, 0.005155901083890593317 ),
 .UNSPECIFIED. ) ;
#1982 = VERTEX_POINT ( 'NONE', #541 ) ;
#1983 = CARTESIAN_POINT ( 'NONE',  ( -31.88565554438784488, -0.08064016739003229683, -10.58190788459313403 ) ) ;
#1984 = CARTESIAN_POINT ( 'NONE',  ( -19.28819579741459478, 2.994947834464543490, -12.64182392311847636 ) ) ;
#1985 = CARTESIAN_POINT ( 'NONE',  ( 40.88933074410630297, -0.4317042203370582421, 18.34557970051791997 ) ) ;
#1986 = CARTESIAN_POINT ( 'NONE',  ( 0.000000000000000000, 0.000000000000000000, -44.64836744182695583 ) ) ;
#1987 = CARTESIAN_POINT ( 'NONE',  ( -1.494774681319312348, 0.000000000000000000, 29.01056705901540411 ) ) ;
#1988 = VERTEX_POINT ( 'NONE', #1643 ) ;
#1989 = EDGE_CURVE ( 'NONE', #2600, #2700, #4034, .T. ) ;
#1990 = CARTESIAN_POINT ( 'NONE',  ( 0.8332796492159469937, 1.563615504982622584, 28.11946132899822004 ) ) ;
#1991 = CARTESIAN_POINT ( 'NONE',  ( -25.02453903818126335, -0.09160397542543055605, -22.67273324282511737 ) ) ;
#1992 = CARTESIAN_POINT ( 'NONE',  ( 24.36248944920624382, 1.541597148399065587, -15.82790875153400378 ) ) ;
#1993 = CARTESIAN_POINT ( 'NONE',  ( 38.34213106628556744, -0.4490539079480609375, -4.046088876280074409 ) ) ;
#1994 = FACE_OUTER_BOUND ( 'NONE', #3139, .T. ) ;
#1995 = CARTESIAN_POINT ( 'NONE',  ( 3.226463661653572235, 4.000000000000000888, -51.57657067210246282 ) ) ;
#1996 = CARTESIAN_POINT ( 'NONE',  ( 18.81707406733108812, -0.3770305844203551970, -36.50597931979390864 ) ) ;
#1997 = CARTESIAN_POINT ( 'NONE',  ( -6.451658152776755806, 4.000000000000000888, -50.93503959256103997 ) ) ;
#1998 = VERTEX_POINT ( 'NONE', #4305 ) ;
#1999 = MECHANICAL_DESIGN_GEOMETRIC_PRESENTATION_REPRESENTATION (  '', ( #71 ), #2441 ) ;
#2000 = CARTESIAN_POINT ( 'NONE',  ( -21.09653058668914127, 4.352813373152730314, -11.43796970885623132 ) ) ;
#2001 = CARTESIAN_POINT ( 'NONE',  ( 20.45383762893127511, 4.352813373152725873, -12.55114656536036222 ) ) ;
#2002 = CARTESIAN_POINT ( 'NONE',  ( -26.58345046096401632, 4.000000000000000888, 38.10766653657292125 ) ) ;
#2003 = CARTESIAN_POINT ( 'NONE',  ( 4.574468659986053787, 0.3339231858147556631, 22.32234722276449901 ) ) ;
#2004 = CARTESIAN_POINT ( 'NONE',  ( 20.39802171206945047, 4.357338657644139523, -12.34354120101915164 ) ) ;
#2005 = CARTESIAN_POINT ( 'NONE',  ( -23.38338777135883717, 2.214284823876830011, -14.26479353028669017 ) ) ;
#2006 = CARTESIAN_POINT ( 'NONE',  ( 23.89815534204477743, 0.2512656737215596126, -12.34783306789571533 ) ) ;
#2007 = CARTESIAN_POINT ( 'NONE',  ( -6.393424084969404397, 0.000000000000000000, 32.15272827174783998 ) ) ;
#2008 = CYLINDRICAL_SURFACE ( 'NONE', #3601, 6.500000000000000888 ) ;
#2009 = CARTESIAN_POINT ( 'NONE',  ( 16.92563846174646613, 4.000000000000000888, 37.32149158508840969 ) ) ;
#2010 = CARTESIAN_POINT ( 'NONE',  ( 39.62468259755776501, 2.439968474820239486, -5.015289856650039901 ) ) ;
#2011 = CARTESIAN_POINT ( 'NONE',  ( -14.05292884487689165, 0.3642118461362726656, -14.82972248685513605 ) ) ;
#2012 = CARTESIAN_POINT ( 'NONE',  ( -1.538127176582815503, 4.000000000000000888, 13.44570484620141038 ) ) ;
#2013 = ORIENTED_EDGE ( 'NONE', *, *, #2988, .T. ) ;
#2014 = CARTESIAN_POINT ( 'NONE',  ( -7.599392935371040991, 0.4141654349299837556, 10.59894490158504077 ) ) ;
#2015 = ADVANCED_FACE ( 'NONE', ( #524 ), #1149, .T. ) ;
#2016 = CARTESIAN_POINT ( 'NONE',  ( -19.88759376046813543, -0.3650735631188987695, -35.30369581977531368 ) ) ;
#2017 = CARTESIAN_POINT ( 'NONE',  ( 11.05970021780666990, 0.9120369753702178839, -44.75378012753638757 ) ) ;
#2018 = CARTESIAN_POINT ( 'NONE',  ( 24.99839841479801095, 3.901247833719555747, -29.81919887868575714 ) ) ;
#2019 = CARTESIAN_POINT ( 'NONE',  ( 47.33686730631260531, 4.000000000000000888, 19.88021993944242638 ) ) ;
#2020 = CARTESIAN_POINT ( 'NONE',  ( -32.98737432635542888, 3.398333737055420301, 36.83630661502904502 ) ) ;
#2021 = CARTESIAN_POINT ( 'NONE',  ( 23.34914724883918069, -1.030800093540093609, -31.51808641734954364 ) ) ;
#2022 = CARTESIAN_POINT ( 'NONE',  ( -29.95220687232570000, -0.4169498590015600636, 31.56403036478995361 ) ) ;
#2023 = CARTESIAN_POINT ( 'NONE',  ( 8.532479732790923421, 4.426014928229016654, -3.525217231570741294 ) ) ;
#2024 = ORIENTED_EDGE ( 'NONE', *, *, #3763, .T. ) ;
#2025 = CARTESIAN_POINT ( 'NONE',  ( -25.13231593008912057, 0.4138984444447801336, -13.77812080903093417 ) ) ;
#2026 = CARTESIAN_POINT ( 'NONE',  ( -7.246536270349990261E-14, 4.500000000000000000, -0.6622138793585626848 ) ) ;
#2027 = CARTESIAN_POINT ( 'NONE',  ( -7.118576635452678936, 2.732793873674825846, 33.05776392537936914 ) ) ;
#2028 = CARTESIAN_POINT ( 'NONE',  ( 14.81273642663005496, 1.740554246993829990, -2.152294180399649814 ) ) ;
#2029 = FACE_OUTER_BOUND ( 'NONE', #2401, .T. ) ;
#2030 = ORIENTED_EDGE ( 'NONE', *, *, #2382, .F. ) ;
#2031 = CARTESIAN_POINT ( 'NONE',  ( 7.538127176573969024, 0.000000000000000000, 9.981603231071536797 ) ) ;
#2032 = DIRECTION ( 'NONE',  ( -0.000000000000000000, 1.000000000000000000, -0.000000000000000000 ) ) ;
#2033 = CARTESIAN_POINT ( 'NONE',  ( 40.02266726151020748, -0.4330127018922192428, 20.47544173229466224 ) ) ;
#2034 = CARTESIAN_POINT ( 'NONE',  ( -38.66662044212407778, 0.000000000000000000, 22.32418372091366265 ) ) ;
#2035 = CARTESIAN_POINT ( 'NONE',  ( -22.76033016061285252, 0.000000000000000000, -14.06606968925575352 ) ) ;
#2036 = ORIENTED_EDGE ( 'NONE', *, *, #1047, .T. ) ;
#2037 = CARTESIAN_POINT ( 'NONE',  ( -6.278301676015616728, 0.3744490901474643030, 18.43104336486275940 ) ) ;
#2038 = CARTESIAN_POINT ( 'NONE',  ( 42.88312679307050956, 2.233653964774448220, 24.75858479767158116 ) ) ;
#2039 = B_SPLINE_CURVE_WITH_KNOTS ( 'NONE', 3,
 ( #3821, #4130, #74, #2410, #1456, #3772, #2388, #3797, #29, #2814, #2767, #2088, #3633, #162, #3890, #2923, #3568, #479 ),
 .UNSPECIFIED., .F., .F.,
 ( 4, 2, 2, 2, 2, 2, 2, 2, 4 ),
 ( 0.000000000000000000, 0.06250000000000000000, 0.1250000000000000000, 0.1874999999999999722, 0.2500000000000000000, 0.3125000000000000000, 0.3749999999999999445, 0.4375000000000000000, 0.4435398258509474223 ),
 .UNSPECIFIED. ) ;
#2040 = CARTESIAN_POINT ( 'NONE',  ( 25.09892942298319696, 1.280740271514123396, -23.83382036884826150 ) ) ;
#2041 = CARTESIAN_POINT ( 'NONE',  ( 18.93833523346281922, 0.000000000000000000, -14.64806624685865977 ) ) ;
#2042 = CARTESIAN_POINT ( 'NONE',  ( -21.67832526495780954, 3.693049341720247014, 38.50878918074005242 ) ) ;
#2043 = CARTESIAN_POINT ( 'NONE',  ( 15.14757345745377748, 0.000000000000000000, -0.2895179308778622063 ) ) ;
#2044 = CARTESIAN_POINT ( 'NONE',  ( -19.88892229286463120, 4.471300780328433255, -11.62503112537660499 ) ) ;
#2045 = ORIENTED_EDGE ( 'NONE', *, *, #3465, .F. ) ;
#2046 = CARTESIAN_POINT ( 'NONE',  ( 22.04195681062252632, 3.690282706326602824, 38.47169460330257351 ) ) ;
#2047 = EDGE_CURVE ( 'NONE', #3129, #4002, #1412, .T. ) ;
#2048 = CARTESIAN_POINT ( 'NONE',  ( 0.6261490364713228063, 0.1241626772307484056, 28.78738900372880138 ) ) ;
#2049 = CARTESIAN_POINT ( 'NONE',  ( -44.88312679307017561, 3.566987298107781701, 25.91328533605144457 ) ) ;
#2050 = CARTESIAN_POINT ( 'NONE',  ( 9.656393454908375418, 0.4242921234728495583, 3.049948653127764420 ) ) ;
#2051 = CARTESIAN_POINT ( 'NONE',  ( 25.19921471545164238, 0.1654529541954956884, -16.67832934353965157 ) ) ;
#2052 = B_SPLINE_CURVE_WITH_KNOTS ( 'NONE', 3,
 ( #3213, #145, #3617, #1851, #864, #186, #1524, #2929 ),
 .UNSPECIFIED., .F., .F.,
 ( 4, 2, 2, 4 ),
 ( 0.2994021520013199766, 0.3346585544793042044, 0.3699149569572884322, 0.4404277619132568877 ),
 .UNSPECIFIED. ) ;
#2053 = ORIENTED_EDGE ( 'NONE', *, *, #4234, .T. ) ;
#2054 = CARTESIAN_POINT ( 'NONE',  ( -39.20010908766230528, -0.3341582466226495907, -2.277777269262422077 ) ) ;
#2055 = CARTESIAN_POINT ( 'NONE',  ( 44.88312679307052377, 3.566987298107781701, 25.91328533605081574 ) ) ;
#2056 = CARTESIAN_POINT ( 'NONE',  ( 30.10811181375371604, 2.809815112977400720, -11.34840096729316095 ) ) ;
#2057 = CARTESIAN_POINT ( 'NONE',  ( -26.77057571725872265, 0.000000000000000000, -12.82028998779622952 ) ) ;
#2058 = CARTESIAN_POINT ( 'NONE',  ( -5.638836121573108429, 0.000000000000000000, 0.4700157744654191450 ) ) ;
#2059 = ORIENTED_EDGE ( 'NONE', *, *, #2500, .T. ) ;
#2060 = CARTESIAN_POINT ( 'NONE',  ( -1.560387818485007072, 4.407868517587185231, 16.05249511786710670 ) ) ;
#2061 = CARTESIAN_POINT ( 'NONE',  ( -16.75516057404405856, 0.9364646365931221794, -40.94259094985650904 ) ) ;
#2062 = CARTESIAN_POINT ( 'NONE',  ( 25.06957503395953779, 1.399460540342396753, -20.38434909101834691 ) ) ;
#2063 = CARTESIAN_POINT ( 'NONE',  ( 28.24759206640788634, 0.000000000000000000, -12.15272827174806558 ) ) ;
#2064 = CARTESIAN_POINT ( 'NONE',  ( -43.05338861129667549, 4.000000000000000888, 28.58248483143180962 ) ) ;
#2065 = CARTESIAN_POINT ( 'NONE',  ( -15.14757345745100992, 0.000000000000000000, -39.71048206913609846 ) ) ;
#2066 = B_SPLINE_CURVE_WITH_KNOTS ( 'NONE', 3,
 ( #4163, #3486, #2492, #129 ),
 .UNSPECIFIED., .F., .F.,
 ( 4, 4 ),
 ( 0.000000000000000000, 0.0007088733479974861345 ),
 .UNSPECIFIED. ) ;
#2067 = CARTESIAN_POINT ( 'NONE',  ( 26.63010054718693098, 3.634926436881247724, 38.33911094174222711 ) ) ;
#2068 = CARTESIAN_POINT ( 'NONE',  ( -0.3933975372549802785, 3.896721578483056447, 22.81026307469386083 ) ) ;
#2069 = CARTESIAN_POINT ( 'NONE',  ( -12.19113907513165351, 2.538212588992649454, 35.75204451441118891 ) ) ;
#2070 = CARTESIAN_POINT ( 'NONE',  ( -40.51769430765285307, -0.3650735631188595787, 0.4286864931892717112 ) ) ;
#2071 = CARTESIAN_POINT ( 'NONE',  ( 3.259654271361672961, -0.4330127018922192428, -44.89836744182695583 ) ) ;
#2072 = AXIS2_PLACEMENT_3D ( 'NONE', #3927, #1518, #1824 ) ;
#2073 = EDGE_CURVE ( 'NONE', #4438, #412, #1249, .T. ) ;
#2074 = ORIENTED_EDGE ( 'NONE', *, *, #1284, .T. ) ;
#2075 = CARTESIAN_POINT ( 'NONE',  ( -20.07327755129644231, 3.924907980497135629, -12.75595163532831755 ) ) ;
#2076 = CARTESIAN_POINT ( 'NONE',  ( 38.65805330045874655, 3.886904684927011022, -6.518422058710148903 ) ) ;
#2077 = CARTESIAN_POINT ( 'NONE',  ( -18.93157082481291198, -0.5515774369035869595, -36.60675399204750136 ) ) ;
#2078 = CARTESIAN_POINT ( 'NONE',  ( 7.683907554798670603, -0.1130953150730512613, 33.27396563326737322 ) ) ;
#2079 = CARTESIAN_POINT ( 'NONE',  ( -19.80128640290753239, 4.529847108338822537, -11.43227803502006168 ) ) ;
#2080 = EDGE_LOOP ( 'NONE', ( #1400, #1151, #1806, #1668 ) ) ;
#2081 = CARTESIAN_POINT ( 'NONE',  ( 0.6272942347906491634, 0.1650327200322852794, 28.76944659893034029 ) ) ;
#2082 = CARTESIAN_POINT ( 'NONE',  ( -37.00141325996727915, -0.8245441308476816333, -7.252046158698379763 ) ) ;
#2083 = CARTESIAN_POINT ( 'NONE',  ( -19.88759376046806082, 0.9682597702143993512, -37.61309689653410260 ) ) ;
#2084 = CARTESIAN_POINT ( 'NONE',  ( 12.43444770408064493, 0.3770305844202267997, -14.54905382709743122 ) ) ;
#2085 = CARTESIAN_POINT ( 'NONE',  ( 1.276381211663021764, 0.3797960949498142003, 30.89839943862619620 ) ) ;
#2086 = CARTESIAN_POINT ( 'NONE',  ( -10.26665442227955971, 3.862541968015549276, 33.00629861969829904 ) ) ;
#2087 = CARTESIAN_POINT ( 'NONE',  ( 3.035766082959412415E-15, 0.000000000000000000, 4.648367441826950497 ) ) ;
#2088 = CARTESIAN_POINT ( 'NONE',  ( -23.33890484461791104, 4.000000000000000888, -11.39453363713805167 ) ) ;
#2089 = ORIENTED_EDGE ( 'NONE', *, *, #2930, .F. ) ;
#2090 = CARTESIAN_POINT ( 'NONE',  ( -1.309727755983951525, 4.415433728255968582, 23.60652606004530085 ) ) ;
#2091 = CARTESIAN_POINT ( 'NONE',  ( 8.475640970413909514, 4.143243824014852805, -3.689422881235065788 ) ) ;
#2092 = CARTESIAN_POINT ( 'NONE',  ( -13.93915937277719941, -0.4112937847040197270, -40.75240481587614738 ) ) ;
#2093 = CARTESIAN_POINT ( 'NONE',  ( -33.91339308203696845, -0.1612021157315618181, -8.859955107023731458 ) ) ;
#2094 = CARTESIAN_POINT ( 'NONE',  ( 19.86938082712835296, 0.3642118461362726656, -4.755332133810833639 ) ) ;
#2095 = EDGE_LOOP ( 'NONE', ( #556, #3164, #480, #1468, #1339 ) ) ;
#2096 = CARTESIAN_POINT ( 'NONE',  ( -2.455210098942831525E-13, 4.422075714472769370, 22.57677696994720407 ) ) ;
#2097 = CARTESIAN_POINT ( 'NONE',  ( 43.85744602074288423, 4.000000000000000888, -0.2610109258567167023 ) ) ;
#2098 = CARTESIAN_POINT ( 'NONE',  ( 39.91339308203745162, 3.838797884268486449, -5.395853491886080100 ) ) ;
#2099 = CARTESIAN_POINT ( 'NONE',  ( -7.246536270349990261E-14, 4.500000000000000000, -9.662213879358562352 ) ) ;
#2100 = CARTESIAN_POINT ( 'NONE',  ( 16.90438975137758248, 4.000000000000000888, 37.48046084578272286 ) ) ;
#2101 = ORIENTED_EDGE ( 'NONE', *, *, #3580, .F. ) ;
#2102 = EDGE_CURVE ( 'NONE', #1520, #1982, #594, .T. ) ;
#2103 = CARTESIAN_POINT ( 'NONE',  ( -12.61676056545628910, 3.384108814424037881, -48.82119618841679909 ) ) ;
#2104 = CARTESIAN_POINT ( 'NONE',  ( 25.65775999194038803, 4.298219038349984089, -11.58500746295640660 ) ) ;
#2105 = CARTESIAN_POINT ( 'NONE',  ( -2.279080936879461561, -0.4330127018922192983, -44.89836744182695583 ) ) ;
#2106 = CARTESIAN_POINT ( 'NONE',  ( 42.39126646749974725, -0.5966410967685742417, 6.686078615029369843 ) ) ;
#2107 = CARTESIAN_POINT ( 'NONE',  ( -23.86498324824379935, 0.1261475031619880560, -14.05883384022314786 ) ) ;
#2108 = CARTESIAN_POINT ( 'NONE',  ( 0.8731718807015457218, 3.000227013465327275, 13.44840689480488116 ) ) ;
#2109 = CARTESIAN_POINT ( 'NONE',  ( -24.00683636230791507, 0.000000000000000000, -13.54834184722604107 ) ) ;
#2110 = ORIENTED_EDGE ( 'NONE', *, *, #102, .F. ) ;
#2111 = CARTESIAN_POINT ( 'NONE',  ( -0.3779655048205349810, 2.189977164357278738, 26.00495658098172669 ) ) ;
#2112 = B_SPLINE_CURVE_WITH_KNOTS ( 'NONE', 3,
 ( #1580, #1522, #122, #1501, #165, #2947, #2509, #3916, #2221, #4326, #2866, #817, #482, #2908, #3974, #525 ),
 .UNSPECIFIED., .F., .F.,
 ( 4, 2, 2, 2, 2, 2, 2, 4 ),
 ( 0.000000000000000000, 0.07058983118480527397, 0.1058847467772079803, 0.1411796623696106867, 0.1764745779620133792, 0.2117694935544160717, 0.2470644091468187364, 0.2823593247392213734 ),
 .UNSPECIFIED. ) ;
#2113 = CARTESIAN_POINT ( 'NONE',  ( -29.07974357230823159, 2.269797969926468539, 36.13639071491720500 ) ) ;
#2114 = FILL_AREA_STYLE ('',( #1392 ) ) ;
#2115 = CARTESIAN_POINT ( 'NONE',  ( 15.40531930143135320, -0.5966410967711855973, -40.05495296693892726 ) ) ;
#2116 = CARTESIAN_POINT ( 'NONE',  ( -3.375127889877339360, 0.3032381682551995028, 24.29965638706114461 ) ) ;
#2117 = CARTESIAN_POINT ( 'NONE',  ( -19.45809489838783080, 3.665106766268309446, -12.33183318230047121 ) ) ;
#2118 = CARTESIAN_POINT ( 'NONE',  ( 48.17914332797098353, 4.000000000000000888, 13.48249838407693169 ) ) ;
#2119 = AXIS2_PLACEMENT_3D ( 'NONE', #518, #3203, #3586 ) ;
#2120 = CARTESIAN_POINT ( 'NONE',  ( 44.88312679307052377, 3.566987298107781701, 25.91328533605081219 ) ) ;
#2121 = CARTESIAN_POINT ( 'NONE',  ( 29.90556788194699678, -0.4174760652912467007, 31.75891286934042768 ) ) ;
#2122 = CARTESIAN_POINT ( 'NONE',  ( 20.14144397350181137, 4.758229774137606505, -10.89861228740106291 ) ) ;
#2123 = VERTEX_POINT ( 'NONE', #2023 ) ;
#2124 = CARTESIAN_POINT ( 'NONE',  ( -6.516605319551064923, 4.430552946151822269, -2.672787008606452019 ) ) ;
#2125 = CARTESIAN_POINT ( 'NONE',  ( -7.435550774779987826, 1.369585449477046080, -13.88117691828873213 ) ) ;
#2126 = CARTESIAN_POINT ( 'NONE',  ( -20.21184679015363272, 4.054669812659033923, -11.66931518512171095 ) ) ;
#2127 = CARTESIAN_POINT ( 'NONE',  ( -11.05970021780606061, 2.245370308703378281, -47.06318120429553176 ) ) ;
#2128 = EDGE_CURVE ( 'NONE', #1434, #2744, #2215, .T. ) ;
#2129 = CARTESIAN_POINT ( 'NONE',  ( 20.26116706158119030, 4.356034583850417086, -12.28629921462463237 ) ) ;
#2130 = CARTESIAN_POINT ( 'NONE',  ( -0.2441930021775773063, 0.000000000000000000, -7.590718037991607048 ) ) ;
#2131 = CARTESIAN_POINT ( 'NONE',  ( -23.88034657811381578, 0.2366105138024733878, -14.31004788347785706 ) ) ;
#2132 = CARTESIAN_POINT ( 'NONE',  ( -44.66662044212406357, 4.000000000000000888, 25.78828533605144457 ) ) ;
#2133 = CARTESIAN_POINT ( 'NONE',  ( 24.97414574566078826, -0.1130953150730512613, -23.29144195942027196 ) ) ;
#2134 = ORIENTED_EDGE ( 'NONE', *, *, #4230, .T. ) ;
#2135 = CARTESIAN_POINT ( 'NONE',  ( -44.88312679307017561, 3.566987298107781701, 25.91328533605144457 ) ) ;
#2136 = CARTESIAN_POINT ( 'NONE',  ( -38.43889125699058695, 4.000000000000000888, -6.268778940672785183 ) ) ;
#2137 = B_SPLINE_SURFACE_WITH_KNOTS ( 'NONE', 1, 3, ( 
 ( #2608, #2263, #1540, #3992, #2589, #1883, #3634, #1521, #502, #905, #1201, #2885, #199, #3255, #860, #2219, #2571, #1906, #3652, #1867, #3570, #1165, #2179, #3291, #3593, #164 ),
 ( #3271, #2906, #2241, #3210, #836, #1578, #2863, #4286, #481, #3613, #3930, #2925, #1181, #1558, #182, #4304, #1225, #2532, #2945, #4264, #560, #121, #3914, #1848, #1500, #3234 ),
 ( #142, #2551, #2696, #4081, #292, #3406, #1309, #3696, #1360, #2308, #1265, #3067, #1949, #245, #925, #998, #1021, #2649, #4031, #2283, #2719, #1663, #1686, #581, #4010, #2992 ) ),
 .UNSPECIFIED., .F., .F., .F.,
 ( 2, 1, 2 ),
 ( 4, 2, 2, 2, 2, 2, 2, 2, 2, 2, 2, 2, 4 ),
 ( -0.4610418952198894194, 0.000000000000000000, 1.000000000000000000 ),
 ( 0.000000000000000000, 0.06250000000000000000, 0.1250000000000000000, 0.1562500000000000000, 0.1875000000000000000, 0.2187500000000000000, 0.2500000000000000000, 0.2812500000000000000, 0.3125000000000000000, 0.3437500000000000000, 0.3750000000000000000, 0.4375000000000000000, 0.5000000000000000000 ),
 .UNSPECIFIED. ) ;
#2138 = CARTESIAN_POINT ( 'NONE',  ( -11.12289344242324773, 2.575062691241206458, 35.31765422323123715 ) ) ;
#2139 = CARTESIAN_POINT ( 'NONE',  ( -19.29807636398455628, 3.961163624293455587, -11.64462962791450806 ) ) ;
#2140 = CARTESIAN_POINT ( 'NONE',  ( 37.74358632463109586, -0.4330127018922192428, 24.42292570953103237 ) ) ;
#2141 = CARTESIAN_POINT ( 'NONE',  ( -6.850472177148606789, 0.000000000000000000, 5.174825691358241997 ) ) ;
#2142 = B_SPLINE_SURFACE_WITH_KNOTS ( 'NONE', 1, 3, ( 
 ( #1401, #4143, #2829, #64, #1491, #806, #3153, #2853, #1131, #1425, #3881, #2496, #2520, #2170, #2806, #4165, #355, #400, #2472, #3858, #4187, #2423, #2103, #784, #3490, #1063 ),
 ( #424, #2149, #2124, #3536, #448, #1772, #1447, #3811, #717, #763, #3469, #375, #1750, #3511, #4277, #3283, #1532, #1897, #534, #1193, #194, #3224, #2212, #3247, #1570, #1877 ),
 ( #2564, #2896, #1258, #133, #1840, #2938, #3265, #211, #2620, #175, #1592, #4318, #154, #2602, #1237, #1919, #2960, #1549, #3943, #553, #3606, #4298, #2583, #2917, #1175, #850 ),
 ( #3985, #3626, #1859, #893, #2254, #872, #3646, #3302, #513, #1215, #2544, #4336, #3965, #4004, #917, #3559, #470, #2231, #1512, #2876, #4254, #3924, #828, #2191, #3583, #494 ) ),
 .UNSPECIFIED., .F., .F., .F.,
 ( 2, 1, 1, 2 ),
 ( 4, 2, 2, 2, 2, 2, 2, 2, 2, 2, 2, 2, 4 ),
 ( -0.4752730432886487777, 0.000000000000000000, 1.000000000000000000, 3.394803126854561981 ),
 ( 0.5000000000000000000, 0.5625000000000000000, 0.6250000000000000000, 0.6562500000000000000, 0.6875000000000000000, 0.7187500000000000000, 0.7500000000000000000, 0.7812500000000000000, 0.8125000000000000000, 0.8437500000000000000, 0.8750000000000000000, 0.9375000000000000000, 1.000000000000000000 ),
 .UNSPECIFIED. ) ;
#2143 = CARTESIAN_POINT ( 'NONE',  ( 48.39486447338848762, 3.398333737051491887, 10.14975086325530107 ) ) ;
#2144 = CARTESIAN_POINT ( 'NONE',  ( 47.83490414635244292, 3.603131303259814455, 8.270301850076609895 ) ) ;
#2145 = CARTESIAN_POINT ( 'NONE',  ( 22.23659349480760739, -0.5515774369032225843, 34.69859826386017687 ) ) ;
#2146 = CARTESIAN_POINT ( 'NONE',  ( 24.74729645876636397, 1.239321247681633542, -13.53487545172748696 ) ) ;
#2147 = ORIENTED_EDGE ( 'NONE', *, *, #3654, .F. ) ;
#2148 = UNCERTAINTY_MEASURE_WITH_UNIT (LENGTH_MEASURE( 1.000000000000000082E-05 ), #365, 'distance_accuracy_value', 'NONE');
#2149 = CARTESIAN_POINT ( 'NONE',  ( -3.259654271357169009, 4.433012701892220520, -2.029835788448556944 ) ) ;
#2150 = CARTESIAN_POINT ( 'NONE',  ( -40.88520915353553420, 4.000000000000000888, 31.05481965311836845 ) ) ;
#2151 = CARTESIAN_POINT ( 'NONE',  ( -2.279080936879461561, 2.233653964774448220, -49.51716959534395812 ) ) ;
#2152 = CARTESIAN_POINT ( 'NONE',  ( 7.360276984477994056, -0.4298951801587049260, -44.07648023566046902 ) ) ;
#2153 = CARTESIAN_POINT ( 'NONE',  ( -1.179248885489635690, 3.282366990080340052, 22.63683765293262695 ) ) ;
#2154 = EDGE_CURVE ( 'NONE', #4438, #455, #1617, .T. ) ;
#2155 = CARTESIAN_POINT ( 'NONE',  ( -17.31640261825481630, 0.4815639839148272983, -15.25238454367382168 ) ) ;
#2156 = CARTESIAN_POINT ( 'NONE',  ( -19.71048206913609846, 4.000000000000000888, -42.07577668772652402 ) ) ;
#2157 = ORIENTED_EDGE ( 'NONE', *, *, #1040, .F. ) ;
#2158 = CARTESIAN_POINT ( 'NONE',  ( -47.33686730631089290, 4.000000000000000888, 19.88021993944044397 ) ) ;
#2159 = EDGE_CURVE ( 'NONE', #2861, #309, #378, .T. ) ;
#2160 = CARTESIAN_POINT ( 'NONE',  ( -20.88951911362176617, 0.2744564710291565457, -14.88776661514714483 ) ) ;
#2161 = CARTESIAN_POINT ( 'NONE',  ( 0.000000000000000000, -0.4330127018922192428, -44.89836744182695583 ) ) ;
#2162 = CARTESIAN_POINT ( 'NONE',  ( 21.38935507278714354, 0.000000000000000000, -7.648283393476278391 ) ) ;
#2163 = CARTESIAN_POINT ( 'NONE',  ( 21.51935675855161989, 4.199218753783393154, -10.93311364343347591 ) ) ;
#2164 = CARTESIAN_POINT ( 'NONE',  ( 19.80128640290832820, 4.529847108338819872, -11.43227803501953588 ) ) ;
#2165 = CARTESIAN_POINT ( 'NONE',  ( -17.30211130675776587, 0.000000000000000000, 34.85863525226139359 ) ) ;
#2166 = CARTESIAN_POINT ( 'NONE',  ( -23.99574710972657954, -0.3592013296831039204, -28.14947498819282146 ) ) ;
#2167 = CARTESIAN_POINT ( 'NONE',  ( 8.467220664367706817, 0.9887006404983514907, 2.452785241140660766 ) ) ;
#2168 = CARTESIAN_POINT ( 'NONE',  ( 5.979852524899364141, 0.6334765563479118899, 0.3291977905752336286 ) ) ;
#2169 = VERTEX_POINT ( 'NONE', #1024 ) ;
#2170 = CARTESIAN_POINT ( 'NONE',  ( -25.38600396347127841, 3.915321586606177906, -28.59032414566779678 ) ) ;
#2171 = CARTESIAN_POINT ( 'NONE',  ( -39.03997201153804752, -0.3291729105351812734, -2.535685699986942598 ) ) ;
#2172 = CARTESIAN_POINT ( 'NONE',  ( -24.36248944921494797, 4.208263815065651059, -20.44671090505011790 ) ) ;
#2173 = CARTESIAN_POINT ( 'NONE',  ( 23.36448183721341820, 3.724434787621031528, -36.29689305749303685 ) ) ;
#2174 = CARTESIAN_POINT ( 'NONE',  ( -4.071069822300254160, 0.000000000000000000, 22.34786656033739050 ) ) ;
#2175 = CARTESIAN_POINT ( 'NONE',  ( -1.060255381499450422, 0.2265633524815184319, 27.08554294055586809 ) ) ;
#2176 = CARTESIAN_POINT ( 'NONE',  ( -14.88442355347946133, 3.592836756011117849, -47.06385645627556613 ) ) ;
#2177 = CARTESIAN_POINT ( 'NONE',  ( -4.028941108958054684, 1.649888610449845361, -8.731100827437229484 ) ) ;
#2178 = ORIENTED_EDGE ( 'NONE', *, *, #3160, .F. ) ;
#2179 = CARTESIAN_POINT ( 'NONE',  ( -10.67098995019937036, 4.609950021872720072, -8.405415951585659684 ) ) ;
#2180 = DIRECTION ( 'NONE',  ( 0.000000000000000000, 0.5000000000000001110, -0.8660254037844385966 ) ) ;
#2181 = CARTESIAN_POINT ( 'NONE',  ( -46.23964098317784988, 2.252620949561779273, 11.67271413663431190 ) ) ;
#2182 = DIRECTION ( 'NONE',  ( 0.7500000000000039968, 0.5000000000000001110, 0.4330127018922123594 ) ) ;
#2183 = EDGE_CURVE ( 'NONE', #4421, #2519, #2039, .T. ) ;
#2184 = CARTESIAN_POINT ( 'NONE',  ( 22.71142317578246050, 2.188946449479672651, -12.67601823200310740 ) ) ;
#2185 = CARTESIAN_POINT ( 'NONE',  ( -1.026633747631955362E-11, 0.000000000000000000, 27.53511039897604107 ) ) ;
#2186 = CARTESIAN_POINT ( 'NONE',  ( 11.21007607098404968, 3.000227013453280023, -7.480392477953347274 ) ) ;
#2187 = CARTESIAN_POINT ( 'NONE',  ( -23.38947927581471120, 0.000000000000000000, -12.05790999619588710 ) ) ;
#2188 = CARTESIAN_POINT ( 'NONE',  ( -7.560632572138522356, 4.071435962149318577, -5.544562248137766325 ) ) ;
#2189 = CARTESIAN_POINT ( 'NONE',  ( 24.61755031880657185, 0.1241251769147058565, -14.93596270956621197 ) ) ;
#2190 = ORIENTED_EDGE ( 'NONE', *, *, #846, .F. ) ;
#2191 = CARTESIAN_POINT ( 'NONE',  ( -6.296122472602951881, 5.031089541343471083, -50.33973976830777985 ) ) ;
#2192 = CARTESIAN_POINT ( 'NONE',  ( -40.27985227295087611, 0.000000000000000000, 19.52998422553431723 ) ) ;
#2193 = CARTESIAN_POINT ( 'NONE',  ( -14.96220681849029788, 3.593204923753173574, -47.00834151571962849 ) ) ;
#2194 = CARTESIAN_POINT ( 'NONE',  ( -23.86133265931458425, 0.1007323671888428057, -14.00065023513014850 ) ) ;
#2195 = CARTESIAN_POINT ( 'NONE',  ( -23.84610510154228891, 0.000000000000000000, -13.76755519946923556 ) ) ;
#2196 = CARTESIAN_POINT ( 'NONE',  ( -24.99839841479796831, 3.901247833719519331, -29.81919887868563279 ) ) ;
#2197 = CARTESIAN_POINT ( 'NONE',  ( 0.6566290445346170124, 3.503757651468833778, 25.68342917341234255 ) ) ;
#2198 = FACE_OUTER_BOUND ( 'NONE', #4217, .T. ) ;
#2199 = CARTESIAN_POINT ( 'NONE',  ( -19.06492630063488747, 1.664023896500407051, -13.86609674871075804 ) ) ;
#2200 = CARTESIAN_POINT ( 'NONE',  ( -41.11627238484286551, 2.391101454287800188, -3.240488826919618592 ) ) ;
#2201 = CARTESIAN_POINT ( 'NONE',  ( -2.002538781564345172, 0.1126318201484563658, 30.01697599670054828 ) ) ;
#2202 = CARTESIAN_POINT ( 'NONE',  ( 21.96294638733040472, 2.790589829190079474, -12.24082214531989976 ) ) ;
#2203 = DIRECTION ( 'NONE',  ( 0.000000000000000000, 1.000000000000000000, 0.000000000000000000 ) ) ;
#2204 = CARTESIAN_POINT ( 'NONE',  ( 44.14813035589478574, 5.036980172459246674, 25.48893494519398928 ) ) ;
#2205 = CARTESIAN_POINT ( 'NONE',  ( 16.32995290498485730, 4.399074266587091664, -7.932388595886531668 ) ) ;
#2206 = B_SPLINE_CURVE_WITH_KNOTS ( 'NONE', 3,
 ( #3388, #2635, #3680, #3724, #4440, #2001 ),
 .UNSPECIFIED., .F., .F.,
 ( 4, 2, 4 ),
 ( 0.000000000000000000, 0.0006540513711766308838, 0.001308102742353261768 ),
 .UNSPECIFIED. ) ;
#2207 = EDGE_CURVE ( 'NONE', #2422, #354, #3663, .T. ) ;
#2208 = CARTESIAN_POINT ( 'NONE',  ( -3.547736180605896461, 0.3069506582792801419, 23.94451581455714617 ) ) ;
#2209 = CARTESIAN_POINT ( 'NONE',  ( 8.445605399071833830, 4.000000000000000888, -3.772157519228485523 ) ) ;
#2210 = CARTESIAN_POINT ( 'NONE',  ( -6.069671810792237387, -0.08397117231124628933, 32.81044521756478360 ) ) ;
#2211 = ORIENTED_EDGE ( 'NONE', *, *, #3763, .F. ) ;
#2212 = CARTESIAN_POINT ( 'NONE',  ( -12.55124139957101015, 3.582523934550427835, -48.70664116540053357 ) ) ;
#2213 = CARTESIAN_POINT ( 'NONE',  ( 0.2441930021660947414, 0.000000000000000000, -7.590718037987770117 ) ) ;
#2214 = PRODUCT_CONTEXT ( 'NONE', #3214, 'mechanical' ) ;
#2215 = CIRCLE ( 'NONE', #3818, 8.000000000000000000 ) ;
#2216 = CARTESIAN_POINT ( 'NONE',  ( 44.83951932309787480, 4.000000000000000888, 1.018851919767815195 ) ) ;
#2217 = CARTESIAN_POINT ( 'NONE',  ( 0.000000000000000000, 3.566987298107781701, -51.82657067210246282 ) ) ;
#2218 = CARTESIAN_POINT ( 'NONE',  ( -24.64836744182695583, 4.000000000000000888, -23.70173960902589272 ) ) ;
#2219 = CARTESIAN_POINT ( 'NONE',  ( -29.88776751204611060, 4.302477907668645685, -11.04114768876440422 ) ) ;
#2220 = CARTESIAN_POINT ( 'NONE',  ( 18.81707406733123378, 3.622969415579708752, -43.43418255006938011 ) ) ;
#2221 = CARTESIAN_POINT ( 'NONE',  ( 17.62744156448732369, -0.3341582466226490911, 35.08717893566790735 ) ) ;
#2222 = CARTESIAN_POINT ( 'NONE',  ( -36.14743248060400305, 2.575062691241214452, -8.026118826889893754 ) ) ;
#2223 = CARTESIAN_POINT ( 'NONE',  ( 18.56975491621221863, 0.000000000000000000, -36.28830061038609500 ) ) ;
#2224 = CARTESIAN_POINT ( 'NONE',  ( 33.22806039692657265, 0.9120369753702179949, 31.95487141062879743 ) ) ;
#2225 = DIRECTION ( 'NONE',  ( 0.000000000000000000, 0.000000000000000000, 1.000000000000000000 ) ) ;
#2226 = CARTESIAN_POINT ( 'NONE',  ( 20.20854831504119531, 3.127784332036207537, -10.20745818448676623 ) ) ;
#2227 = CARTESIAN_POINT ( 'NONE',  ( -15.14757345745100992, 0.000000000000000000, -39.71048206913609846 ) ) ;
#2228 = CARTESIAN_POINT ( 'NONE',  ( 23.98689595256562868, 0.2265633524815076072, -12.62456337540044871 ) ) ;
#2229 = CARTESIAN_POINT ( 'NONE',  ( -22.74475529305400912, 3.400429254132786738, -12.37141042890797493 ) ) ;
#2230 = EDGE_LOOP ( 'NONE', ( #2755, #2348, #3582, #1139, #4142 ) ) ;
#2231 = CARTESIAN_POINT ( 'NONE',  ( -21.30302471887608107, 4.735086396238421536, -37.42675460739420146 ) ) ;
#2232 = CARTESIAN_POINT ( 'NONE',  ( -32.65805330045920840, -0.1130953150730512613, -9.982523673847019552 ) ) ;
#2233 = CARTESIAN_POINT ( 'NONE',  ( -1.615064808752199044, 4.407833835021774505, 16.76189067971342439 ) ) ;
#2234 = CARTESIAN_POINT ( 'NONE',  ( 35.90556788194702875, 3.582523934708754076, 35.22301448447812078 ) ) ;
#2235 = CARTESIAN_POINT ( 'NONE',  ( -20.45383762892998902, 4.352813373152424781, -12.55114656536402507 ) ) ;
#2236 = CARTESIAN_POINT ( 'NONE',  ( -38.66662044212407778, 0.000000000000000000, 22.32418372091366265 ) ) ;
#2237 = EDGE_CURVE ( 'NONE', #3773, #4438, #3834, .T. ) ;
#2238 = CARTESIAN_POINT ( 'NONE',  ( 21.53740801634687330, 0.000000000000000000, -7.586614443102182470 ) ) ;
#2239 = CARTESIAN_POINT ( 'NONE',  ( 19.59684997947676166, 4.000000000000000888, -11.89381317149516804 ) ) ;
#2240 = CARTESIAN_POINT ( 'NONE',  ( -2.390245820505145335, 0.7142259462740465636, -9.360306464566162887 ) ) ;
#2241 = CARTESIAN_POINT ( 'NONE',  ( -47.58461736277175191, 3.569447053847371265, 19.94826397279539165 ) ) ;
#2242 = CARTESIAN_POINT ( 'NONE',  ( -6.451658152776755806, 0.000000000000000000, -44.00683636228553297 ) ) ;
#2243 = CARTESIAN_POINT ( 'NONE',  ( -21.06492630063487681, 2.997357229833738756, -12.71139621033149858 ) ) ;
#2244 = CARTESIAN_POINT ( 'NONE',  ( -40.33844325840925649, 1.023616039659997368, -2.456353831290844170 ) ) ;
#2245 = CARTESIAN_POINT ( 'NONE',  ( -7.246536270349990261E-14, -1.500000000000000444, -0.6622138793585634620 ) ) ;
#2246 = CARTESIAN_POINT ( 'NONE',  ( 31.22931453312969197, 2.259871590420007514, 35.30712142096548689 ) ) ;
#2247 = CARTESIAN_POINT ( 'NONE',  ( 0.6426929577582861652, 4.352813373152731202, 23.98911627421633597 ) ) ;
#2248 = CARTESIAN_POINT ( 'NONE',  ( 23.84610510151616225, 0.000000000000000000, -13.76755519951485596 ) ) ;
#2249 = CARTESIAN_POINT ( 'NONE',  ( -25.14836744182695583, 0.05739846856081640830, -18.35362916810053235 ) ) ;
#2250 = CARTESIAN_POINT ( 'NONE',  ( -7.463861130154548995, 4.355265682926943605, -5.691396644057467924 ) ) ;
#2251 = CARTESIAN_POINT ( 'NONE',  ( 15.14757345745624484, 4.000000000000000888, -46.63868529938400087 ) ) ;
#2252 = B_SPLINE_CURVE_WITH_KNOTS ( 'NONE', 3,
 ( #2503, #1114, #2153, #2479, #1495, #4237, #2525, #3908, #810, #475, #137, #1517 ),
 .UNSPECIFIED., .F., .F.,
 ( 4, 2, 2, 2, 2, 4 ),
 ( 0.000000000000000000, 0.0002964306367107923047, 0.0005928612734215846095, 0.001185722546843162063, 0.001778583820264739625, 0.002371445093686317188 ),
 .UNSPECIFIED. ) ;
#2253 = ORIENTED_EDGE ( 'NONE', *, *, #109, .T. ) ;
#2254 = CARTESIAN_POINT ( 'NONE',  ( -14.72565203500639974, 3.023318256650044500, -7.781608628586298870 ) ) ;
#2255 = CARTESIAN_POINT ( 'NONE',  ( -37.85744602074205289, 0.000000000000000000, -3.725112540994718557 ) ) ;
#2256 = DIRECTION ( 'NONE',  ( 0.000000000000000000, 0.000000000000000000, 1.000000000000000000 ) ) ;
#2257 = CARTESIAN_POINT ( 'NONE',  ( 28.70267297217344904, 0.04836161218908955478, -12.50447492675952610 ) ) ;
#2258 = ORIENTED_EDGE ( 'NONE', *, *, #4040, .T. ) ;
#2259 = CARTESIAN_POINT ( 'NONE',  ( -23.84610510154228891, 0.000000000000000000, -13.76755519946923556 ) ) ;
#2260 = TOROIDAL_SURFACE ( 'NONE', #2119, 7.000000000000000000, 1.000000000000000000 ) ;
#2261 = EDGE_CURVE ( 'NONE', #3984, #4136, #2855, .T. ) ;
#2262 = CARTESIAN_POINT ( 'NONE',  ( 18.56975491621343366, 4.000000000000000888, -10.63990261989623143 ) ) ;
#2263 = CARTESIAN_POINT ( 'NONE',  ( -46.62042355792002724, 3.367350301373107868, 23.13472001911644327 ) ) ;
#2264 = CARTESIAN_POINT ( 'NONE',  ( 22.51042706701949214, 3.693049341718351197, -38.02837498132287664 ) ) ;
#2265 = CARTESIAN_POINT ( 'NONE',  ( -3.834949708144039349, 2.663429717074907277, 7.501168533195984978 ) ) ;
#2266 = CARTESIAN_POINT ( 'NONE',  ( -14.77083076915197246, 0.3560345838504197502, -14.86763739347514246 ) ) ;
#2267 = CARTESIAN_POINT ( 'NONE',  ( 12.19113907513196260, 2.538212588992647678, 35.75204451441095443 ) ) ;
#2268 = CARTESIAN_POINT ( 'NONE',  ( -1.278513799533012030, 4.000000000000000888, 24.49213764704705198 ) ) ;
#2269 = CARTESIAN_POINT ( 'NONE',  ( 27.20546537659649999, -1.369585449483859962, 33.88117691827152811 ) ) ;
#2270 = CARTESIAN_POINT ( 'NONE',  ( -6.546672705303900663, -0.6298780529116788651, -44.37049662569073405 ) ) ;
#2271 = CARTESIAN_POINT ( 'NONE',  ( -7.548572544791665173, 4.107159039476853124, -5.563137520471382658 ) ) ;
#2272 = CARTESIAN_POINT ( 'NONE',  ( 8.027886846335523074, 0.1588541994499859666, 3.406474988499744505 ) ) ;
#2273 = DIRECTION ( 'NONE',  ( 1.000000000000000000, -0.000000000000000000, 1.224646799147353207E-16 ) ) ;
#2274 = CARTESIAN_POINT ( 'NONE',  ( -31.32049076107740149, -0.05739846856187472840, -10.95593965237749856 ) ) ;
#2275 = CARTESIAN_POINT ( 'NONE',  ( -1.180795266205073579, 0.6305146741165712498, 28.31010465817341171 ) ) ;
#2276 = CARTESIAN_POINT ( 'NONE',  ( 24.48271161088442938, 3.654546820221272085, 38.55125752549670182 ) ) ;
#2277 = B_SPLINE_CURVE_WITH_KNOTS ( 'NONE', 1,
 ( #3533, #1082 ),
 .UNSPECIFIED., .F., .F.,
 ( 2, 2 ),
 ( 0.000000000000000000, 1.000000000000000000 ),
 .UNSPECIFIED. ) ;
#2278 = ORIENTED_EDGE ( 'NONE', *, *, #320, .F. ) ;
#2279 = CARTESIAN_POINT ( 'NONE',  ( 6.451658152778323441, 4.000000000000000888, -50.93503959255846780 ) ) ;
#2280 = PRESENTATION_LAYER_ASSIGNMENT (  '', '', ( #71 ) ) ;
#2281 = CARTESIAN_POINT ( 'NONE',  ( 23.32461107578105697, 3.519064586939781414, 38.71576460394445007 ) ) ;
#2282 = ADVANCED_FACE ( 'NONE', ( #3742 ), #457, .T. ) ;
#2283 = CARTESIAN_POINT ( 'NONE',  ( -20.09876934411921567, 4.000000000000000888, -11.02446333063175565 ) ) ;
#2284 = CARTESIAN_POINT ( 'NONE',  ( -24.37650071063784907, 0.000000000000000000, -15.79979637645044122 ) ) ;
#2285 = CARTESIAN_POINT ( 'NONE',  ( -19.42743740484242920, 4.368225035048060256, -11.21643997883764854 ) ) ;
#2286 = CARTESIAN_POINT ( 'NONE',  ( 12.87633232896921953, -1.401965936684250513, -42.34683342729939426 ) ) ;
#2287 = CARTESIAN_POINT ( 'NONE',  ( -7.246536270349990261E-14, 0.000000000000000000, -0.6622138793585626848 ) ) ;
#2288 = CARTESIAN_POINT ( 'NONE',  ( 1.526126343007379260, 1.541597148399074246, 29.01248913820969832 ) ) ;
#2289 = EDGE_CURVE ( 'NONE', #3773, #848, #3287, .T. ) ;
#2290 = FACE_OUTER_BOUND ( 'NONE', #4099, .T. ) ;
#2291 = CARTESIAN_POINT ( 'NONE',  ( -8.303676458274191319, 1.369585449477073169, 13.37996432123293289 ) ) ;
#2292 = CARTESIAN_POINT ( 'NONE',  ( -11.28375034194752224, 1.172131217601865671, 34.95453802946358479 ) ) ;
#2293 = CARTESIAN_POINT ( 'NONE',  ( 11.45539656451466470, 1.753279775075299085, -0.09212025443239819922 ) ) ;
#2294 = CARTESIAN_POINT ( 'NONE',  ( 34.91122611368273709, 0.000000000000000000, -7.564701077865203516 ) ) ;
#2295 = CARTESIAN_POINT ( 'NONE',  ( -1.538127176582815503, 4.000000000000000888, 13.44570484620141038 ) ) ;
#2296 = ORIENTED_EDGE ( 'NONE', *, *, #1234, .T. ) ;
#2297 = CARTESIAN_POINT ( 'NONE',  ( -48.01408729258230323, 3.574026498045632660, 17.44817117717061805 ) ) ;
#2298 = CARTESIAN_POINT ( 'NONE',  ( 43.05338861129764894, 4.000000000000000888, 28.58248483143018603 ) ) ;
#2299 = CARTESIAN_POINT ( 'NONE',  ( 43.83490414635269161, 0.9364646365931214023, 5.960900773318362766 ) ) ;
#2300 = CARTESIAN_POINT ( 'NONE',  ( 9.320525390300536728, 4.057398468561875582, 34.42004126751532311 ) ) ;
#2301 = CARTESIAN_POINT ( 'NONE',  ( -38.88312679307018982, -0.4330127018922192428, 22.44918372091366265 ) ) ;
#2302 = CARTESIAN_POINT ( 'NONE',  ( 36.01485056836949639, -0.2392212176825019854, -6.836275481111540486 ) ) ;
#2303 = FACE_OUTER_BOUND ( 'NONE', #131, .T. ) ;
#2304 = CARTESIAN_POINT ( 'NONE',  ( -1.358429922036107129, 3.651077266417583900, 8.253538192087109593 ) ) ;
#2305 = CARTESIAN_POINT ( 'NONE',  ( 16.75324863933473907, 3.697522092333496602, 37.96935091904349946 ) ) ;
#2306 = CARTESIAN_POINT ( 'NONE',  ( -22.50968108925755828, 3.059875154128222974, -13.75902824144773184 ) ) ;
#2307 = CARTESIAN_POINT ( 'NONE',  ( 13.01095351814998935, 0.9192876162284456809, -43.57165974486272120 ) ) ;
#2308 = CARTESIAN_POINT ( 'NONE',  ( -41.89329941603627105, 4.000000000000000888, -2.820736617102949317 ) ) ;
#2309 = CARTESIAN_POINT ( 'NONE',  ( -3.226463661654748627, 0.000000000000000000, -44.64836744182695583 ) ) ;
#2310 = CARTESIAN_POINT ( 'NONE',  ( -21.66674967965608190, 3.547163968223126407, 38.69729260192870868 ) ) ;
#2311 = CARTESIAN_POINT ( 'NONE',  ( 25.34625762911982250, 0.6952433938920585810, -13.20802559397784037 ) ) ;
#2312 = ORIENTED_EDGE ( 'NONE', *, *, #3103, .T. ) ;
#2313 = CARTESIAN_POINT ( 'NONE',  ( 2.075499226565034494, 2.922417658327137957, 28.38812357020427157 ) ) ;
#2314 = CARTESIAN_POINT ( 'NONE',  ( 0.6342928591549525930, 0.4124337208823689038, 28.66204038793058828 ) ) ;
#2315 = CARTESIAN_POINT ( 'NONE',  ( 39.39369093631066931, -1.454140988372568222, 22.74395806645140539 ) ) ;
#2316 = CARTESIAN_POINT ( 'NONE',  ( -36.70430691594422967, 0.9045391230513386560, 28.98825536705026806 ) ) ;
#2317 = CARTESIAN_POINT ( 'NONE',  ( 7.785266123440949926, 0.4272863958689294694, 3.659480920577462992 ) ) ;
#2318 = CARTESIAN_POINT ( 'NONE',  ( 40.29393253010028531, 0.000000000000000000, 0.5040085360156071337 ) ) ;
#2319 = ADVANCED_FACE ( 'NONE', ( #4307 ), #3555, .T. ) ;
#2320 = ORIENTED_EDGE ( 'NONE', *, *, #1640, .F. ) ;
#2321 = CARTESIAN_POINT ( 'NONE',  ( 3.216429869365456273, 0.000000000000000000, 23.72511254099405065 ) ) ;
#2322 = CARTESIAN_POINT ( 'NONE',  ( -47.85539601908803320, 3.602584139295978538, 8.377928735679848415 ) ) ;
#2323 = CARTESIAN_POINT ( 'NONE',  ( 36.14743248060482728, 2.575062691241196688, -8.026118826889732105 ) ) ;
#2324 = CARTESIAN_POINT ( 'NONE',  ( -2.015779677467771425, 0.1419611694114048805, -9.433612251891572598 ) ) ;
#2325 = CARTESIAN_POINT ( 'NONE',  ( -7.790523815163652444, 0.000000000000000000, 32.95934417706025243 ) ) ;
#2326 = ORIENTED_EDGE ( 'NONE', *, *, #2677, .T. ) ;
#2327 = B_SPLINE_CURVE_WITH_KNOTS ( 'NONE', 3,
 ( #4266, #1203, #542, #3547, #1828, #2591 ),
 .UNSPECIFIED., .F., .F.,
 ( 4, 2, 4 ),
 ( 0.3582335622275300002, 0.4041433233101149880, 0.4500530843926999758 ),
 .UNSPECIFIED. ) ;
#2328 = CARTESIAN_POINT ( 'NONE',  ( -1.010371861464187671, 4.427648992090544411, 8.139241586233191939 ) ) ;
#2329 = CARTESIAN_POINT ( 'NONE',  ( -20.26116706158036251, 0.3560345838501202120, -5.358095984352750918 ) ) ;
#2330 = CARTESIAN_POINT ( 'NONE',  ( 16.38887579613831136, 0.3987232185994660782, -1.085728332045007294 ) ) ;
#2331 = CARTESIAN_POINT ( 'NONE',  ( 22.29648644778578870, 1.023616039659994481, -33.70593969525420874 ) ) ;
#2332 = CIRCLE ( 'NONE', #2563, 6.500000000000000888 ) ;
#2333 = CARTESIAN_POINT ( 'NONE',  ( 31.44951497328481693, -0.08397117231124824610, -11.14873262800217546 ) ) ;
#2334 = CARTESIAN_POINT ( 'NONE',  ( -23.88143638541624725, 0.5674937315721597653, -15.04363680830060801 ) ) ;
#2335 = CARTESIAN_POINT ( 'NONE',  ( -2.187758337907898643, 3.720436996903494720, 8.087287963746355501 ) ) ;
#2336 = CARTESIAN_POINT ( 'NONE',  ( 0.000000000000000000, 4.000000000000000888, -51.57657067210246282 ) ) ;
#2337 = B_SPLINE_CURVE_WITH_KNOTS ( 'NONE', 3,
 ( #394, #126, #1124, #463, #4224, #2117, #1813, #3146, #2075, #1766, #1145, #58 ),
 .UNSPECIFIED., .F., .F.,
 ( 4, 2, 2, 2, 2, 4 ),
 ( 0.000000000000000000, 0.0002964306367103175868, 0.0005928612734206351736, 0.001185722546841270347, 0.001778583820261905087, 0.002371445093682539827 ),
 .UNSPECIFIED. ) ;
#2338 = CARTESIAN_POINT ( 'NONE',  ( 0.000000000000000000, -1.454140988372565779, -45.48791613290352842 ) ) ;
#2339 = CARTESIAN_POINT ( 'NONE',  ( -34.49121310124028383, -0.4298951801585222388, 28.41242696527780964 ) ) ;
#2340 = CARTESIAN_POINT ( 'NONE',  ( -6.269094977277850589, 0.3742504032096050648, 18.44965877607994287 ) ) ;
#2341 = B_SPLINE_CURVE_WITH_KNOTS ( 'NONE', 3,
 ( #2161, #4200, #3480, #459 ),
 .UNSPECIFIED., .F., .F.,
 ( 4, 4 ),
 ( 0.000000000000000000, 1.000000000000000000 ),
 .UNSPECIFIED. ) ;
#2342 = CARTESIAN_POINT ( 'NONE',  ( -0.6426929577619573397, 4.352813373152423004, 23.98911627421749415 ) ) ;
#2343 = CARTESIAN_POINT ( 'NONE',  ( 0.6583562621890287625, 3.409375424215590034, 25.87018743517180042 ) ) ;
#2344 = CARTESIAN_POINT ( 'NONE',  ( -8.470583529750973284, 1.401965937214409985, 9.977814188100442294 ) ) ;
#2345 = CARTESIAN_POINT ( 'NONE',  ( -3.226052376868985050, 1.476481779644076120, 30.59388963596017419 ) ) ;
#2346 = CARTESIAN_POINT ( 'NONE',  ( 16.37231509265392049, 3.065539437565095060, -5.688007516664422170 ) ) ;
#2347 = CARTESIAN_POINT ( 'NONE',  ( 38.43889125699069353, 4.000000000000000888, -6.268778940673191080 ) ) ;
#2348 = ORIENTED_EDGE ( 'NONE', *, *, #1697, .F. ) ;
#2349 = CARTESIAN_POINT ( 'NONE',  ( -15.67832526495553225, -0.3069506582798519068, 35.04468756560077480 ) ) ;
#2350 = ADVANCED_FACE ( 'NONE', ( #548, #1232 ), #3958, .T. ) ;
#2351 = CARTESIAN_POINT ( 'NONE',  ( -23.35998629421336048, 4.330016127894813494, -11.66256685285266492 ) ) ;
#2352 = CARTESIAN_POINT ( 'NONE',  ( 26.54224680726423458, 4.000000000000000888, 37.95266656090564794 ) ) ;
#2353 = CARTESIAN_POINT ( 'NONE',  ( 44.19152135163311357, 0.9265382570865062783, 8.237118479611661215 ) ) ;
#2354 = CARTESIAN_POINT ( 'NONE',  ( 4.025604290746611191, 0.000000000000000000, -2.324183720913497009 ) ) ;
#2355 = CARTESIAN_POINT ( 'NONE',  ( 23.30211130675595399, 4.000000000000000888, 38.32273686739816299 ) ) ;
#2356 = ORIENTED_EDGE ( 'NONE', *, *, #3160, .T. ) ;
#2357 = CARTESIAN_POINT ( 'NONE',  ( -2.504016521258869865, 0.2763851770431602350, 25.47347726307645033 ) ) ;
#2358 = CYLINDRICAL_SURFACE ( 'NONE', #2516, 8.000000000000000000 ) ;
#2359 = CARTESIAN_POINT ( 'NONE',  ( -20.45383762892998902, 4.352813373152424781, -12.55114656536402507 ) ) ;
#2360 = CARTESIAN_POINT ( 'NONE',  ( 0.000000000000000000, 2.233653964774448220, -49.51716959534395812 ) ) ;
#2361 = B_SPLINE_CURVE_WITH_KNOTS ( 'NONE', 3,
 ( #2450, #88, #2781, #3178, #1469, #741 ),
 .UNSPECIFIED., .F., .F.,
 ( 4, 2, 4 ),
 ( 0.3582335767966684514, 0.4007944704662407265, 0.4433553641358130015 ),
 .UNSPECIFIED. ) ;
#2362 = CARTESIAN_POINT ( 'NONE',  ( 22.86179076192454929, 4.298219038347743215, -16.42776822574580109 ) ) ;
#2363 = CARTESIAN_POINT ( 'NONE',  ( -7.246536270349990261E-14, 0.000000000000000000, -0.6622138793585634620 ) ) ;
#2364 = CARTESIAN_POINT ( 'NONE',  ( -16.75156949166471065, 3.694575833293700651, 37.97566133501260310 ) ) ;
#2365 = CARTESIAN_POINT ( 'NONE',  ( -34.18815166941165273, 4.066127207009075484, -9.209313219221392899 ) ) ;
#2366 = ORIENTED_EDGE ( 'NONE', *, *, #620, .T. ) ;
#2367 = AXIS2_PLACEMENT_3D ( 'NONE', #2891, #3552, #887 ) ;
#2368 = CARTESIAN_POINT ( 'NONE',  ( 7.226052376870290672, 4.143148446312217459, 32.90329071271439432 ) ) ;
#2369 = CARTESIAN_POINT ( 'NONE',  ( 0.6622915328181048222, 2.640863010651995690, 26.91599883425915607 ) ) ;
#2370 = CARTESIAN_POINT ( 'NONE',  ( -3.526126343002090824, 2.874930481732317578, 30.16718967659631900 ) ) ;
#2371 = CARTESIAN_POINT ( 'NONE',  ( 13.13406649557235717, 0.4135836777012297238, 1.187193859342481561 ) ) ;
#2372 = CARTESIAN_POINT ( 'NONE',  ( 20.66056609920014964, 4.371047765396925300, -11.40587968287559306 ) ) ;
#2373 = VERTEX_POINT ( 'NONE', #3261 ) ;
#2374 = CARTESIAN_POINT ( 'NONE',  ( -7.683907554798868667, -0.1130953150729010204, 33.27396563326807666 ) ) ;
#2375 = CARTESIAN_POINT ( 'NONE',  ( -23.62783276316424619, 0.6762407563231745966, -14.08373293608622312 ) ) ;
#2376 = CARTESIAN_POINT ( 'NONE',  ( 40.33844325840770750, 1.023616039659591692, -2.456353831291484990 ) ) ;
#2377 = CARTESIAN_POINT ( 'NONE',  ( -1.905353523533759974, 0.2836272022430844642, -9.458396663010756100 ) ) ;
#2378 = CARTESIAN_POINT ( 'NONE',  ( 24.13950104296923982, 1.124606484232198111, -14.68653241250528652 ) ) ;
#2379 = ORIENTED_EDGE ( 'NONE', *, *, #1346, .T. ) ;
#2380 = CARTESIAN_POINT ( 'NONE',  ( -4.599915839719597166, 0.3338962880854505211, 22.06043492114407911 ) ) ;
#2381 = CARTESIAN_POINT ( 'NONE',  ( -5.102226972890491652, 1.232594796187910902, 6.774890542237710811 ) ) ;
#2382 = EDGE_CURVE ( 'NONE', #4153, #3891, #169, .T. ) ;
#2383 = CARTESIAN_POINT ( 'NONE',  ( -23.55904637172081095, 1.993789147791548144, -14.36438949135295218 ) ) ;
#2384 = CARTESIAN_POINT ( 'NONE',  ( 25.02453903818129177, 1.241729357907855658, -24.98213431958226138 ) ) ;
#2385 = CARTESIAN_POINT ( 'NONE',  ( 25.16802488081400213, 3.978262655081061361, -27.53790752262190722 ) ) ;
#2386 = CARTESIAN_POINT ( 'NONE',  ( -9.000141582130391171, 3.729158985833811890, 32.12815153222393150 ) ) ;
#2387 = CARTESIAN_POINT ( 'NONE',  ( -23.04448543701615648, 4.333923185815073964, -11.65867806461344358 ) ) ;
#2388 = CARTESIAN_POINT ( 'NONE',  ( -44.83951932309128097, 4.000000000000000888, 1.018851919763970937 ) ) ;
#2389 = CARTESIAN_POINT ( 'NONE',  ( -25.22871872488873635, 0.1650327200322860011, -13.84147055648907276 ) ) ;
#2390 = CARTESIAN_POINT ( 'NONE',  ( 32.81649953964661393, 4.000000000000000888, 36.43752606953968609 ) ) ;
#2391 = B_SPLINE_CURVE_WITH_KNOTS ( 'NONE', 3,
 ( #1110, #67, #3155, #3513 ),
 .UNSPECIFIED., .F., .F.,
 ( 4, 4 ),
 ( 0.000000000000000000, 0.0007088733479975380678 ),
 .UNSPECIFIED. ) ;
#2392 = CARTESIAN_POINT ( 'NONE',  ( 2.574468659986058228, 1.667256519148089255, 23.47704776114375846 ) ) ;
#2393 = CARTESIAN_POINT ( 'NONE',  ( 23.84610510151616225, 0.000000000000000000, -13.76755519951485596 ) ) ;
#2394 = CARTESIAN_POINT ( 'NONE',  ( 40.27985227295173587, 0.000000000000000000, 19.52998422553273272 ) ) ;
#2395 = VERTEX_POINT ( 'NONE', #1891 ) ;
#2396 = CARTESIAN_POINT ( 'NONE',  ( -29.90556788246411202, -0.4174760654495732193, 31.75891286862210450 ) ) ;
#2397 = CARTESIAN_POINT ( 'NONE',  ( 24.93833523346285119, 4.000000000000000888, -11.18396463172096134 ) ) ;
#2398 = CARTESIAN_POINT ( 'NONE',  ( 23.35655578948817634, 2.969904834924258719, -12.76337361042405760 ) ) ;
#2399 = CARTESIAN_POINT ( 'NONE',  ( -32.35842510606581612, 0.000000000000000000, -9.594143638980561661 ) ) ;
#2400 = CARTESIAN_POINT ( 'NONE',  ( -2.125573641354800980, 0.000000000000000000, -9.407609050236800385 ) ) ;
#2401 = EDGE_LOOP ( 'NONE', ( #3411, #3233, #2640, #4108, #3499 ) ) ;
#2402 = CARTESIAN_POINT ( 'NONE',  ( 0.3432491851844728936, 2.976306331363891999, 26.13034657500171321 ) ) ;
#2403 = CARTESIAN_POINT ( 'NONE',  ( -21.61895409700406745, 0.3339231858147552745, -7.199567543018683402 ) ) ;
#2404 = CARTESIAN_POINT ( 'NONE',  ( -21.30579201161014424, 3.898705851722624072, -13.05304825222555287 ) ) ;
#2405 = CARTESIAN_POINT ( 'NONE',  ( 20.26116706158119030, 0.3560345838504154203, -5.358095984349122709 ) ) ;
#2406 = CARTESIAN_POINT ( 'NONE',  ( 31.32049076107681174, -0.05739846856081640830, -10.95593965237817180 ) ) ;
#2407 = EDGE_CURVE ( 'NONE', #3320, #3482, #4314, .T. ) ;
#2408 = CARTESIAN_POINT ( 'NONE',  ( 0.07045149548355784941, 4.000000000000000888, 21.40183080944182947 ) ) ;
#2409 = CARTESIAN_POINT ( 'NONE',  ( -21.53740801633509960, 0.000000000000000000, -7.586614443105422545 ) ) ;
#2410 = CARTESIAN_POINT ( 'NONE',  ( -48.17914332797225541, 4.000000000000000888, 13.48249838408024459 ) ) ;
#2411 = CARTESIAN_POINT ( 'NONE',  ( -5.652916378733266356, 0.000000000000000000, 19.49599146397467564 ) ) ;
#2412 = CARTESIAN_POINT ( 'NONE',  ( -47.96407299710247685, 4.000000000000000888, 10.20115922984423484 ) ) ;
#2413 = CARTESIAN_POINT ( 'NONE',  ( -22.62927557784690791, 0.2335068429959115399, -14.52175803231343920 ) ) ;
#2414 = CARTESIAN_POINT ( 'NONE',  ( -18.93066695813912759, 3.140599945678328897, -12.45438693078527059 ) ) ;
#2415 = CARTESIAN_POINT ( 'NONE',  ( 19.99554937585553560, 0.5328242452545056684, -4.657983719791213062 ) ) ;
#2416 = ORIENTED_EDGE ( 'NONE', *, *, #3250, .F. ) ;
#2417 = CARTESIAN_POINT ( 'NONE',  ( -12.50382014022049759, 0.000000000000000000, 34.22692823604872103 ) ) ;
#2418 = CARTESIAN_POINT ( 'NONE',  ( 32.77057571725922713, 4.000000000000000888, -9.356188372661911501 ) ) ;
#2419 = CARTESIAN_POINT ( 'NONE',  ( 46.88933074410632429, 3.568295779662942646, 21.80968131565561663 ) ) ;
#2420 = CARTESIAN_POINT ( 'NONE',  ( -12.49930342072952705, 0.000000000000000000, -14.22602980468138334 ) ) ;
#2421 = CARTESIAN_POINT ( 'NONE',  ( 40.88520915353294072, 4.000000000000000888, 31.05481965311787107 ) ) ;
#2422 = VERTEX_POINT ( 'NONE', #2248 ) ;
#2423 = CARTESIAN_POINT ( 'NONE',  ( -15.40749014703167674, 3.398333737051497661, -46.98605747828724333 ) ) ;
#2424 = CARTESIAN_POINT ( 'NONE',  ( -32.81649953967263400, 4.000000000000000888, 36.43752606954942053 ) ) ;
#2425 = CARTESIAN_POINT ( 'NONE',  ( 34.91122611368273709, 0.000000000000000000, -7.564701077865203516 ) ) ;
#2426 = CARTESIAN_POINT ( 'NONE',  ( -24.88205943688438282, 2.809815112977410489, -20.40018920704642014 ) ) ;
#2427 = CARTESIAN_POINT ( 'NONE',  ( 23.26381211177843866, -0.2772915614406601947, -29.51540896077866449 ) ) ;
#2428 = CARTESIAN_POINT ( 'NONE',  ( 40.71146764685618535, 0.000000000000000000, 2.062270805692760334 ) ) ;
#2429 = CARTESIAN_POINT ( 'NONE',  ( -7.136318058426728627E-14, 4.500000000000000000, 8.337786120641435872 ) ) ;
#2431 = B_SPLINE_CURVE_WITH_KNOTS ( 'NONE', 3,
 ( #4104, #3040, #4433, #3331, #3674, #4364, #4058, #1621, #1332, #604, #2969, #2629, #2018, #2385, #3767, #4407, #1286, #2362, #2673, #1642 ),
 .UNSPECIFIED., .F., .F.,
 ( 4, 2, 2, 2, 2, 2, 2, 2, 2, 4 ),
 ( 0.000000000000000000, 0.04343872991359756797, 0.08687745982719514981, 0.1303161897407927317, 0.1737549196543903551, 0.2171936495679879231, 0.2389130145247866932, 0.2606323794815854633, 0.3040711093951830035, 0.3475098393087805437 ),
 .UNSPECIFIED. ) ;
#2430 = CARTESIAN_POINT ( 'NONE',  ( 35.49909686059588410, -1.445880649526405826, 28.19699250364545051 ) ) ;
#2432 = CARTESIAN_POINT ( 'NONE',  ( 1.538127176573984789, 4.000000000000000888, 13.44570484620931872 ) ) ;
#2433 = CARTESIAN_POINT ( 'NONE',  ( 19.59684997947275065, 0.000000000000000000, -35.03439005878576751 ) ) ;
#2434 = CARTESIAN_POINT ( 'NONE',  ( -22.34795546279566025, 0.6609699044577604932, -14.33497866787926966 ) ) ;
#2435 = ORIENTED_EDGE ( 'NONE', *, *, #2495, .F. ) ;
#2436 = CARTESIAN_POINT ( 'NONE',  ( -14.39055583765659030, 3.865065785841402590, 36.98110971659212254 ) ) ;
#2437 = CARTESIAN_POINT ( 'NONE',  ( -1.259008758846318354, 3.698296693296790227, 25.08336493889879648 ) ) ;
#2438 = CARTESIAN_POINT ( 'NONE',  ( 8.460736976355324401, 4.071621966155179351, -3.730831486251718232 ) ) ;
#2439 = CARTESIAN_POINT ( 'NONE',  ( -35.62468259755686972, -0.2266981918465376666, -7.324690933408645854 ) ) ;
#2440 = CARTESIAN_POINT ( 'NONE',  ( 25.14836744182696293, 0.05739846856187472840, -18.35362916810005274 ) ) ;
#2441 =( GEOMETRIC_REPRESENTATION_CONTEXT ( 3 ) GLOBAL_UNCERTAINTY_ASSIGNED_CONTEXT ( ( #2148 ) ) GLOBAL_UNIT_ASSIGNED_CONTEXT ( ( #365, #2486, #1482 ) ) REPRESENTATION_CONTEXT ( 'NONE', 'WORKASPACE' ) );
#2442 = ADVANCED_FACE ( 'NONE', ( #3599 ), #4236, .F. ) ;
#2443 = VERTEX_POINT ( 'NONE', #3998 ) ;
#2444 = CARTESIAN_POINT ( 'NONE',  ( -21.88340924045392200, 3.130734586715193668, -14.06225902277629380 ) ) ;
#2445 = CARTESIAN_POINT ( 'NONE',  ( 40.78417905068361193, 4.000000000000000888, -4.002712909403759234 ) ) ;
#2446 = CARTESIAN_POINT ( 'NONE',  ( 19.71048206913331668, 0.000000000000000000, -4.852426542535011933 ) ) ;
#2447 = CARTESIAN_POINT ( 'NONE',  ( -5.979852524416703119, 0.6334765563473874206, 0.3291977897399369080 ) ) ;
#2448 = CARTESIAN_POINT ( 'NONE',  ( 26.58345046099105957, 4.000000000000000888, 38.10766653658182435 ) ) ;
#2449 = VERTEX_POINT ( 'NONE', #723 ) ;
#2450 = CARTESIAN_POINT ( 'NONE',  ( -19.42743740484242920, 4.368225035048060256, -11.21643997883764854 ) ) ;
#2451 = CARTESIAN_POINT ( 'NONE',  ( -22.42076572424882741, 0.8245441308418907100, -15.67018693840315002 ) ) ;
#2452 = CARTESIAN_POINT ( 'NONE',  ( -24.88205943688438282, 1.476481779644076342, -18.09078813028791544 ) ) ;
#2453 = CARTESIAN_POINT ( 'NONE',  ( 18.18986022158416205, -0.3842063484362644443, -37.20452421816796829 ) ) ;
#2454 = CARTESIAN_POINT ( 'NONE',  ( 37.85744602074043286, 0.000000000000000000, -3.725112540995809685 ) ) ;
#2455 = CARTESIAN_POINT ( 'NONE',  ( -23.86863390839894095, 0.1515631350048522452, -14.11701858052502168 ) ) ;
#2456 = CARTESIAN_POINT ( 'NONE',  ( -12.39342408496938930, 4.000000000000000888, 35.61682988688562546 ) ) ;
#2457 = CARTESIAN_POINT ( 'NONE',  ( 24.30155153517828381, -0.2070289076980810217, -26.51010364099855821 ) ) ;
#2458 = EDGE_LOOP ( 'NONE', ( #2013, #4360, #3535, #87, #2790 ) ) ;
#2459 = CARTESIAN_POINT ( 'NONE',  ( -7.246536270349990261E-14, 3.499999999999999556, -0.6622138793585634620 ) ) ;
#2460 = CARTESIAN_POINT ( 'NONE',  ( -41.96407299710249106, 0.000000000000000000, 6.737057614706453812 ) ) ;
#2461 = CARTESIAN_POINT ( 'NONE',  ( 0.000000000000000000, 4.000000000000000888, -51.57657067210246282 ) ) ;
#2462 = CARTESIAN_POINT ( 'NONE',  ( -42.23964098317785698, -0.4140457171048877449, 9.363313059875791211 ) ) ;
#2463 = CARTESIAN_POINT ( 'NONE',  ( 25.22871872488513745, 0.1650327200318136567, -13.84147055649572167 ) ) ;
#2464 = CARTESIAN_POINT ( 'NONE',  ( 23.91928999706965442, 2.415938548417374765, -12.39539166432933470 ) ) ;
#2465 = CARTESIAN_POINT ( 'NONE',  ( -7.062636718079144948, 0.4272963472878862357, 4.916241336665039263 ) ) ;
#2466 = CARTESIAN_POINT ( 'NONE',  ( 47.96407299712389971, 4.000000000000000888, 10.20115922986190249 ) ) ;
#2467 = CARTESIAN_POINT ( 'NONE',  ( -15.40531930142966388, 0.5966410967703978940, 0.05495296695488256083 ) ) ;
#2468 = ADVANCED_FACE ( 'NONE', ( #912 ), #2865, .F. ) ;
#2469 = CARTESIAN_POINT ( 'NONE',  ( -6.527148168233832592, 0.5515774369038669578, 18.09184427180218435 ) ) ;
#2470 = CARTESIAN_POINT ( 'NONE',  ( -26.98594716606533694, -0.5966410967685602529, 33.36887435193538209 ) ) ;
#2471 = ORIENTED_EDGE ( 'NONE', *, *, #404, .T. ) ;
#2472 = CARTESIAN_POINT ( 'NONE',  ( -21.87117801714612497, 3.514380078505776606, -39.56029262919253853 ) ) ;
#2473 = CARTESIAN_POINT ( 'NONE',  ( 38.32338295684133556, 3.901247833719509561, -6.739648641797053585 ) ) ;
#2474 = B_SPLINE_SURFACE_WITH_KNOTS ( 'NONE', 1, 3, ( 
 ( #107, #60, #2801, #2515, #2467, #4183, #2848, #3853, #759, #3507, #420, #712, #1793, #1147, #3174, #3901, #2166, #3553, #16, #3807, #2077, #3464, #1745, #2270, #1507, #913 ),
 ( #1855, #2872, #3600, #531, #4331, #4250, #1172, #1915, #3660, #2955, #1566, #3921, #2249, #1254, #868, #509, #1874, #128, #2579, #172, #488, #2934, #2598, #2616, #1528, #888 ),
 ( #3959, #3643, #4273, #843, #3939, #3262, #823, #2892, #1547, #2187, #1892, #2540, #4294, #3578, #3999, #208, #3241, #3279, #150, #549, #1835, #2227, #1189, #4313, #3299, #3980 ) ),
 .UNSPECIFIED., .F., .F., .F.,
 ( 2, 1, 2 ),
 ( 4, 2, 2, 2, 2, 2, 2, 2, 2, 2, 2, 2, 4 ),
 ( -0.4629514413311967558, 0.000000000000000000, 1.000000000000000000 ),
 ( 0.5000000000000000000, 0.5625000000000000000, 0.6250000000000000000, 0.6562500000000000000, 0.6875000000000000000, 0.7187500000000000000, 0.7500000000000000000, 0.7812500000000000000, 0.8125000000000000000, 0.8437500000000000000, 0.8750000000000000000, 0.9375000000000000000, 1.000000000000000000 ),
 .UNSPECIFIED. ) ;
#2475 = CARTESIAN_POINT ( 'NONE',  ( -7.160810994409675657E-14, 2.499999999999999556, -7.662213879358563240 ) ) ;
#2476 = CARTESIAN_POINT ( 'NONE',  ( -25.16333283249911190, 2.694283254023534635, -23.84053064814405332 ) ) ;
#2477 = CARTESIAN_POINT ( 'NONE',  ( 22.73168367936666101, 4.303238168255194118, -16.15508493015108371 ) ) ;
#2478 = CARTESIAN_POINT ( 'NONE',  ( 17.31828525048595324, 0.000000000000000000, -14.69958316685558053 ) ) ;
#2479 = CARTESIAN_POINT ( 'NONE',  ( -1.071661549599596031, 3.423471209303570184, 22.72384264158072043 ) ) ;
#2480 = CARTESIAN_POINT ( 'NONE',  ( -41.06801204270656314, 3.569447054005752573, 31.23535547984409888 ) ) ;
#2481 = CARTESIAN_POINT ( 'NONE',  ( -6.451658152776755806, 0.000000000000000000, -44.00683636228553297 ) ) ;
#2482 = CARTESIAN_POINT ( 'NONE',  ( -22.40730128820009170, 0.5784607886072614669, -14.37294200164010505 ) ) ;
#2483 = ORIENTED_EDGE ( 'NONE', *, *, #1908, .T. ) ;
#2484 = CARTESIAN_POINT ( 'NONE',  ( -0.6272942347828713849, 0.1650327200318210674, 28.76944659893035450 ) ) ;
#2485 = CARTESIAN_POINT ( 'NONE',  ( -24.33212307361314686, 3.656130625031412062, 38.56070786057093613 ) ) ;
#2486 =( NAMED_UNIT ( * ) PLANE_ANGLE_UNIT ( ) SI_UNIT ( $, .RADIAN. ) );
#2487 = CARTESIAN_POINT ( 'NONE',  ( 0.000000000000000000, -0.4330127018922192428, -44.89836744182695583 ) ) ;
#2488 = CARTESIAN_POINT ( 'NONE',  ( 36.33240343985287524, -0.4317042203370493603, 26.23840931788030062 ) ) ;
#2489 = CARTESIAN_POINT ( 'NONE',  ( -0.6500340100686829992, 1.132082657092643441, 28.26304310931877595 ) ) ;
#2490 = CARTESIAN_POINT ( 'NONE',  ( 41.10919897765139552, 3.792971092302042546, -4.326607545205321870 ) ) ;
#2491 = CARTESIAN_POINT ( 'NONE',  ( 32.10811181375373025, 4.143148446310735089, -10.19370042891392636 ) ) ;
#2492 = CARTESIAN_POINT ( 'NONE',  ( -0.4498708635651345600, 0.1717878092282122682, 28.60850248511230376 ) ) ;
#2493 = CARTESIAN_POINT ( 'NONE',  ( 20.71853929719780396, 3.808508125194561167, -11.96185424045026835 ) ) ;
#2494 = ORIENTED_EDGE ( 'NONE', *, *, #1611, .T. ) ;
#2495 = EDGE_CURVE ( 'NONE', #2443, #4421, #3540, .T. ) ;
#2496 = CARTESIAN_POINT ( 'NONE',  ( -25.20520499869334685, 4.166846469649450491, -23.60572802729176445 ) ) ;
#2497 =( GEOMETRIC_REPRESENTATION_CONTEXT ( 3 ) GLOBAL_UNCERTAINTY_ASSIGNED_CONTEXT ( ( #1214 ) ) GLOBAL_UNIT_ASSIGNED_CONTEXT ( ( #3249, #496, #3285 ) ) REPRESENTATION_CONTEXT ( 'NONE', 'WORKASPACE' ) );
#2498 = CARTESIAN_POINT ( 'NONE',  ( -38.88312679307018982, -0.4330127018922192428, 22.44918372091366265 ) ) ;
#2499 = CARTESIAN_POINT ( 'NONE',  ( -4.556927304252124777, 2.234962446329608721, -49.20279117191613238 ) ) ;
#2500 = EDGE_CURVE ( 'NONE', #2600, #1681, #4256, .T. ) ;
#2501 = CARTESIAN_POINT ( 'NONE',  ( 24.86660924914622228, 3.871545922325998479, -30.74325947409796100 ) ) ;
#2502 = CARTESIAN_POINT ( 'NONE',  ( 40.60485860754359777, -0.5328242452543788810, 0.3543544179826061957 ) ) ;
#2503 = CARTESIAN_POINT ( 'NONE',  ( -1.320481991551428091, 3.140599945679623861, 22.62163196172026147 ) ) ;
#2504 = CARTESIAN_POINT ( 'NONE',  ( -28.57134434058431438, 0.08397117231272852034, -12.81044521756448873 ) ) ;
#2505 = CARTESIAN_POINT ( 'NONE',  ( 19.86938082712509512, -0.3642118461358218040, -35.24466786619438352 ) ) ;
#2506 = ORIENTED_EDGE ( 'NONE', *, *, #871, .F. ) ;
#2507 = CARTESIAN_POINT ( 'NONE',  ( -1.239212026103684527, 0.6167909304021015338, 26.58086336774618630 ) ) ;
#2508 = B_SPLINE_SURFACE_WITH_KNOTS ( 'NONE', 1, 3, ( 
 ( #1128, #2168, #4228, #3176, #3534, #1838, #446, #1857, #3244, #3222, #3903, #152, #3855, #2210, #86, #1106, #1467, #2828, #110, #4209, #130, #2470, #1192, #1817, #3197, #804 ),
 ( #2894, #3604, #1490, #1150, #2518, #3556, #847, #62, #640, #1699, #1057, #3418, #4048, #14, #2374, #1720, #1372, #2349, #3080, #4398, #1395, #1300, #2396, #2663, #595, #303 ),
 ( #3780, #3730, #280, #2031, #3395, #3003, #964, #4070, #2321, #3344, #2750, #4375, #3370, #2007, #3029, #619, #2417, #3441, #4117, #4137, #257, #1032, #1676, #3102, #3055, #1322 ) ),
 .UNSPECIFIED., .F., .F., .F.,
 ( 2, 1, 2 ),
 ( 4, 2, 2, 2, 2, 2, 2, 2, 2, 2, 2, 2, 4 ),
 ( -0.4629514413311363041, 0.000000000000000000, 1.000000000000000000 ),
 ( 0.5000000000000000000, 0.5625000000000000000, 0.6250000000000000000, 0.6562500000000000000, 0.6875000000000000000, 0.7187500000000000000, 0.7500000000000000000, 0.7812500000000000000, 0.8125000000000000000, 0.8437500000000000000, 0.8750000000000000000, 0.9375000000000000000, 1.000000000000000000 ),
 .UNSPECIFIED. ) ;
#2509 = CARTESIAN_POINT ( 'NONE',  ( 23.12513299785494780, -0.3842063484362649994, 34.35514315226371451 ) ) ;
#2510 = CARTESIAN_POINT ( 'NONE',  ( 24.72530167149028557, 0.4324042222581104267, -13.32857719504743521 ) ) ;
#2511 = CARTESIAN_POINT ( 'NONE',  ( -7.154687760413940162E-14, 1.499999999999999556, -7.662213879358563240 ) ) ;
#2512 = CARTESIAN_POINT ( 'NONE',  ( 13.75179054762990560, -0.2755652123786751506, 34.91857973089621225 ) ) ;
#2513 = CARTESIAN_POINT ( 'NONE',  ( -6.939794999374480078, 0.1784160205474714933, 5.068407594505624836 ) ) ;
#2514 = CARTESIAN_POINT ( 'NONE',  ( -1.974395709253372821, 4.000000000000000888, 1.139917894224285355 ) ) ;
#2515 = CARTESIAN_POINT ( 'NONE',  ( -12.61506196192473084, 0.6107472114392820117, 1.890023083266378912 ) ) ;
#2516 = AXIS2_PLACEMENT_3D ( 'NONE', #1285, #4101, #336 ) ;
#2517 = DIRECTION ( 'NONE',  ( 0.000000000000000000, 0.000000000000000000, 1.000000000000000000 ) ) ;
#2518 = CARTESIAN_POINT ( 'NONE',  ( 7.615064808752680214, 0.4078338350229114839, 13.29778906456924403 ) ) ;
#2519 = VERTEX_POINT ( 'NONE', #1136 ) ;
#2520 = CARTESIAN_POINT ( 'NONE',  ( -25.38600396347127841, 4.084678413393824314, -25.26608231488322431 ) ) ;
#2521 = CARTESIAN_POINT ( 'NONE',  ( -42.94469260963639101, -1.369585449483832873, 6.620035678774585541 ) ) ;
#2522 = CARTESIAN_POINT ( 'NONE',  ( -25.02453903818125980, 1.241729357907886966, -24.98213431958336272 ) ) ;
#2523 = CARTESIAN_POINT ( 'NONE',  ( 25.10702882075850084, -0.08064016739004087331, -22.32283377546356107 ) ) ;
#2524 = CARTESIAN_POINT ( 'NONE',  ( -41.96407299710249106, 0.000000000000000000, 6.737057614706453812 ) ) ;
#2525 = CARTESIAN_POINT ( 'NONE',  ( -0.9434296355580316096, 3.749878849393818658, 23.20193530780396785 ) ) ;
#2526 = CARTESIAN_POINT ( 'NONE',  ( -0.9332785879731894108, 0.2732552095853419960, 27.37685773458068894 ) ) ;
#2527 = EDGE_CURVE ( 'NONE', #3129, #901, #2252, .T. ) ;
#2528 = CARTESIAN_POINT ( 'NONE',  ( 24.48798467194425754, 4.000000000000000888, -23.70205688145814804 ) ) ;
#2529 = DIRECTION ( 'NONE',  ( 0.000000000000000000, 0.000000000000000000, 1.000000000000000000 ) ) ;
#2530 = ORIENTED_EDGE ( 'NONE', *, *, #3961, .F. ) ;
#2531 = CARTESIAN_POINT ( 'NONE',  ( 4.556927304252606170, -0.4317042203370494713, -44.58398901839782980 ) ) ;
#2532 = CARTESIAN_POINT ( 'NONE',  ( -24.96269088642170075, 4.306950658279280475, -11.58058595047076622 ) ) ;
#2533 = CARTESIAN_POINT ( 'NONE',  ( -7.246536270349990261E-14, 1.499999999999999556, -0.6622138793585634620 ) ) ;
#2534 = CARTESIAN_POINT ( 'NONE',  ( -17.04448543701617069, 0.3339231858150726873, -15.12277967975122550 ) ) ;
#2535 = CARTESIAN_POINT ( 'NONE',  ( 8.582124178327022790, 0.5704384741305787987, 2.118386453156770433 ) ) ;
#2536 = B_SPLINE_CURVE_WITH_KNOTS ( 'NONE', 3,
 ( #4340, #262, #1923, #624, #2605, #3008, #898, #1219, #2276, #4380, #3669, #3306, #2644, #3374, #215, #1261, #2623, #1304, #1944, #876 ),
 .UNSPECIFIED., .F., .F.,
 ( 4, 2, 2, 2, 2, 2, 2, 2, 2, 4 ),
 ( 0.000000000000000000, 0.04343872991359792879, 0.08687745982719585758, 0.1303161897407937864, 0.1737549196543917152, 0.2171936495679896162, 0.2389130145247885806, 0.2606323794815874617, 0.3040711093951853350, 0.3475098393087832638 ),
 .UNSPECIFIED. ) ;
#2537 = CARTESIAN_POINT ( 'NONE',  ( 19.95101937672634662, 3.896698725383023643, -11.06447050221007800 ) ) ;
#2538 = CARTESIAN_POINT ( 'NONE',  ( -7.246536270349990261E-14, 1.499999999999999556, -0.6622138793585634620 ) ) ;
#2539 = CARTESIAN_POINT ( 'NONE',  ( -2.202124894386658038, 0.000000000000000000, 29.73288055581060618 ) ) ;
#2540 = CARTESIAN_POINT ( 'NONE',  ( -24.48798467194719564, 0.000000000000000000, -16.77385365118170313 ) ) ;
#2541 = CARTESIAN_POINT ( 'NONE',  ( 22.20656844730565993, -0.3770305844203551970, 34.54905382709884520 ) ) ;
#2542 = CARTESIAN_POINT ( 'NONE',  ( 25.03476693857304269, 0.7005815837745099639, -13.71201119474648245 ) ) ;
#2543 = ORIENTED_EDGE ( 'NONE', *, *, #2159, .T. ) ;
#2544 = CARTESIAN_POINT ( 'NONE',  ( -22.79761658966064530, 3.504206524495490527, -20.82387428141254659 ) ) ;
#2545 = CARTESIAN_POINT ( 'NONE',  ( -14.09876934411922988, 0.000000000000000000, -14.48856494576953757 ) ) ;
#2546 = CARTESIAN_POINT ( 'NONE',  ( -7.323056845735429476, 0.000000000000000000, 13.26294238528485003 ) ) ;
#2547 = CARTESIAN_POINT ( 'NONE',  ( -27.04346426191467145, 0.1654529541954986027, -13.48399542722983924 ) ) ;
#2548 = CARTESIAN_POINT ( 'NONE',  ( 24.64836744182696293, 4.000000000000000888, -25.31497141965083131 ) ) ;
#2549 = CARTESIAN_POINT ( 'NONE',  ( 19.55206239155286951, 4.422075714473877817, -11.28838848497494496 ) ) ;
#2550 = ADVANCED_FACE ( 'NONE', ( #902, #2303 ), #178, .F. ) ;
#2551 = CARTESIAN_POINT ( 'NONE',  ( -46.27985227295086901, 4.000000000000000888, 22.99408584067209915 ) ) ;
#2552 = CARTESIAN_POINT ( 'NONE',  ( -22.88951911362176617, 1.607789804362490749, -13.73306607676788360 ) ) ;
#2553 = CARTESIAN_POINT ( 'NONE',  ( -44.51769430765240543, 2.301593103547878272, 2.738087569947384114 ) ) ;
#2554 = FACE_OUTER_BOUND ( 'NONE', #1062, .T. ) ;
#2555 = CARTESIAN_POINT ( 'NONE',  ( 6.091229197165940690, -0.05259306181920620632, 32.49852013414078300 ) ) ;
#2556 = CARTESIAN_POINT ( 'NONE',  ( 20.56518021129688734, 3.749878849397328739, -10.78393362283022583 ) ) ;
#2557 = CARTESIAN_POINT ( 'NONE',  ( 10.66900029257890203, 4.615891185342572811, -8.408830028131381695 ) ) ;
#2558 = CARTESIAN_POINT ( 'NONE',  ( 47.26477141422439132, 4.976681743347005416, 10.28461016638924086 ) ) ;
#2559 = CARTESIAN_POINT ( 'NONE',  ( 19.42744066411834680, 4.368225035048057592, -11.21643433360700648 ) ) ;
#2560 = CARTESIAN_POINT ( 'NONE',  ( 23.89084915251616437, 0.2335068429960201197, -12.33664850349284947 ) ) ;
#2561 = CARTESIAN_POINT ( 'NONE',  ( 25.22871872488513745, 0.1650327200318136567, -13.84147055649572167 ) ) ;
#2562 = CARTESIAN_POINT ( 'NONE',  ( 21.22435287718975516, 4.308934285230902717, -11.50998391642048979 ) ) ;
#2563 = AXIS2_PLACEMENT_3D ( 'NONE', #2952, #1889, #2225 ) ;
#2564 = CARTESIAN_POINT ( 'NONE',  ( 3.035766082959412415E-15, 4.000000000000000888, -2.279835788448557388 ) ) ;
#2565 = CARTESIAN_POINT ( 'NONE',  ( -17.31828525048675260, 0.000000000000000000, -14.69958316686100019 ) ) ;
#2566 = CARTESIAN_POINT ( 'NONE',  ( -0.9548567525244499032, 4.285946533456042928, 8.287094151478942905 ) ) ;
#2567 = CARTESIAN_POINT ( 'NONE',  ( 24.64836744182696293, 0.000000000000000000, -23.22646362124937625 ) ) ;
#2568 = CARTESIAN_POINT ( 'NONE',  ( 22.84657634556061367, 1.493889774649555635, -11.77390911697414744 ) ) ;
#2569 = CARTESIAN_POINT ( 'NONE',  ( -2.265488008822846400, 3.566987298107782145, -51.82657067210246993 ) ) ;
#2570 = CARTESIAN_POINT ( 'NONE',  ( -7.246536270349990261E-14, 1.499999999999999556, -0.6622138793585634620 ) ) ;
#2571 = CARTESIAN_POINT ( 'NONE',  ( -28.26056801907263605, 4.358732475085184355, -11.39074178895866041 ) ) ;
#2572 = CARTESIAN_POINT ( 'NONE',  ( 22.67440213305719610, 4.448467771511356972, -15.74632653580450992 ) ) ;
#2573 = CARTESIAN_POINT ( 'NONE',  ( 24.60142449009835985, 0.1650327200322788679, -14.92797604244141674 ) ) ;
#2574 = CARTESIAN_POINT ( 'NONE',  ( -27.88861579221332576, 2.874930481732407728, -12.02987984829667667 ) ) ;
#2575 = CARTESIAN_POINT ( 'NONE',  ( -19.48369189242381694, -0.3537473686205008239, 34.97532143906466473 ) ) ;
#2576 = CARTESIAN_POINT ( 'NONE',  ( 8.064838764743448962, 2.694283254024172347, 33.71235080089832792 ) ) ;
#2577 = CARTESIAN_POINT ( 'NONE',  ( -3.428256746993656409E-12, 4.053961468933145795, 23.34066613031856363 ) ) ;
#2578 = CARTESIAN_POINT ( 'NONE',  ( 46.74355469555396070, 5.031089541343487070, 19.71726787754121091 ) ) ;
#2579 = CARTESIAN_POINT ( 'NONE',  ( -21.71595423797116098, -0.3291729105356996365, -32.54176467502345815 ) ) ;
#2580 = CARTESIAN_POINT ( 'NONE',  ( -6.070451495483808024, 0.000000000000000000, 17.93772919430221791 ) ) ;
#2581 = FACE_OUTER_BOUND ( 'NONE', #52, .T. ) ;
#2582 = EDGE_CURVE ( 'NONE', #111, #892, #3074, .T. ) ;
#2583 = CARTESIAN_POINT ( 'NONE',  ( -12.41338555689177880, 4.000000000000000888, -48.46561124663299580 ) ) ;
#2584 = CARTESIAN_POINT ( 'NONE',  ( 29.22817159724395353, 0.02761658735685426982, -12.18122122951386466 ) ) ;
#2585 = CARTESIAN_POINT ( 'NONE',  ( 10.90438975137270816, 0.000000000000000000, 34.01635923064222311 ) ) ;
#2586 = CIRCLE ( 'NONE', #4242, 8.000000000000000000 ) ;
#2587 = CARTESIAN_POINT ( 'NONE',  ( -1.239965277895906492, 0.5864904850049806884, 26.60483422211317617 ) ) ;
#2588 = CARTESIAN_POINT ( 'NONE',  ( -15.14757345745100992, 4.000000000000000888, -46.63868529941160546 ) ) ;
#2589 = CARTESIAN_POINT ( 'NONE',  ( -48.39070886480561740, 3.404137680741854410, 10.15024677149845544 ) ) ;
#2590 = CARTESIAN_POINT ( 'NONE',  ( 19.86938082712526565, 3.635788153864281558, -42.17287109646843390 ) ) ;
#2591 = CARTESIAN_POINT ( 'NONE',  ( -1.040632990111760803, 4.427456607020170409, 8.277420848127933439 ) ) ;
#2592 = CARTESIAN_POINT ( 'NONE',  ( -26.10811181375037293, 0.1431484463122162376, -13.65780204404853038 ) ) ;
#2593 = CARTESIAN_POINT ( 'NONE',  ( -24.91001686431348716, -0.3950019760153648529, 33.84418946130958261 ) ) ;
#2594 = CARTESIAN_POINT ( 'NONE',  ( 17.75179054762958586, 2.391101454287797523, 37.22798080765422668 ) ) ;
#2595 = CARTESIAN_POINT ( 'NONE',  ( 23.84610510151616225, 0.000000000000000000, -13.76755519951485596 ) ) ;
#2596 = CARTESIAN_POINT ( 'NONE',  ( -7.790523815163652444, 0.000000000000000000, 32.95934417706025243 ) ) ;
#2597 = APPLICATION_CONTEXT ( 'automotive_design' ) ;
#2598 = CARTESIAN_POINT ( 'NONE',  ( -12.55124139957101015, -0.4174760654495732193, -41.77843793512502657 ) ) ;
#2599 = CARTESIAN_POINT ( 'NONE',  ( -7.538127176582846367, 0.000000000000000000, 9.981603231063711945 ) ) ;
#2600 = VERTEX_POINT ( 'NONE', #2259 ) ;
#2601 = EDGE_CURVE ( 'NONE', #1520, #3129, #2924, .T. ) ;
#2602 = CARTESIAN_POINT ( 'NONE',  ( -24.64836744182695583, 4.000000000000000888, -28.54143504090032124 ) ) ;
#2603 = CARTESIAN_POINT ( 'NONE',  ( -7.824516611718285830, 0.000000000000000000, -12.97342445440688863 ) ) ;
#2604 = CARTESIAN_POINT ( 'NONE',  ( 1.449874939528146056, 4.480935413060857186, 26.08637980723336369 ) ) ;
#2605 = CARTESIAN_POINT ( 'NONE',  ( 37.28405964795976502, 3.578555280457071941, 34.22500749506544793 ) ) ;
#2606 = B_SPLINE_CURVE_WITH_KNOTS ( 'NONE', 3,
 ( #2758, #3787, #3492, #3036, #2425, #1329, #1752, #3132, #994, #1356, #335, #3062 ),
 .UNSPECIFIED., .F., .F.,
 ( 4, 2, 2, 2, 2, 4 ),
 ( 0.7093136060781061181, 0.7500000000000000000, 0.8125000000000000000, 0.8750000000000000000, 0.9375000000000000000, 1.000000000000000000 ),
 .UNSPECIFIED. ) ;
#2607 = CARTESIAN_POINT ( 'NONE',  ( -1.257289327098218168, 2.471180870116830075, 24.22880068285103050 ) ) ;
#2608 = CARTESIAN_POINT ( 'NONE',  ( -44.98294529143750964, 3.367350301373107868, 25.97091557295393116 ) ) ;
#2609 = CARTESIAN_POINT ( 'NONE',  ( 23.99495576672360642, 4.358732475085187907, -18.77899893541552601 ) ) ;
#2610 = CARTESIAN_POINT ( 'NONE',  ( -7.982962850918586817, 4.113095315073011626, 33.44662528898534504 ) ) ;
#2611 = CARTESIAN_POINT ( 'NONE',  ( -44.88933074410518742, 2.234962446329618491, 20.65498077727589532 ) ) ;
#2612 = CARTESIAN_POINT ( 'NONE',  ( 6.064838764743439192, 1.360949920690838866, 32.55765026251908978 ) ) ;
#2613 = CARTESIAN_POINT ( 'NONE',  ( 22.17764181054687000, 3.806982534491317072, -11.34290630512369091 ) ) ;
#2614 = CARTESIAN_POINT ( 'NONE',  ( 5.486122822429361001, 4.635183155166298974, -4.392956060315713174 ) ) ;
#2615 = CARTESIAN_POINT ( 'NONE',  ( 20.58808730650719099, -0.3642118461358218040, 34.82972248685479144 ) ) ;
#2616 = CARTESIAN_POINT ( 'NONE',  ( -6.516605320428942250, -0.4305529459942485926, -44.25541622155570565 ) ) ;
#2617 = CARTESIAN_POINT ( 'NONE',  ( -6.943601211768303472, 0.4305529459943779336, 3.515837643146883185 ) ) ;
#2618 = DIRECTION ( 'NONE',  ( 1.000000000000000000, -0.000000000000000000, 1.224646799147353207E-16 ) ) ;
#2619 = EDGE_LOOP ( 'NONE', ( #1292, #3368, #2110, #3804, #4412, #2494, #1597 ) ) ;
#2620 = CARTESIAN_POINT ( 'NONE',  ( -22.15476510282830347, 4.000000000000000888, -16.00524952441108439 ) ) ;
#2621 = CARTESIAN_POINT ( 'NONE',  ( 30.23288475969555833, -0.01358214821298068566, -11.61268178045353316 ) ) ;
#2622 = CARTESIAN_POINT ( 'NONE',  ( 2.299517729766510588, 4.448467771508452628, 27.50977153075175252 ) ) ;
#2623 = CARTESIAN_POINT ( 'NONE',  ( 5.720998914394709978, 4.201224993413382514, 31.51643316960750596 ) ) ;
#2624 = ADVANCED_FACE ( 'NONE', ( #3650 ), #4204, .F. ) ;
#2625 = ORIENTED_EDGE ( 'NONE', *, *, #2183, .F. ) ;
#2626 = CARTESIAN_POINT ( 'NONE',  ( 47.96407299712389971, 4.000000000000000888, 10.20115922986190249 ) ) ;
#2627 = CIRCLE ( 'NONE', #2695, 6.500000000000000888 ) ;
#2628 = ADVANCED_FACE ( 'NONE', ( #1729 ), #3165, .T. ) ;
#2629 = CARTESIAN_POINT ( 'NONE',  ( 24.83130255587989055, 3.865065785841443891, -30.95314178828654761 ) ) ;
#2630 = CARTESIAN_POINT ( 'NONE',  ( -24.64836744182695583, 0.000000000000000000, -23.22646362124962494 ) ) ;
#2631 = CARTESIAN_POINT ( 'NONE',  ( -28.76260748904629239, 4.230427957052738108, -11.02999218204739584 ) ) ;
#2632 = CARTESIAN_POINT ( 'NONE',  ( -46.88933074410518032, 3.568295779662951972, 21.80968131565515478 ) ) ;
#2633 = CARTESIAN_POINT ( 'NONE',  ( -28.32303814946729759, -0.4112937847040196715, 32.44786853216321276 ) ) ;
#2634 = CARTESIAN_POINT ( 'NONE',  ( 0.6248721101226792918, 2.969904834921867298, 26.60905746381961023 ) ) ;
#2635 = CARTESIAN_POINT ( 'NONE',  ( 19.88901829316994707, 4.471236646050014585, -11.62524227578737523 ) ) ;
#2636 = CARTESIAN_POINT ( 'NONE',  ( -8.202124894386642495, 4.000000000000000888, 33.19698217094838810 ) ) ;
#2637 = CARTESIAN_POINT ( 'NONE',  ( -7.122893442423700705, -0.09160397542542901561, 33.00825314647297404 ) ) ;
#2638 = CARTESIAN_POINT ( 'NONE',  ( 14.81273642663005496, 3.073887580327161473, -4.461695257158147854 ) ) ;
#2639 = CARTESIAN_POINT ( 'NONE',  ( -6.152259103829366360, 2.599913752546207490, -7.255447440686951133 ) ) ;
#2640 = ORIENTED_EDGE ( 'NONE', *, *, #3678, .F. ) ;
#2641 = CARTESIAN_POINT ( 'NONE',  ( -21.50519180174046951, 3.422840738421353279, -13.85419682804330499 ) ) ;
#2642 = CARTESIAN_POINT ( 'NONE',  ( 44.23964098318325000, 0.9192876162282752617, 10.51801359825975091 ) ) ;
#2643 = CARTESIAN_POINT ( 'NONE',  ( -24.11507820520009204, 0.09664696421602286813, -13.92284689329684255 ) ) ;
#2644 = CARTESIAN_POINT ( 'NONE',  ( 13.32498454204338323, 3.901247833719565961, 36.55884752048235953 ) ) ;
#2645 = ORIENTED_EDGE ( 'NONE', *, *, #3574, .T. ) ;
#2646 = CARTESIAN_POINT ( 'NONE',  ( 40.91122611367792672, 4.000000000000000888, -4.100599462730298406 ) ) ;
#2647 = CIRCLE ( 'NONE', #3453, 9.000000000000000000 ) ;
#2648 = CARTESIAN_POINT ( 'NONE',  ( -1.026633747631955362E-11, 0.000000000000000000, 27.53511039897604107 ) ) ;
#2649 = CARTESIAN_POINT ( 'NONE',  ( -24.93833523346455294, 4.000000000000000888, -11.18396463172652666 ) ) ;
#2650 = CARTESIAN_POINT ( 'NONE',  ( 24.30155153517253552, 4.207028907698176390, -20.41809958927967017 ) ) ;
#2651 = EDGE_CURVE ( 'NONE', #901, #4421, #1056, .T. ) ;
#2652 = CARTESIAN_POINT ( 'NONE',  ( -6.678805863070826909, 0.7160280850907513317, 5.402191598863698374 ) ) ;
#2653 = CARTESIAN_POINT ( 'NONE',  ( 26.32746482398010102, -0.1927552366036862086, -21.72451909836554407 ) ) ;
#2654 = ORIENTED_EDGE ( 'NONE', *, *, #102, .T. ) ;
#2655 = CARTESIAN_POINT ( 'NONE',  ( 5.226052376870280902, 2.809815112978883977, 31.74859017433516328 ) ) ;
#2656 = CARTESIAN_POINT ( 'NONE',  ( 26.58345046099105957, 4.000000000000000888, 38.10766653658182435 ) ) ;
#2657 = CARTESIAN_POINT ( 'NONE',  ( 38.88312679307049535, -0.4330127018922192428, 22.44918372091311909 ) ) ;
#2658 = CARTESIAN_POINT ( 'NONE',  ( -31.22868746503480253, 0.9192876162282755947, 33.05364614660991407 ) ) ;
#2659 = B_SPLINE_CURVE_WITH_KNOTS ( 'NONE', 3,
 ( #1829, #2139, #3527, #2414 ),
 .UNSPECIFIED., .F., .F.,
 ( 4, 4 ),
 ( 0.000000000000000000, 0.001814276067878934761 ),
 .UNSPECIFIED. ) ;
#2660 = CARTESIAN_POINT ( 'NONE',  ( 9.656393454908375418, 1.757625456806184205, 0.7405475763692600522 ) ) ;
#2661 = CARTESIAN_POINT ( 'NONE',  ( 20.01203342079359970, 4.471300780328427038, -11.41179639682736813 ) ) ;
#2662 = ORIENTED_EDGE ( 'NONE', *, *, #2601, .T. ) ;
#2663 = CARTESIAN_POINT ( 'NONE',  ( -35.06801204270657735, -0.4305529459942485926, 27.77125386470631341 ) ) ;
#2664 = CARTESIAN_POINT ( 'NONE',  ( -43.22319719206753064, 3.721175811016482093, -1.942847061245528861 ) ) ;
#2665 = CARTESIAN_POINT ( 'NONE',  ( 37.62468259755864608, 1.106635141486914220, -6.169990395028770003 ) ) ;
#2666 = CARTESIAN_POINT ( 'NONE',  ( -1.960594654785615454, 0.2128136006677403824, -9.446066598958676508 ) ) ;
#2667 = CARTESIAN_POINT ( 'NONE',  ( 17.30211130676077147, 0.000000000000000000, 34.85863525226326942 ) ) ;
#2668 = VERTEX_POINT ( 'NONE', #425 ) ;
#2669 = CARTESIAN_POINT ( 'NONE',  ( 1.495983478741151229, 2.943051843709827864, 27.78287833983491595 ) ) ;
#2670 = CARTESIAN_POINT ( 'NONE',  ( -25.06957503396087006, 0.06612720700815878649, -18.07494801426116737 ) ) ;
#2671 = CARTESIAN_POINT ( 'NONE',  ( -20.67195383473912074, 4.247859413637686821, -12.67977408635279879 ) ) ;
#2672 = CARTESIAN_POINT ( 'NONE',  ( 23.54708656428645241, 0.2557509916604624456, -11.37269468732553790 ) ) ;
#2673 = CARTESIAN_POINT ( 'NONE',  ( 21.78007231501170082, 4.330016127894807276, -14.39905813641899890 ) ) ;
#2674 = CARTESIAN_POINT ( 'NONE',  ( -24.65898161360518159, 0.2664082949584929416, -14.23686967255199320 ) ) ;
#2675 = CARTESIAN_POINT ( 'NONE',  ( -11.71433499347392981, 3.075708092811552774, -11.01892535499421477 ) ) ;
#2676 = CARTESIAN_POINT ( 'NONE',  ( 6.516605319547418063, -0.4305529461526295676, -44.25541622164456612 ) ) ;
#2677 = EDGE_CURVE ( 'NONE', #1727, #1016, #2874, .T. ) ;
#2678 = CARTESIAN_POINT ( 'NONE',  ( -24.21944949431159344, 1.993789032684789575, -13.22053795889166672 ) ) ;
#2679 = CARTESIAN_POINT ( 'NONE',  ( -0.9189456290988786691, 4.000000000000000888, 8.946652152056833174 ) ) ;
#2680 = CARTESIAN_POINT ( 'NONE',  ( -1.234643116339788627, 0.6952433938920599132, 28.55451579467183976 ) ) ;
#2681 = CARTESIAN_POINT ( 'NONE',  ( -9.283750341948122653, -0.1612021157314476594, 33.79983749108468061 ) ) ;
#2682 = CARTESIAN_POINT ( 'NONE',  ( 20.39802171206945047, 0.3573386576441384688, -5.415337970743642870 ) ) ;
#2683 = CARTESIAN_POINT ( 'NONE',  ( -24.61755031880964140, 0.1241251769155658491, -14.93596270955935523 ) ) ;
#2684 = ORIENTED_EDGE ( 'NONE', *, *, #871, .T. ) ;
#2685 = CARTESIAN_POINT ( 'NONE',  ( -40.72388521777613590, -0.4330127018922193538, 19.26089660486257316 ) ) ;
#2686 = CARTESIAN_POINT ( 'NONE',  ( -22.64261478951346263, 0.2512656737242863758, -14.52249309584729176 ) ) ;
#2687 = CARTESIAN_POINT ( 'NONE',  ( 21.04448543701838759, 3.000589852481417630, -12.81337860298754983 ) ) ;
#2688 = CARTESIAN_POINT ( 'NONE',  ( -22.13719601115784741, 0.000000000000000000, -14.22692823604124435 ) ) ;
#2689 = CYLINDRICAL_SURFACE ( 'NONE', #4003, 9.000000000000000000 ) ;
#2690 = VERTEX_POINT ( 'NONE', #3131 ) ;
#2691 = CARTESIAN_POINT ( 'NONE',  ( -5.729790037699437732, 4.000000000000000888, 31.02880269300546701 ) ) ;
#2692 = CARTESIAN_POINT ( 'NONE',  ( -0.5521893616774733449, 4.355013172258302312, 23.78897615428239831 ) ) ;
#2693 = CARTESIAN_POINT ( 'NONE',  ( 24.38615300641713901, 0.1855268599968961651, -14.07935200275892740 ) ) ;
#2694 = CARTESIAN_POINT ( 'NONE',  ( 23.36448183721352478, 2.391101454287794414, -33.98749198073479505 ) ) ;
#2695 = AXIS2_PLACEMENT_3D ( 'NONE', #705, #3188, #1480 ) ;
#2696 = CARTESIAN_POINT ( 'NONE',  ( -47.33686730631089290, 4.000000000000000888, 19.88021993944044397 ) ) ;
#2697 = CARTESIAN_POINT ( 'NONE',  ( 44.66662044212441174, 4.000000000000000888, 25.78828533605081574 ) ) ;
#2698 = CARTESIAN_POINT ( 'NONE',  ( 0.3826263632531988756, 4.377030584420228188, 21.50717612244945798 ) ) ;
#2699 = CARTESIAN_POINT ( 'NONE',  ( -48.19152135162273254, 3.593204923753340552, 10.54651955636118288 ) ) ;
#2700 = VERTEX_POINT ( 'NONE', #1470 ) ;
#2701 = CARTESIAN_POINT ( 'NONE',  ( 5.526126343007399910, 4.208263815065742541, 31.32189021496816750 ) ) ;
#2702 = CARTESIAN_POINT ( 'NONE',  ( -3.110369687458690674E-13, 1.798367332334930957, 26.96952090249414624 ) ) ;
#2703 = CARTESIAN_POINT ( 'NONE',  ( -2.360397108583699666, 0.8245441308419069193, 27.25204615870049096 ) ) ;
#2704 = CARTESIAN_POINT ( 'NONE',  ( -38.33240343985388421, 0.9016291129962750173, 27.39310985626028128 ) ) ;
#2705 = CARTESIAN_POINT ( 'NONE',  ( 0.4516001270676678891, 4.371226694059504148, 23.59382172736928140 ) ) ;
#2706 = CARTESIAN_POINT ( 'NONE',  ( -22.14696500424771486, 2.913385090902340213, -12.78655620693905526 ) ) ;
#2707 = VERTEX_POINT ( 'NONE', #1798 ) ;
#2708 = B_SPLINE_CURVE_WITH_KNOTS ( 'NONE', 3,
 ( #3230, #2275, #1864, #832, #1943, #2526, #2175, #3565 ),
 .UNSPECIFIED., .F., .F.,
 ( 4, 2, 2, 4 ),
 ( 0.000000000000000000, 0.0004519839018541328625, 0.0009039678037082657250, 0.001807935607416531450 ),
 .UNSPECIFIED. ) ;
#2709 = FACE_OUTER_BOUND ( 'NONE', #386, .T. ) ;
#2710 = CARTESIAN_POINT ( 'NONE',  ( 16.77083076915532089, 1.689367917183450585, -13.71293685509367144 ) ) ;
#2711 = ADVANCED_FACE ( 'NONE', ( #3905 ), #1479, .F. ) ;
#2712 = CARTESIAN_POINT ( 'NONE',  ( -12.43444770407799815, 0.3770305844207956780, -14.54905382709577921 ) ) ;
#2713 = CARTESIAN_POINT ( 'NONE',  ( -1.323056845735398834, 4.000000000000000888, 16.72704400042254846 ) ) ;
#2714 = ORIENTED_EDGE ( 'NONE', *, *, #4285, .T. ) ;
#2715 = CARTESIAN_POINT ( 'NONE',  ( -3.656750814815546313, 0.3096396646972243150, 23.82094549824324048 ) ) ;
#2716 = B_SPLINE_CURVE_WITH_KNOTS ( 'NONE', 3,
 ( #4372, #3076, #4045, #2705, #4091, #4442 ),
 .UNSPECIFIED., .F., .F.,
 ( 4, 2, 4 ),
 ( 0.000000000000000000, 0.0006540513711802465897, 0.001308102742360493179 ),
 .UNSPECIFIED. ) ;
#2717 = CARTESIAN_POINT ( 'NONE',  ( 44.88312679307052377, 3.566987298107781701, 25.91328533605081574 ) ) ;
#2718 = CARTESIAN_POINT ( 'NONE',  ( 22.73168367936666101, 2.969904834921861081, -13.84568385339257723 ) ) ;
#2719 = CARTESIAN_POINT ( 'NONE',  ( -18.49930342072950751, 4.000000000000000888, -10.76192818954360142 ) ) ;
#2720 = CARTESIAN_POINT ( 'NONE',  ( -44.88312679307017561, 3.566987298107781701, 25.91328533605144457 ) ) ;
#2721 = CARTESIAN_POINT ( 'NONE',  ( 25.34625762912593316, -0.6952433938917433887, -26.79197440602463232 ) ) ;
#2722 = CARTESIAN_POINT ( 'NONE',  ( -20.20806460747877153, 4.371047765396933293, -12.18963525703693662 ) ) ;
#2723 = CARTESIAN_POINT ( 'NONE',  ( -37.28405964796000660, 3.578555280456906296, 34.22500749506565398 ) ) ;
#2724 = CARTESIAN_POINT ( 'NONE',  ( -40.27985227295088322, 0.000000000000000000, 19.52998422553431368 ) ) ;
#2725 = CARTESIAN_POINT ( 'NONE',  ( -5.118576635452685153, 1.399460540341491921, 31.90306338700010969 ) ) ;
#2726 = CARTESIAN_POINT ( 'NONE',  ( 41.06801204322471222, 3.569447053847371265, 31.23535547912453225 ) ) ;
#2727 = DIRECTION ( 'NONE',  ( -0.000000000000000000, 1.000000000000000000, -0.000000000000000000 ) ) ;
#2728 = CARTESIAN_POINT ( 'NONE',  ( 32.43889125699066511, 0.000000000000000000, -9.732880555810890399 ) ) ;
#2729 = ORIENTED_EDGE ( 'NONE', *, *, #3268, .T. ) ;
#2730 = CARTESIAN_POINT ( 'NONE',  ( -41.31499321943885406, -0.3842063484362646109, 2.849381065904123655 ) ) ;
#2731 = CARTESIAN_POINT ( 'NONE',  ( -22.83510259255326602, -0.1524072836121071195, -14.67295610393825100 ) ) ;
#2732 = CARTESIAN_POINT ( 'NONE',  ( 35.05774832427864141, 1.204879255659333515, -8.472886655451425497 ) ) ;
#2733 = CARTESIAN_POINT ( 'NONE',  ( -40.13909678673784498, 0.000000000000000000, 0.5458251130171127841 ) ) ;
#2734 = CARTESIAN_POINT ( 'NONE',  ( 1.974395709253385034, 4.000000000000000888, 1.139917894224262929 ) ) ;
#2735 = ORIENTED_EDGE ( 'NONE', *, *, #4230, .F. ) ;
#2736 = ADVANCED_FACE ( 'NONE', ( #4337 ), #786, .T. ) ;
#2737 = CARTESIAN_POINT ( 'NONE',  ( -13.79052381516363646, 4.000000000000000888, 36.42344579219803791 ) ) ;
#2738 = CARTESIAN_POINT ( 'NONE',  ( 34.88520915353291230, 0.000000000000000000, 27.59071803798016731 ) ) ;
#2739 = CARTESIAN_POINT ( 'NONE',  ( 44.98294529143581855, 3.367350301377197930, 25.97091557295212283 ) ) ;
#2740 = CARTESIAN_POINT ( 'NONE',  ( 25.02453903818129533, 2.575062691241204682, -27.29153539634103254 ) ) ;
#2741 = CARTESIAN_POINT ( 'NONE',  ( 4.735448269452377623, 0.4174760652913668824, -11.75891286932844970 ) ) ;
#2742 = CARTESIAN_POINT ( 'NONE',  ( -9.320525390300479884, 4.057398468560816873, 34.42004126751568549 ) ) ;
#2743 = CARTESIAN_POINT ( 'NONE',  ( -21.53740801633509960, 0.000000000000000000, -32.41338555688898282 ) ) ;
#2744 = VERTEX_POINT ( 'NONE', #4162 ) ;
#2745 = CARTESIAN_POINT ( 'NONE',  ( 24.33212307361562310, 3.656130625032171455, 38.56070786057190247 ) ) ;
#2746 = CARTESIAN_POINT ( 'NONE',  ( -40.29393253012159448, 0.000000000000000000, 0.5040085360345016863 ) ) ;
#2747 = CARTESIAN_POINT ( 'NONE',  ( -44.88312679307017561, 3.566987298107781701, 25.91328533605144457 ) ) ;
#2748 = CARTESIAN_POINT ( 'NONE',  ( 23.80389346399584483, 0.2455319565159992667, -11.91615205500833774 ) ) ;
#2749 = ORIENTED_EDGE ( 'NONE', *, *, #2527, .T. ) ;
#2750 = CARTESIAN_POINT ( 'NONE',  ( 0.1431628993062306621, 0.000000000000000000, 27.46681452454113881 ) ) ;
#2751 = CARTESIAN_POINT ( 'NONE',  ( 48.25608096014088488, 3.592166164978328524, 10.16631255057058780 ) ) ;
#2752 = CARTESIAN_POINT ( 'NONE',  ( 43.11627238484658164, 3.724434787621231369, -2.085788288537728796 ) ) ;
#2753 = CARTESIAN_POINT ( 'NONE',  ( -23.71537768963355575, 0.000000000000000000, -13.85738996994304095 ) ) ;
#2754 = CARTESIAN_POINT ( 'NONE',  ( 22.12408576120478898, 3.363290627706317704, -13.53356623843680673 ) ) ;
#2755 = ORIENTED_EDGE ( 'NONE', *, *, #1488, .F. ) ;
#2756 = CARTESIAN_POINT ( 'NONE',  ( 3.259274409416661536E-06, 4.368225035047765381, 22.43287431244450048 ) ) ;
#2757 = CARTESIAN_POINT ( 'NONE',  ( -7.560387818485036604, 0.4078685175871842317, 12.58839350272940827 ) ) ;
#2758 = CARTESIAN_POINT ( 'NONE',  ( 23.84610510151616225, 0.000000000000000000, -13.76755519951485596 ) ) ;
#2759 = EDGE_CURVE ( 'NONE', #2422, #3557, #669, .T. ) ;
#2760 = CARTESIAN_POINT ( 'NONE',  ( -24.62964274009081933, 1.172131217601866782, -27.24928346081981445 ) ) ;
#2761 = CARTESIAN_POINT ( 'NONE',  ( 23.54708656428645241, 4.255750991660463889, -18.30089791760104845 ) ) ;
#2762 = CARTESIAN_POINT ( 'NONE',  ( 41.96407299712386418, 0.000000000000000000, 6.737057614724203169 ) ) ;
#2763 = DIRECTION ( 'NONE',  ( -0.000000000000000000, -1.000000000000000000, -0.000000000000000000 ) ) ;
#2764 = CARTESIAN_POINT ( 'NONE',  ( -26.58808730649415253, 3.635788153864012440, 38.29382410198815023 ) ) ;
#2765 = ADVANCED_FACE ( 'NONE', ( #3148 ), #2474, .F. ) ;
#2766 = CARTESIAN_POINT ( 'NONE',  ( 18.56975491621221863, 0.000000000000000000, -36.28830061038609500 ) ) ;
#2767 = CARTESIAN_POINT ( 'NONE',  ( -29.73662640000447155, 4.000000000000000888, -10.55225761549193209 ) ) ;
#2768 = ORIENTED_EDGE ( 'NONE', *, *, #559, .F. ) ;
#2769 = CARTESIAN_POINT ( 'NONE',  ( -1.579913979207580255, 4.330016127894539935, 26.06162498927004023 ) ) ;
#2770 = CARTESIAN_POINT ( 'NONE',  ( -3.587627540079875388, 4.000000000000000888, -1.654281601154547365 ) ) ;
#2771 = CARTESIAN_POINT ( 'NONE',  ( -42.88312679307018271, 2.233653964774448220, 24.75858479767218512 ) ) ;
#2772 = CARTESIAN_POINT ( 'NONE',  ( -38.33844325840988887, -0.3097172936733057491, -3.611054369669784325 ) ) ;
#2773 = CARTESIAN_POINT ( 'NONE',  ( 3.035766082959412415E-15, 0.4330127018922192983, 4.898367441826950497 ) ) ;
#2774 = VERTEX_POINT ( 'NONE', #1210 ) ;
#2775 = CARTESIAN_POINT ( 'NONE',  ( -0.6603170209378099731, 3.052803391732010763, 26.36177726045913161 ) ) ;
#2776 = CARTESIAN_POINT ( 'NONE',  ( 32.95710859657958736, 4.113095315073011626, -9.809864018129877294 ) ) ;
#2777 = CARTESIAN_POINT ( 'NONE',  ( 45.56061413197137711, 3.656130625031409398, 1.791882779472972587 ) ) ;
#2778 = CARTESIAN_POINT ( 'NONE',  ( -4.342342568920342316, 0.6334765563473874206, -2.507052651079672678 ) ) ;
#2779 = CARTESIAN_POINT ( 'NONE',  ( 8.202124894387315734, 4.000000000000000888, 33.19698217094840231 ) ) ;
#2780 = ORIENTED_EDGE ( 'NONE', *, *, #1989, .T. ) ;
#2781 = CARTESIAN_POINT ( 'NONE',  ( -15.08507552900160675, 4.398792105540672459, -10.19155800182498339 ) ) ;
#2782 = CARTESIAN_POINT ( 'NONE',  ( 45.62772417035576211, 3.654546820220522019, 1.927021445803625221 ) ) ;
#2783 = CARTESIAN_POINT ( 'NONE',  ( -4.556927304252125666, -0.4317042203370584086, -44.58398901839912298 ) ) ;
#2784 = CARTESIAN_POINT ( 'NONE',  ( -38.66662044212407778, 0.000000000000000000, 22.32418372091366265 ) ) ;
#2785 = CARTESIAN_POINT ( 'NONE',  ( 14.09876934412016070, 0.000000000000000000, -14.48856494576727982 ) ) ;
#2786 = CARTESIAN_POINT ( 'NONE',  ( -23.84610510154228891, 0.000000000000000000, -13.76755519946923556 ) ) ;
#2787 = CARTESIAN_POINT ( 'NONE',  ( -16.92563846174240894, 4.000000000000000888, 37.32149158508692466 ) ) ;
#2788 = CARTESIAN_POINT ( 'NONE',  ( 19.86938082712835296, 0.3642118461362726656, -4.755332133810833639 ) ) ;
#2789 = CARTESIAN_POINT ( 'NONE',  ( -22.16387695164258176, 0.9025580876005296904, -14.21968712921866107 ) ) ;
#2790 = ORIENTED_EDGE ( 'NONE', *, *, #2382, .T. ) ;
#2791 = CARTESIAN_POINT ( 'NONE',  ( -6.957094620366158111, 0.000000000000000000, 5.707639582952896085 ) ) ;
#2792 = EDGE_CURVE ( 'NONE', #2690, #2123, #516, .T. ) ;
#2793 = CARTESIAN_POINT ( 'NONE',  ( -1.286463483038162714, 2.805403408107806751, 23.47731301903743173 ) ) ;
#2794 = CARTESIAN_POINT ( 'NONE',  ( 8.518720534567346903, 4.355637879049460537, -3.566223441414355211 ) ) ;
#2795 = CARTESIAN_POINT ( 'NONE',  ( 23.80389346400014361, -0.2455319565177236929, -28.08384794499540860 ) ) ;
#2796 = AXIS2_PLACEMENT_3D ( 'NONE', #1244, #240, #1945 ) ;
#2797 = CARTESIAN_POINT ( 'NONE',  ( -1.924500773434984824, 0.2557509916604700506, 26.07872249344580595 ) ) ;
#2798 = B_SPLINE_CURVE_WITH_KNOTS ( 'NONE', 3,
 ( #2342, #2769, #682, #31, #3096, #362, #1314, #1736, #2436, #4062, #3119, #3723, #3362, #1366, #727, #2723, #4087, #342, #273, #633 ),
 .UNSPECIFIED., .F., .F.,
 ( 4, 2, 2, 2, 2, 2, 2, 2, 2, 4 ),
 ( 0.6524901606912298924, 0.6959288906048262113, 0.7393676205184224193, 0.7610869854752205788, 0.7828063504320187382, 0.8262450803456149462, 0.8696838102592112651, 0.9131225401728075841, 0.9565612700864037921, 1.000000000000000000 ),
 .UNSPECIFIED. ) ;
#2799 = CARTESIAN_POINT ( 'NONE',  ( -0.6603634907814491806, 1.989322509994676302, 27.58880874237203429 ) ) ;
#2800 = CARTESIAN_POINT ( 'NONE',  ( 41.26367218747083143, 3.694575833291706246, -4.480545934467603963 ) ) ;
#2801 = CARTESIAN_POINT ( 'NONE',  ( -6.546672704019609768, 0.6298780531422019102, 4.370496625846201688 ) ) ;
#2802 = CARTESIAN_POINT ( 'NONE',  ( 20.60930923170245777, -0.5328242452538334284, 34.98766186222120211 ) ) ;
#2803 = CARTESIAN_POINT ( 'NONE',  ( 24.30398269214244067, 0.4418047883065571169, -14.03191094968842201 ) ) ;
#2804 = ORIENTED_EDGE ( 'NONE', *, *, #1373, .F. ) ;
#2805 = B_SPLINE_CURVE_WITH_KNOTS ( 'NONE', 3,
 ( #1913, #2613, #3997, #486, #2912, #1526, #1605, #3658, #3919, #507 ),
 .UNSPECIFIED., .F., .F.,
 ( 4, 2, 2, 2, 4 ),
 ( -5.999999999983723196E-08, 0.001294468718360213119, 0.002588997436720426315, 0.003883526155080639294, 0.005178054873440852274 ),
 .UNSPECIFIED. ) ;
#2806 = CARTESIAN_POINT ( 'NONE',  ( -25.20520499869335040, 3.833153530350582816, -30.25067843325924954 ) ) ;
#2807 = CARTESIAN_POINT ( 'NONE',  ( 36.43253992206545178, 3.978262655081031607, -8.027195148552301873 ) ) ;
#2808 = CARTESIAN_POINT ( 'NONE',  ( 22.16644429470717270, 3.771614177779893051, -12.04344250416670903 ) ) ;
#2809 = CARTESIAN_POINT ( 'NONE',  ( -23.36448183721257266, 1.057768120954371893, -31.67809090398023741 ) ) ;
#2810 = LINE ( 'NONE', #380, #1269 ) ;
#2811 = CARTESIAN_POINT ( 'NONE',  ( -23.93324846572395614, 0.6950229483478975734, -15.31532914685621449 ) ) ;
#2812 = CARTESIAN_POINT ( 'NONE',  ( -26.43246783633243879, 4.872215667953443408, 37.13566141476950833 ) ) ;
#2813 = CARTESIAN_POINT ( 'NONE',  ( 23.38947927580882435, 0.000000000000000000, -12.05790999619750714 ) ) ;
#2814 = CARTESIAN_POINT ( 'NONE',  ( -32.85049233621402465, 4.000000000000000888, -9.495242561922180968 ) ) ;
#2815 = ORIENTED_EDGE ( 'NONE', *, *, #1589, .F. ) ;
#2816 = CARTESIAN_POINT ( 'NONE',  ( -1.974395709253372821, 4.000000000000000888, 1.139917894224285355 ) ) ;
#2817 = CARTESIAN_POINT ( 'NONE',  ( -38.70430691594422257, 2.237872456384672581, 30.14295590542952752 ) ) ;
#2818 = SURFACE_STYLE_USAGE ( .BOTH. , #415 ) ;
#2819 = CARTESIAN_POINT ( 'NONE',  ( 12.61506196192502927, -0.6107472114385898987, -41.89002308329094149 ) ) ;
#2820 = ADVANCED_FACE ( 'NONE', ( #1233 ), #1791, .T. ) ;
#2821 = CARTESIAN_POINT ( 'NONE',  ( 21.57271896342148665, 3.052762758838490686, -12.01308181158042387 ) ) ;
#2822 = B_SPLINE_CURVE_WITH_KNOTS ( 'NONE', 3,
 ( #2561, #1568, #4275, #192, #3281, #3941, #2936, #2808, #511, #1471, #1236, #174 ),
 .UNSPECIFIED., .F., .F.,
 ( 4, 2, 2, 2, 2, 4 ),
 ( -6.000000000046584952E-08, 0.001644585428118203055, 0.003289230856236405754, 0.004933876284354609537, 0.005756198998413709043, 0.006578521712472807682 ),
 .UNSPECIFIED. ) ;
#2823 = CARTESIAN_POINT ( 'NONE',  ( 21.53740801633567870, 0.000000000000000000, -32.41338555689223710 ) ) ;
#2824 = CARTESIAN_POINT ( 'NONE',  ( 41.89329941603291019, 4.000000000000000888, -2.820736617105770172 ) ) ;
#2825 = CARTESIAN_POINT ( 'NONE',  ( 36.23288475969568623, 3.986417851787026123, -8.148580165315774337 ) ) ;
#2826 = CARTESIAN_POINT ( 'NONE',  ( 17.32401777356756156, -0.3291729105351812734, 35.07745037501880603 ) ) ;
#2827 = B_SPLINE_SURFACE_WITH_KNOTS ( 'NONE', 3, 3, ( 
 ( #756, #2140, #2488, #506, #103, #3504, #3550, #3873, #1871, #3575, #3238, #146, #1832, #2512, #777, #2889, #1186, #441, #2555, #3935, #125, #3259, #1438, #2844, #2797, #2116, #1484, #4223 ),
 ( #1144, #3898, #4039, #865, #1953, #2224, #168, #4329, #586, #1251, #885, #1604, #2996, #1888, #3618, #1230, #3679, #3276, #4291, #3336, #2612, #528, #934, #2288, #2973, #1625, #3996, #1912 ),
 ( #3956, #1293, #187, #2931, #1563, #250, #3700, #2246, #3640, #4310, #957, #1270, #4368, #2594, #3977, #546, #2267, #3296, #4015, #205, #2576, #1583, #2655, #2951, #2313, #2634, #910, #610 ),
 ( #3657, #566, #1933, #3313, #223, #1975, #1544, #2911, #1207, #3748, #2067, #2745, #2046, #4109, #703, #3434, #3072, #1003, #1072, #3798, #657, #1410, #2368, #2701, #3823, #4131, #4154, #1669 ) ),
 .UNSPECIFIED., .F., .F., .F.,
 ( 4, 4 ),
 ( 4, 3, 3, 3, 3, 3, 3, 3, 3, 4 ),
 ( 0.000000000000000000, 1.000000000000000000 ),
 ( 0.000000000000000000, 0.04369936229315023180, 0.08739872458630046359, 0.1310980868794506815, 0.1747974491726009272, 0.2184968114657511451, 0.2403464926123262679, 0.2621961737589013630, 0.3058955360520516087, 0.3495948983452018544 ),
 .UNSPECIFIED. ) ;
#2828 = CARTESIAN_POINT ( 'NONE',  ( -15.66704978031477324, -0.4490539079480504459, 35.22830397677578418 ) ) ;
#2829 = CARTESIAN_POINT ( 'NONE',  ( -6.547472957156869278, 4.635183155166292757, -2.554643702347618284 ) ) ;
#2830 = CARTESIAN_POINT ( 'NONE',  ( 3.083712689348228952, 1.454140988372539578, -5.634685211910984037 ) ) ;
#2831 = B_SPLINE_SURFACE_WITH_KNOTS ( 'NONE', 1, 3, ( 
 ( #4173, #771, #3820, #3138, #1093, #3845, #2409, #2109, #3498, #3796, #3162, #2743, #4195, #2065, #3455, #2481, #1805, #1825 ),
 ( #3611, #1222, #1866, #3543, #1200, #3269, #858, #3590, #2218, #499, #1882, #3207, #2156, #2588, #4240, #3971, #520, #2904 ) ),
 .UNSPECIFIED., .F., .F., .F.,
 ( 2, 2 ),
 ( 4, 2, 2, 2, 2, 2, 2, 2, 4 ),
 ( 0.000000000000000000, 1.000000000000000000 ),
 ( 0.5000000000000000000, 0.5625000000000000000, 0.6250000000000000000, 0.6875000000000000000, 0.7500000000000000000, 0.8125000000000000000, 0.8750000000000000000, 0.9375000000000000000, 1.000000000000000000 ),
 .UNSPECIFIED. ) ;
#2832 = CARTESIAN_POINT ( 'NONE',  ( 6.451658152778323441, 4.000000000000000888, -50.93503959255846780 ) ) ;
#2833 = CARTESIAN_POINT ( 'NONE',  ( -8.947896898315452319, 2.240782466439736886, -47.97799078366833925 ) ) ;
#2834 = CARTESIAN_POINT ( 'NONE',  ( 38.66662044212438332, 0.000000000000000000, 22.32418372091311909 ) ) ;
#2835 = CARTESIAN_POINT ( 'NONE',  ( -23.85127392340665509, 0.03344036998518050419, -13.84530570983653774 ) ) ;
#2836 = DIRECTION ( 'NONE',  ( 0.000000000000000000, 0.000000000000000000, 1.000000000000000000 ) ) ;
#2837 = CARTESIAN_POINT ( 'NONE',  ( 23.85854058893518470, 0.000000000000000000, -13.60942455459373335 ) ) ;
#2838 = CARTESIAN_POINT ( 'NONE',  ( -22.62927557784690791, 0.2335068429959115399, -14.52175803231343920 ) ) ;
#2839 = VERTEX_POINT ( 'NONE', #3121 ) ;
#2840 = CARTESIAN_POINT ( 'NONE',  ( 0.000000000000000000, -0.4330127018922192428, -44.89836744182695583 ) ) ;
#2841 = CARTESIAN_POINT ( 'NONE',  ( -0.3904174336246994392, 3.719010717933073806, 23.29074403368440471 ) ) ;
#2842 = CARTESIAN_POINT ( 'NONE',  ( 8.468188973384403795, 4.107432895083992008, -3.710127183743983537 ) ) ;
#2843 = CARTESIAN_POINT ( 'NONE',  ( 22.51042706702776286, 0.3069506582792801419, -8.899828248948482567 ) ) ;
#2844 = CARTESIAN_POINT ( 'NONE',  ( -0.4738736569926305098, 0.2082638150657406262, 27.85778859983046729 ) ) ;
#2845 = CARTESIAN_POINT ( 'NONE',  ( -3.453726020452565287E-13, 4.529847108335497197, 22.86455607003047774 ) ) ;
#2846 = CARTESIAN_POINT ( 'NONE',  ( 46.51295392842021670, 3.566987298107781701, 23.09034193007064673 ) ) ;
#2847 = AXIS2_PLACEMENT_3D ( 'NONE', #2287, #656, #1291 ) ;
#2848 = CARTESIAN_POINT ( 'NONE',  ( -19.99554937585518744, 0.5328242452544429408, -4.657983719793458377 ) ) ;
#2849 = CARTESIAN_POINT ( 'NONE',  ( 17.32461353312621100, -0.4815639839142100143, 35.25238454366915875 ) ) ;
#2850 = CARTESIAN_POINT ( 'NONE',  ( 22.14696500425042913, 2.913385090902509411, -12.78655620693501760 ) ) ;
#2851 = EDGE_LOOP ( 'NONE', ( #3754, #2625, #2435, #2884, #2471 ) ) ;
#2852 = EDGE_CURVE ( 'NONE', #2839, #216, #3739, .T. ) ;
#2853 = CARTESIAN_POINT ( 'NONE',  ( -21.87117801714668630, 4.485619921493779749, -14.29611383135582159 ) ) ;
#2854 = CARTESIAN_POINT ( 'NONE',  ( -41.02364251463642830, -0.3770305844203551970, 1.956925492695049673 ) ) ;
#2855 = B_SPLINE_CURVE_WITH_KNOTS ( 'NONE', 3,
 ( #4056, #3789, #3064, #1, #972, #2330, #3380, #996, #290, #4102 ),
 .UNSPECIFIED., .F., .F.,
 ( 4, 2, 2, 2, 4 ),
 ( 0.2994021520013502302, 0.3366792048693857398, 0.3739562577374211938, 0.4112333106054566478, 0.4485103634734921574 ),
 .UNSPECIFIED. ) ;
#2856 = CARTESIAN_POINT ( 'NONE',  ( -25.17331980778505951, 2.653084518453699303, -24.99490749487400620 ) ) ;
#2857 = CARTESIAN_POINT ( 'NONE',  ( 25.17331980778509859, 3.986417851787054101, -27.30430857163118574 ) ) ;
#2858 = CARTESIAN_POINT ( 'NONE',  ( -38.66662044212407778, 0.000000000000000000, 22.32418372091366265 ) ) ;
#2859 = CARTESIAN_POINT ( 'NONE',  ( -41.69931360849992075, -0.6298780531428612717, 16.51566344097318151 ) ) ;
#2860 = FACE_OUTER_BOUND ( 'NONE', #3836, .T. ) ;
#2861 = VERTEX_POINT ( 'NONE', #2413 ) ;
#2862 = DIRECTION ( 'NONE',  ( 0.000000000000000000, 1.000000000000000000, 0.000000000000000000 ) ) ;
#2863 = CARTESIAN_POINT ( 'NONE',  ( -46.45746813363078331, 3.635788153864281558, 3.879046994476488042 ) ) ;
#2864 = B_SPLINE_CURVE_WITH_KNOTS ( 'NONE', 3,
 ( #707, #80, #4222, #2463 ),
 .UNSPECIFIED., .F., .F.,
 ( 4, 4 ),
 ( 0.000000000000000000, 0.0007088733479975478256 ),
 .UNSPECIFIED. ) ;
#2865 = B_SPLINE_SURFACE_WITH_KNOTS ( 'NONE', 1, 3, ( 
 ( #2315, #252, #2430, #3338, #2269, #1068, #2975, #1272, #3817, #568, #4017, #1627, #588, #3315, #2085, #2680, #2703, #4350, #226, #936, #612, #2291, #2344, #4370, #3681, #1955 ),
 ( #2657, #1977, #2954, #4330, #959, #3725, #2615, #1650, #3364, #275, #3023, #3049, #980, #4064, #635, #3389, #1671, #298, #4417, #1342, #3564, #4193, #769, #3863, #3184, #3842 ),
 ( #1429, #407, #2880, #4170, #3926, #1091, #431, #789, #452, #48, #116, #1475, #4259, #831, #92, #1178, #1159, #1823, #2174, #70, #3518, #2546, #4214, #1452, #3229, #1803 ) ),
 .UNSPECIFIED., .F., .F., .F.,
 ( 2, 1, 2 ),
 ( 4, 2, 2, 2, 2, 2, 2, 2, 2, 2, 2, 2, 4 ),
 ( -2.358194764306283719, 0.000000000000000000, 1.000000000000000000 ),
 ( 0.000000000000000000, 0.06250000000000000000, 0.1250000000000000000, 0.1562500000000000000, 0.1875000000000000000, 0.2187500000000000000, 0.2500000000000000000, 0.2812500000000000000, 0.3125000000000000000, 0.3437500000000000000, 0.3750000000000000000, 0.4375000000000000000, 0.5000000000000000000 ),
 .UNSPECIFIED. ) ;
#2866 = CARTESIAN_POINT ( 'NONE',  ( 12.08703705027649278, -0.2392212176826718772, 34.60791324626356413 ) ) ;
#2867 = CARTESIAN_POINT ( 'NONE',  ( -44.19152135162273254, 0.9265382570866733669, 8.237118479602662191 ) ) ;
#2868 = CARTESIAN_POINT ( 'NONE',  ( 38.66662044212438332, 0.000000000000000000, 22.32418372091311909 ) ) ;
#2869 = CARTESIAN_POINT ( 'NONE',  ( 20.97124417695391685, 2.807377585126805908, -10.62206568705907728 ) ) ;
#2870 = CARTESIAN_POINT ( 'NONE',  ( -0.6272942347828713849, 0.1650327200318210674, 28.76944659893035450 ) ) ;
#2871 = CARTESIAN_POINT ( 'NONE',  ( 4.025604290746611191, 0.000000000000000000, -2.324183720913497009 ) ) ;
#2872 = CARTESIAN_POINT ( 'NONE',  ( -3.259654271357170785, 0.4330127018922192983, 4.898367441826950497 ) ) ;
#2873 = CARTESIAN_POINT ( 'NONE',  ( -4.550751173983120346, 0.4815639839148072032, 22.62263684140495812 ) ) ;
#2874 = B_SPLINE_CURVE_WITH_KNOTS ( 'NONE', 3,
 ( #401, #3537, #2104, #3470, #43, #1154, #2807, #2473, #449, #4255, #785, #2782, #1841, #4212, #3560, #4166, #1773, #471, #1820, #65 ),
 .UNSPECIFIED., .F., .F.,
 ( 4, 2, 2, 2, 2, 2, 2, 2, 2, 4 ),
 ( 0.6524901606912323349, 0.6959288906048283208, 0.7393676205184243067, 0.7610869854752222441, 0.7828063504320201815, 0.8262450803456161674, 0.8696838102592121533, 0.9131225401728080282, 0.9565612700864040141, 1.000000000000000000 ),
 .UNSPECIFIED. ) ;
#2875 = CARTESIAN_POINT ( 'NONE',  ( 24.09519420763151132, 1.239321247681264282, -14.66434968241299153 ) ) ;
#2876 = CARTESIAN_POINT ( 'NONE',  ( -18.94419225335368751, 4.872215667963939012, -41.45901933835775566 ) ) ;
#2877 = CARTESIAN_POINT ( 'NONE',  ( -43.05338861129667549, 4.000000000000000888, 28.58248483143180962 ) ) ;
#2878 = CARTESIAN_POINT ( 'NONE',  ( -16.75516057404410120, 3.603131303259814899, -45.56139310337316317 ) ) ;
#2879 = EDGE_CURVE ( 'NONE', #3989, #2123, #4116, .T. ) ;
#2880 = CARTESIAN_POINT ( 'NONE',  ( 34.88520915353291230, 0.000000000000000000, 27.59071803798016731 ) ) ;
#2881 = CARTESIAN_POINT ( 'NONE',  ( -38.34213106628698853, -0.4490539079495833308, -4.046088876276499491 ) ) ;
#2882 = CARTESIAN_POINT ( 'NONE',  ( -25.16802488081397016, 3.978262655081044930, -27.53790752262320396 ) ) ;
#2883 = CARTESIAN_POINT ( 'NONE',  ( 0.6426929577582861652, 4.352813373152731202, 23.98911627421633597 ) ) ;
#2884 = ORIENTED_EDGE ( 'NONE', *, *, #235, .T. ) ;
#2885 = CARTESIAN_POINT ( 'NONE',  ( -38.79619445106479958, 3.834763006525314211, -6.697481526049009481 ) ) ;
#2886 = FACE_OUTER_BOUND ( 'NONE', #1698, .T. ) ;
#2887 = CARTESIAN_POINT ( 'NONE',  ( -31.19015862014890672, -0.05259306181920861412, -10.97410084205134240 ) ) ;
#2888 = CARTESIAN_POINT ( 'NONE',  ( 9.017140290954465343, 2.204119037619408417, -0.8779072611646892010 ) ) ;
#2889 = CARTESIAN_POINT ( 'NONE',  ( 9.283750341946408469, -0.1612021157315619568, 33.79983749108326663 ) ) ;
#2890 = CARTESIAN_POINT ( 'NONE',  ( 44.66662044212441174, 4.000000000000000888, 25.78828533605081574 ) ) ;
#2891 = CARTESIAN_POINT ( 'NONE',  ( -7.246536270349990261E-14, 4.500000000000000000, -0.6622138793585626848 ) ) ;
#2892 = CARTESIAN_POINT ( 'NONE',  ( -21.38935507278194592, 0.000000000000000000, -7.648283393478593872 ) ) ;
#2893 = CARTESIAN_POINT ( 'NONE',  ( 7.870440434119017503, 0.000000000000000000, 32.82028998779940565 ) ) ;
#2894 = CARTESIAN_POINT ( 'NONE',  ( 4.242110641692720563, 0.4330127018922192983, -2.449183720913497897 ) ) ;
#2895 = CARTESIAN_POINT ( 'NONE',  ( 8.089339670971147811, 0.000000000000000000, 3.282730187120860510 ) ) ;
#2896 = CARTESIAN_POINT ( 'NONE',  ( -3.226463661654748183, 4.000000000000000888, -2.279835788448557388 ) ) ;
#2897 = CARTESIAN_POINT ( 'NONE',  ( -42.17914332797226962, 0.000000000000000000, 10.01839676894246267 ) ) ;
#2898 = CARTESIAN_POINT ( 'NONE',  ( -25.02453903818125269, 3.908396024574522620, -29.60093647309985698 ) ) ;
#2899 = CARTESIAN_POINT ( 'NONE',  ( -0.8682932237144822540, 4.143457235198411581, 8.295829828161879860 ) ) ;
#2900 = CARTESIAN_POINT ( 'NONE',  ( 24.00683636229614493, 0.000000000000000000, -13.54834184722928114 ) ) ;
#2901 = CARTESIAN_POINT ( 'NONE',  ( 20.94356078557446210, 2.840887799770606570, -10.60537431381020212 ) ) ;
#2902 = B_SPLINE_CURVE_WITH_KNOTS ( 'NONE', 3,
 ( #3107, #692, #1747, #2754, #3445, #3423, #4402, #1680, #2378, #353, #3759, #714, #3735, #1726 ),
 .UNSPECIFIED., .F., .F.,
 ( 4, 2, 2, 2, 2, 2, 4 ),
 ( -6.000000000155645738E-08, 0.001631558226774104019, 0.003263176453548209850, 0.004894794680322315898, 0.005710603793709367187, 0.006118508350402893266, 0.006526412907096418477 ),
 .UNSPECIFIED. ) ;
#2903 = CARTESIAN_POINT ( 'NONE',  ( -19.80197982609435670, 3.633778043480650588, -42.33864598168564441 ) ) ;
#2904 = CARTESIAN_POINT ( 'NONE',  ( 0.000000000000000000, 4.000000000000000888, -51.57657067210246282 ) ) ;
#2905 = CARTESIAN_POINT ( 'NONE',  ( 13.01095351814998935, -0.4140457171048879115, -41.26225866810422360 ) ) ;
#2906 = CARTESIAN_POINT ( 'NONE',  ( -46.51295392875102408, 3.566987298107781701, 23.09034192949779296 ) ) ;
#2907 = EDGE_CURVE ( 'NONE', #1876, #412, #1538, .T. ) ;
#2908 = CARTESIAN_POINT ( 'NONE',  ( 3.522143538532199969, 0.04836161218896632003, 31.10948141380169574 ) ) ;
#2909 = CARTESIAN_POINT ( 'NONE',  ( -33.22817159724230152, 2.694283254024171015, -9.871820152755978128 ) ) ;
#2910 = CARTESIAN_POINT ( 'NONE',  ( -8.512106349328126598, -0.1414115976324212265, 33.60769671791332058 ) ) ;
#2911 = CARTESIAN_POINT ( 'NONE',  ( 33.22931453312970262, 3.593204923753340996, 36.46182195934471792 ) ) ;
#2912 = CARTESIAN_POINT ( 'NONE',  ( 23.42223853732566496, 2.876398391544597644, -12.10210958252889846 ) ) ;
#2913 = CARTESIAN_POINT ( 'NONE',  ( 4.066375138361576269, 2.963019827540754214, -1.286095201952817346 ) ) ;
#2914 = CARTESIAN_POINT ( 'NONE',  ( 12.65495234367562993, 4.416549568708832751, -5.339119486164499939 ) ) ;
#2915 = CARTESIAN_POINT ( 'NONE',  ( -4.398955860162728548, 0.3291729105355895579, 22.53568569999234938 ) ) ;
#2916 = CARTESIAN_POINT ( 'NONE',  ( -0.6426929577619573397, 4.352813373152423004, 23.98911627421749415 ) ) ;
#2917 = CARTESIAN_POINT ( 'NONE',  ( -6.451658152776755806, 4.000000000000000888, -50.93503959256103997 ) ) ;
#2918 = CARTESIAN_POINT ( 'NONE',  ( 23.88861579221738296, 0.2082638150656409282, -14.33928092506332952 ) ) ;
#2919 = CARTESIAN_POINT ( 'NONE',  ( 16.80764744247668929, 3.792971092301952840, 37.76491441647940661 ) ) ;
#2920 = CARTESIAN_POINT ( 'NONE',  ( -21.61895409700406745, 4.333923185814755996, -14.12777077329419129 ) ) ;
#2921 = CARTESIAN_POINT ( 'NONE',  ( 0.000000000000000000, 0.000000000000000000, -44.64836744182695583 ) ) ;
#2922 = CARTESIAN_POINT ( 'NONE',  ( -5.498776407767945962, 2.665429311493580755, -7.810511434619114013 ) ) ;
#2923 = CARTESIAN_POINT ( 'NONE',  ( -8.068167930649988051, 4.000000000000000888, -5.900953372550366893 ) ) ;
#2924 = B_SPLINE_CURVE_WITH_KNOTS ( 'NONE', 3,
 ( #3308, #2587, #947, #1535, #1553, #2607, #1618, #2989 ),
 .UNSPECIFIED., .F., .F.,
 ( 4, 2, 2, 4 ),
 ( -5.999999999700185535E-08, 0.001305304697653859132, 0.002610669395307715305, 0.005221398790615437192 ),
 .UNSPECIFIED. ) ;
#2925 = CARTESIAN_POINT ( 'NONE',  ( -38.65805330046037369, 3.886904684927041664, -6.518422058708587485 ) ) ;
#2926 = CARTESIAN_POINT ( 'NONE',  ( 18.93109855748666703, 4.550857479618029444, -10.32186490575364601 ) ) ;
#2927 = CARTESIAN_POINT ( 'NONE',  ( -22.76260748904630660, 0.2304279570527382193, -14.49409379718517421 ) ) ;
#2928 = CARTESIAN_POINT ( 'NONE',  ( -46.02410729034956915, 2.240782466439723120, 16.23988936744787992 ) ) ;
#2929 = CARTESIAN_POINT ( 'NONE',  ( -1.794104258654699802, 0.4249066831143284428, -9.481578363780176488 ) ) ;
#2930 = EDGE_CURVE ( 'NONE', #4002, #1129, #2327, .T. ) ;
#2931 = CARTESIAN_POINT ( 'NONE',  ( 38.70430691594324912, 2.237872456384670805, 30.14295590542897685 ) ) ;
#2932 = CARTESIAN_POINT ( 'NONE',  ( 21.45974457352619069, 3.985054942161726288, -11.09746778192227090 ) ) ;
#2933 = CARTESIAN_POINT ( 'NONE',  ( 29.43281242774691009, 3.504206524495482533, -9.331377971677659033 ) ) ;
#2934 = CARTESIAN_POINT ( 'NONE',  ( -15.32375554846330523, -0.4078338350216721975, -39.94594504357049658 ) ) ;
#2935 = CARTESIAN_POINT ( 'NONE',  ( 25.23008834136019729, 0.6950229483473121528, -13.06913659297408792 ) ) ;
#2936 = CARTESIAN_POINT ( 'NONE',  ( 22.78245516190840902, 3.363290537874170205, -12.39323725106416774 ) ) ;
#2937 = EDGE_LOOP ( 'NONE', ( #3223, #4403, #4229, #96, #3692, #3964 ) ) ;
#2938 = CARTESIAN_POINT ( 'NONE',  ( -18.56975491621482632, 4.000000000000000888, -10.63990261989763297 ) ) ;
#2939 = CARTESIAN_POINT ( 'NONE',  ( -18.96269088642171852, 0.3069506582792801419, -15.04468756560854636 ) ) ;
#2940 = APPLICATION_PROTOCOL_DEFINITION ( 'draft international standard', 'automotive_design', 1998, #2597 ) ;
#2941 = CARTESIAN_POINT ( 'NONE',  ( -17.30211130675776587, 0.000000000000000000, 34.85863525226139359 ) ) ;
#2942 = VECTOR ( 'NONE', #3204, 1000.000000000000114 ) ;
#2943 = CARTESIAN_POINT ( 'NONE',  ( 24.00683636229614493, 4.000000000000000888, -20.47654507750478814 ) ) ;
#2944 = CARTESIAN_POINT ( 'NONE',  ( -24.09659891730533232, 3.768809534301602149, -34.30119303532660524 ) ) ;
#2945 = CARTESIAN_POINT ( 'NONE',  ( -23.31699837781362561, 4.329172910535590724, -11.61334875988582382 ) ) ;
#2946 = CARTESIAN_POINT ( 'NONE',  ( 25.14836744182696293, 4.057398468561875582, -25.28183239837555973 ) ) ;
#2947 = CARTESIAN_POINT ( 'NONE',  ( 24.91001686430584527, -0.3950019760156652793, 33.84418946130405459 ) ) ;
#2948 = B_SPLINE_CURVE_WITH_KNOTS ( 'NONE', 3,
 ( #1639, #2692, #1707, #3426, #3329, #4078 ),
 .UNSPECIFIED., .F., .F.,
 ( 4, 2, 4 ),
 ( 0.000000000000000000, 0.0006541554990243225298, 0.001308310998048645060 ),
 .UNSPECIFIED. ) ;
#2949 = CARTESIAN_POINT ( 'NONE',  ( -23.62258579085116494, 1.589084324993803365, -13.55132726774124308 ) ) ;
#2950 = CARTESIAN_POINT ( 'NONE',  ( 23.85854058894078378, 0.000000000000000000, -26.39057544540908040 ) ) ;
#2951 = CARTESIAN_POINT ( 'NONE',  ( 3.526126343007390584, 2.874930481732409060, 30.16718967658893291 ) ) ;
#2952 = CARTESIAN_POINT ( 'NONE',  ( -7.246536270349990261E-14, 0.000000000000000000, -0.6622138793585634620 ) ) ;
#2953 = CARTESIAN_POINT ( 'NONE',  ( 3.292704162721289851, 4.638811966503182838, -1.881095848874093202 ) ) ;
#2954 = CARTESIAN_POINT ( 'NONE',  ( 35.06801204322468379, -0.4305529461526295676, 27.77125386398682849 ) ) ;
#2955 = CARTESIAN_POINT ( 'NONE',  ( -23.80389346400047046, 0.2455319565176465046, -11.91615205500576735 ) ) ;
#2956 = EDGE_CURVE ( 'NONE', #4381, #354, #3150, .T. ) ;
#2957 = CARTESIAN_POINT ( 'NONE',  ( -7.323056845735429476, 0.000000000000000000, 13.26294238528485003 ) ) ;
#2958 = CARTESIAN_POINT ( 'NONE',  ( 15.14757345745377748, 4.000000000000000888, -7.217721161153369813 ) ) ;
#2959 = EDGE_LOOP ( 'NONE', ( #1499, #1719, #1037, #2416 ) ) ;
#2960 = CARTESIAN_POINT ( 'NONE',  ( -23.38947927581471120, 4.000000000000000888, -34.87029323407962522 ) ) ;
#2961 = CARTESIAN_POINT ( 'NONE',  ( -4.875258380306533468, 0.000000000000000000, -11.51901124741049109 ) ) ;
#2962 = EDGE_CURVE ( 'NONE', #2700, #1876, #3931, .T. ) ;
#2963 = CARTESIAN_POINT ( 'NONE',  ( -1.943808768345762994, 4.609950021868778336, 13.44405635619394346 ) ) ;
#2964 = CARTESIAN_POINT ( 'NONE',  ( -25.09892942298315788, 3.947406938180778369, -28.45262252236619815 ) ) ;
#2965 = CARTESIAN_POINT ( 'NONE',  ( 38.88312679307049535, -0.4330127018922192428, 22.44918372091311909 ) ) ;
#2966 = EDGE_LOOP ( 'NONE', ( #367, #1409, #3544, #1354 ) ) ;
#2967 = CARTESIAN_POINT ( 'NONE',  ( 24.64836744182696293, 4.000000000000000888, -30.15466685152488679 ) ) ;
#2968 = CARTESIAN_POINT ( 'NONE',  ( 18.38044813231042340, 3.641267524914461262, 38.31894501923672891 ) ) ;
#2969 = CARTESIAN_POINT ( 'NONE',  ( 24.09659891730526482, 3.768809534301483133, -34.30119303532998742 ) ) ;
#2970 = CARTESIAN_POINT ( 'NONE',  ( 12.55124140045223591, 3.582523934708754076, -48.70664116531169441 ) ) ;
#2971 = CARTESIAN_POINT ( 'NONE',  ( -5.335674630479280367, 3.092638038245408616, -6.795345099853801862 ) ) ;
#2972 = CARTESIAN_POINT ( 'NONE',  ( -39.05774832427838561, 3.871545922326006917, -6.163485578692725397 ) ) ;
#2973 = CARTESIAN_POINT ( 'NONE',  ( 0.07549922656502469631, 1.589084324993803587, 27.23342303182504054 ) ) ;
#2974 = DIRECTION ( 'NONE',  ( 0.000000000000000000, 0.000000000000000000, 1.000000000000000000 ) ) ;
#2975 = CARTESIAN_POINT ( 'NONE',  ( 20.69618813181234884, -1.223094314791642434, 35.63423841404775771 ) ) ;
#2976 = CARTESIAN_POINT ( 'NONE',  ( -8.091229197166851961, 1.280740271514126949, 33.65322067252085958 ) ) ;
#2977 = CARTESIAN_POINT ( 'NONE',  ( -7.615064808752229908, 0.4078338350217737274, 13.29778906457572774 ) ) ;
#2978 = CARTESIAN_POINT ( 'NONE',  ( -2.125573641354800980, 0.000000000000000000, -9.407609050236800385 ) ) ;
#2979 = ADVANCED_BREP_SHAPE_REPRESENTATION ( 'Toroidal_propeller_Riya', ( #3799, #3225 ), #2497 ) ;
#2980 = ORIENTED_EDGE ( 'NONE', *, *, #2852, .T. ) ;
#2981 = CARTESIAN_POINT ( 'NONE',  ( -7.246536270349990261E-14, 0.000000000000000000, -9.662213879358562352 ) ) ;
#2982 = CARTESIAN_POINT ( 'NONE',  ( 1.928930177699777371, 4.000000000000000888, 25.81196817547509070 ) ) ;
#2983 = CARTESIAN_POINT ( 'NONE',  ( -26.77057571725872265, 0.000000000000000000, -12.82028998779622952 ) ) ;
#2984 = CARTESIAN_POINT ( 'NONE',  ( -0.9436012117682722744, 4.430552945994378433, 6.979939258284582060 ) ) ;
#2985 = CARTESIAN_POINT ( 'NONE',  ( -23.88799282133799906, 0.3028732389140176284, -14.50609604024499788 ) ) ;
#2986 = CARTESIAN_POINT ( 'NONE',  ( 37.05338861129762051, 0.000000000000000000, 25.11838321629248938 ) ) ;
#2987 = EDGE_LOOP ( 'NONE', ( #3779, #1009, #1163, #3351, #3829 ) ) ;
#2988 = EDGE_CURVE ( 'NONE', #3891, #4317, #2112, .T. ) ;
#2989 = CARTESIAN_POINT ( 'NONE',  ( -1.320481991551428091, 3.140599945679623861, 22.62163196172026147 ) ) ;
#2990 = CARTESIAN_POINT ( 'NONE',  ( -44.66662044212406357, 4.000000000000000888, 25.78828533605144457 ) ) ;
#2991 = CARTESIAN_POINT ( 'NONE',  ( 16.75516057404298564, -0.3968686967413071476, -38.63318987309239105 ) ) ;
#2992 = CARTESIAN_POINT ( 'NONE',  ( -1.974395709253372821, 4.000000000000000888, 1.139917894224285355 ) ) ;
#2993 = CARTESIAN_POINT ( 'NONE',  ( -1.252748690795022268, 3.615616661624573513, 25.26027060355275822 ) ) ;
#2994 = CARTESIAN_POINT ( 'NONE',  ( -1.445208744777915832, 4.485619921490612505, 26.08905268921690990 ) ) ;
#2995 = CARTESIAN_POINT ( 'NONE',  ( -47.45671901722737118, 3.571205789718004286, 19.60213561074114708 ) ) ;
#2996 = CARTESIAN_POINT ( 'NONE',  ( 18.04195681062368806, 1.023616039659997368, 36.16229352654487172 ) ) ;
#2997 = CARTESIAN_POINT ( 'NONE',  ( 16.90438975137758248, 4.000000000000000888, 37.48046084578272286 ) ) ;
#2998 = CARTESIAN_POINT ( 'NONE',  ( 1.538127176573984789, 4.000000000000000888, 13.44570484620931872 ) ) ;
#2999 = CARTESIAN_POINT ( 'NONE',  ( -27.22931453314256700, -0.4067950762468267589, 32.99772034421153677 ) ) ;
#3000 = CARTESIAN_POINT ( 'NONE',  ( 9.656393454908375418, 4.424292123472850946, -3.878254577147741688 ) ) ;
#3001 = CARTESIAN_POINT ( 'NONE',  ( -24.04536746264247782, 2.214284823878579722, -13.11821107139319054 ) ) ;
#3002 = ORIENTED_EDGE ( 'NONE', *, *, #1182, .F. ) ;
#3003 = CARTESIAN_POINT ( 'NONE',  ( 6.070451495483542459, 0.000000000000000000, 17.93772919430405111 ) ) ;
#3004 = CARTESIAN_POINT ( 'NONE',  ( 24.97426647171934277, 4.452836031781835402, -11.76908937165608648 ) ) ;
#3005 = CARTESIAN_POINT ( 'NONE',  ( -38.32338295684112950, 3.901247833719563740, -6.739648641796834205 ) ) ;
#3006 = CARTESIAN_POINT ( 'NONE',  ( 42.02266726151021459, 0.9003206314411147382, 21.63014227067389328 ) ) ;
#3007 = CARTESIAN_POINT ( 'NONE',  ( -1.794104258654699802, 0.4249066831143284428, -9.481578363780176488 ) ) ;
#3008 = CARTESIAN_POINT ( 'NONE',  ( 33.31628351444639691, 3.592836756011291488, 36.42221714613410910 ) ) ;
#3009 = CARTESIAN_POINT ( 'NONE',  ( 0.4569191353763807362, 4.358152911473677449, 23.76402595918261085 ) ) ;
#3010 = AXIS2_PLACEMENT_3D ( 'NONE', #867, #1527, #530 ) ;
#3011 = EDGE_CURVE ( 'NONE', #3079, #3557, #2647, .T. ) ;
#3012 = CARTESIAN_POINT ( 'NONE',  ( -1.924231621223658539, 3.299763019953335430, 8.148635938058564676 ) ) ;
#3013 = CARTESIAN_POINT ( 'NONE',  ( -24.60142449010199073, 0.1650327200318220111, -14.92797604243474296 ) ) ;
#3014 = CARTESIAN_POINT ( 'NONE',  ( 25.16333283249911901, 2.694283254024159913, -23.84053064814257894 ) ) ;
#3015 = CARTESIAN_POINT ( 'NONE',  ( 27.04346426191657216, 0.1654529541938638826, -13.48399542723382005 ) ) ;
#3016 = CARTESIAN_POINT ( 'NONE',  ( -13.59525350557150070, 3.833153530351670391, 36.95368705308829504 ) ) ;
#3017 = CARTESIAN_POINT ( 'NONE',  ( 3.035766082959412415E-15, 1.454140988372566001, 5.487916132903520428 ) ) ;
#3018 = CARTESIAN_POINT ( 'NONE',  ( -24.64836744182695583, 4.000000000000000888, -23.70173960902589272 ) ) ;
#3019 = CARTESIAN_POINT ( 'NONE',  ( -3.696181750409244238, 0.3106955326416990237, 23.75454364991507461 ) ) ;
#3020 = CARTESIAN_POINT ( 'NONE',  ( -24.84906594573167027, -0.1414115976324210877, -24.17554869718971844 ) ) ;
#3021 = CARTESIAN_POINT ( 'NONE',  ( -22.78245504688778311, 3.363290627706331470, -12.39323718549042042 ) ) ;
#3022 = CARTESIAN_POINT ( 'NONE',  ( 44.66662044212441174, 4.000000000000000888, 25.78828533605081574 ) ) ;
#3023 = CARTESIAN_POINT ( 'NONE',  ( 10.80764744247426989, -0.2070289076980810217, 34.30081280134029953 ) ) ;
#3024 = CARTESIAN_POINT ( 'NONE',  ( 0.5744686599860637788, 3.000589852481423403, 24.63174829952302147 ) ) ;
#3025 = CARTESIAN_POINT ( 'NONE',  ( 23.91602342958363892, 0.03344036998517829762, -13.73315627537338734 ) ) ;
#3026 = CARTESIAN_POINT ( 'NONE',  ( 32.85049233621366227, 4.000000000000000888, -9.495242561922760061 ) ) ;
#3027 = CARTESIAN_POINT ( 'NONE',  ( -24.60142449010199073, 0.1650327200318220111, -14.92797604243474296 ) ) ;
#3028 = ORIENTED_EDGE ( 'NONE', *, *, #2237, .F. ) ;
#3029 = CARTESIAN_POINT ( 'NONE',  ( -7.870440434119299056, 0.000000000000000000, 32.82028998780010909 ) ) ;
#3030 = CARTESIAN_POINT ( 'NONE',  ( -22.68957414387981331, 1.851334571673867613, -13.53562348154265393 ) ) ;
#3031 = CARTESIAN_POINT ( 'NONE',  ( 46.02410729035031522, 2.240782466439735998, 16.23988936744862599 ) ) ;
#3032 = CARTESIAN_POINT ( 'NONE',  ( -18.96269088642171852, 0.3069506582792801419, -15.04468756560854636 ) ) ;
#3033 = CARTESIAN_POINT ( 'NONE',  ( 29.76575777108238441, 0.000000000000000000, 31.51901124741752369 ) ) ;
#3034 = EDGE_LOOP ( 'NONE', ( #2059, #2483, #916, #4186, #4210 ) ) ;
#3035 = CARTESIAN_POINT ( 'NONE',  ( -2.812348851495195312, 4.000000000000000888, 27.22671931535553824 ) ) ;
#3036 = CARTESIAN_POINT ( 'NONE',  ( 32.43889125699066511, 0.000000000000000000, -9.732880555810890399 ) ) ;
#3037 = CARTESIAN_POINT ( 'NONE',  ( -25.09892942298316143, -0.05259306181920126583, -21.52441929209101446 ) ) ;
#3038 = CARTESIAN_POINT ( 'NONE',  ( -24.15092935468401336, 1.133358420976516845, -14.69417432587478167 ) ) ;
#3039 = CARTESIAN_POINT ( 'NONE',  ( 19.88759376046544247, 2.301593103547876940, -39.92249797331061956 ) ) ;
#3040 = CARTESIAN_POINT ( 'NONE',  ( 2.265488008822192256, 3.566987298107779925, -51.82657067210246282 ) ) ;
#3041 = CARTESIAN_POINT ( 'NONE',  ( -21.15670032914914600, 4.354565354397928800, -11.51553417499267340 ) ) ;
#3042 = CARTESIAN_POINT ( 'NONE',  ( 12.41338555689021383, 4.000000000000000888, -48.46561124663557507 ) ) ;
#3043 = CARTESIAN_POINT ( 'NONE',  ( -46.51769430765219226, 3.634926436881247280, 3.892788108326440621 ) ) ;
#3044 = CARTESIAN_POINT ( 'NONE',  ( -19.71048206913609846, 4.000000000000000888, -42.07577668772652402 ) ) ;
#3045 = CARTESIAN_POINT ( 'NONE',  ( -5.545720096627648310, 0.3581780554861097032, 20.28763269061892416 ) ) ;
#3046 = CARTESIAN_POINT ( 'NONE',  ( -24.78866068421753610, 1.124606484232214765, -13.56215493163960950 ) ) ;
#3047 = EDGE_CURVE ( 'NONE', #1959, #1445, #859, .T. ) ;
#3048 = DIRECTION ( 'NONE',  ( 0.000000000000000000, 0.000000000000000000, 1.000000000000000000 ) ) ;
#3049 = CARTESIAN_POINT ( 'NONE',  ( 7.683907554798670603, -0.1130953150730512613, 33.27396563326737322 ) ) ;
#3050 = CARTESIAN_POINT ( 'NONE',  ( -33.07621039203458224, -0.4258842002269311866, 29.42870033946099895 ) ) ;
#3051 = CARTESIAN_POINT ( 'NONE',  ( 44.88312679307052377, 3.566987298107781701, 25.91328533605081574 ) ) ;
#3052 = CARTESIAN_POINT ( 'NONE',  ( 13.13406649557235717, 4.413583677701230279, -5.741009370933026545 ) ) ;
#3053 = CARTESIAN_POINT ( 'NONE',  ( -7.584555537208929721, 4.000000000000000888, -5.507264684354777451 ) ) ;
#3054 = EDGE_LOOP ( 'NONE', ( #4053, #1896 ) ) ;
#3055 = CARTESIAN_POINT ( 'NONE',  ( -37.05338861129669681, 0.000000000000000000, 25.11838321629402415 ) ) ;
#3056 = DIRECTION ( 'NONE',  ( 0.000000000000000000, 0.000000000000000000, 1.000000000000000000 ) ) ;
#3057 = CARTESIAN_POINT ( 'NONE',  ( 27.88861579221740072, 2.874930481732308252, -12.02987984830486212 ) ) ;
#3058 = CARTESIAN_POINT ( 'NONE',  ( 0.000000000000000000, -0.4330127018922192428, -44.89836744182695583 ) ) ;
#3059 = CARTESIAN_POINT ( 'NONE',  ( -6.695851154945209771, 0.000000000000000000, 3.583881675691688251 ) ) ;
#3060 = ORIENTED_EDGE ( 'NONE', *, *, #2962, .T. ) ;
#3061 = CARTESIAN_POINT ( 'NONE',  ( -5.599392935371031221, 1.747498768263317181, 11.75364543996427358 ) ) ;
#3062 = CARTESIAN_POINT ( 'NONE',  ( 38.66662044212438332, 0.000000000000000000, 22.32418372091311909 ) ) ;
#3063 = CARTESIAN_POINT ( 'NONE',  ( 40.88312679307050246, 0.9003206314411142941, 23.60388425929234657 ) ) ;
#3064 = CARTESIAN_POINT ( 'NONE',  ( 22.42995512064166164, 0.3103272859578899423, -8.697057797411492430 ) ) ;
#3065 = CARTESIAN_POINT ( 'NONE',  ( 23.54708656428645241, 1.589084324993795816, -13.68209576408404082 ) ) ;
#3066 = CIRCLE ( 'NONE', #1718, 1.000000000000000000 ) ;
#3067 = CARTESIAN_POINT ( 'NONE',  ( -38.35842510606701694, 4.000000000000000888, -6.130042023842078081 ) ) ;
#3068 = CARTESIAN_POINT ( 'NONE',  ( -2.452263819398215805, 4.306950658281112787, 27.40861742968828096 ) ) ;
#3069 = CARTESIAN_POINT ( 'NONE',  ( 26.32746482398010102, 0.1927552366036862086, -18.27548090163447370 ) ) ;
#3070 = DIRECTION ( 'NONE',  ( 0.000000000000000000, 0.000000000000000000, 1.000000000000000000 ) ) ;
#3071 = ORIENTED_EDGE ( 'NONE', *, *, #1073, .T. ) ;
#3072 = CARTESIAN_POINT ( 'NONE',  ( 14.19113907513242623, 3.871545922326008693, 36.90674505279045547 ) ) ;
#3073 = DIRECTION ( 'NONE',  ( 0.000000000000000000, 0.000000000000000000, -1.000000000000000000 ) ) ;
#3074 = B_SPLINE_CURVE_WITH_KNOTS ( 'NONE', 3,
 ( #158, #1220, #3946, #1283, #4281, #3251, #2646, #2216, #4028, #2626, #1925, #924, #4361, #3328 ),
 .UNSPECIFIED., .F., .F.,
 ( 4, 2, 2, 2, 2, 2, 4 ),
 ( 0.6571657514258280042, 0.6875000000000000000, 0.7500000000000000000, 0.8125000000000000000, 0.8750000000000000000, 0.9375000000000000000, 1.000000000000000000 ),
 .UNSPECIFIED. ) ;
#3075 = CARTESIAN_POINT ( 'NONE',  ( -11.46897287557923484, -0.2266981918464151535, 34.51422559794758627 ) ) ;
#3076 = CARTESIAN_POINT ( 'NONE',  ( 0.1232459893966749293, 4.471236646046084395, 23.03701623610394478 ) ) ;
#3077 = CARTESIAN_POINT ( 'NONE',  ( 7.824516611714328995, 0.000000000000000000, -12.97342445440597913 ) ) ;
#3078 = ADVANCED_FACE ( 'NONE', ( #2886 ), #3851, .T. ) ;
#3079 = VERTEX_POINT ( 'NONE', #4012 ) ;
#3080 = CARTESIAN_POINT ( 'NONE',  ( -17.32401777355963191, -0.3291729105356996365, 35.07745037501518226 ) ) ;
#3081 = CARTESIAN_POINT ( 'NONE',  ( -7.136318058426728627E-14, 3.499999999999999556, -9.662213879358564128 ) ) ;
#3082 = CARTESIAN_POINT ( 'NONE',  ( 43.17629922699548217, 0.9523622034037598771, 3.772143902437460561 ) ) ;
#3083 = CARTESIAN_POINT ( 'NONE',  ( 4.242110641692720563, 0.4330127018922192983, -2.449183720913497897 ) ) ;
#3084 = CARTESIAN_POINT ( 'NONE',  ( 20.25114894969076573, 3.140599945678346661, -10.16724503093875676 ) ) ;
#3085 = VERTEX_POINT ( 'NONE', #2285 ) ;
#3086 = CARTESIAN_POINT ( 'NONE',  ( -7.441057007497323461, 0.4247372284901763106, 6.616129887767944417 ) ) ;
#3087 = CARTESIAN_POINT ( 'NONE',  ( -6.850472177148606789, 0.000000000000000000, 5.174825691358241997 ) ) ;
#3088 = CARTESIAN_POINT ( 'NONE',  ( 25.16333283249911901, 0.02761658735749203744, -19.22172849462557664 ) ) ;
#3089 = CARTESIAN_POINT ( 'NONE',  ( 18.96269088641801659, 0.3069506582811126760, -15.04468756560164344 ) ) ;
#3090 = CARTESIAN_POINT ( 'NONE',  ( 20.03114209129777024, 4.537311918650725140, -11.52776385450842156 ) ) ;
#3091 = CARTESIAN_POINT ( 'NONE',  ( -18.50382014021806043, 4.000000000000000888, 37.69102985118509963 ) ) ;
#3092 = CARTESIAN_POINT ( 'NONE',  ( 18.81707406733116628, 4.377030584420796622, -10.42222391048816377 ) ) ;
#3093 = B_SPLINE_CURVE_WITH_KNOTS ( 'NONE', 3,
 ( #138, #3947, #3185, #811, #856, #577, #598, #2568, #4357, #3910, #2901, #1160 ),
 .UNSPECIFIED., .F., .F.,
 ( 4, 2, 2, 2, 2, 4 ),
 ( -5.999999999666837583E-08, 0.0003242683734685883638, 0.0006485967469371733355, 0.001297253493874341978, 0.002594566987748687503, 0.005189193975497380720 ),
 .UNSPECIFIED. ) ;
#3094 = CARTESIAN_POINT ( 'NONE',  ( 24.30155153517253552, 0.2070289076981749188, -13.48989635900415784 ) ) ;
#3095 = CARTESIAN_POINT ( 'NONE',  ( -21.31435183025041624, 1.759173695473681409, -13.72819547927140960 ) ) ;
#3096 = CARTESIAN_POINT ( 'NONE',  ( -7.427726608308293343, 4.135015998259095937, 33.07010526157663577 ) ) ;
#3097 = CARTESIAN_POINT ( 'NONE',  ( -0.6342928591492025259, 0.4124337208833188662, 28.66204038793212305 ) ) ;
#3098 = CARTESIAN_POINT ( 'NONE',  ( -37.22806039692704871, 3.578703642036712207, 34.26427248738753661 ) ) ;
#3099 = CARTESIAN_POINT ( 'NONE',  ( 22.47473756089040364, 1.642327248502916781, -11.08908388947028101 ) ) ;
#3100 = CARTESIAN_POINT ( 'NONE',  ( 24.30155153517253552, 0.2070289076981749188, -13.48989635900415784 ) ) ;
#3101 = ORIENTED_EDGE ( 'NONE', *, *, #3345, .F. ) ;
#3102 = CARTESIAN_POINT ( 'NONE',  ( -34.88520915353555552, 0.000000000000000000, 27.59071803798059008 ) ) ;
#3103 = EDGE_CURVE ( 'NONE', #1129, #1982, #1899, .T. ) ;
#3104 = CARTESIAN_POINT ( 'NONE',  ( 10.87525838031777781, 4.000000000000000888, -8.054909632269014352 ) ) ;
#3105 = CARTESIAN_POINT ( 'NONE',  ( 20.77083076915533866, 4.356034583850117770, -11.40353577833520404 ) ) ;
#3106 = CARTESIAN_POINT ( 'NONE',  ( -40.45746813363196992, -0.3642118461358218040, 0.4149453793395839751 ) ) ;
#3107 = CARTESIAN_POINT ( 'NONE',  ( 20.45383762893127511, 4.352813373152725873, -12.55114656536036222 ) ) ;
#3108 = ORIENTED_EDGE ( 'NONE', *, *, #3407, .F. ) ;
#3109 = ADVANCED_FACE ( 'NONE', ( #1994 ), #3892, .T. ) ;
#3110 = CARTESIAN_POINT ( 'NONE',  ( -1.296839875635664718, 0.6950229483473364667, 28.38446573983036814 ) ) ;
#3111 = CARTESIAN_POINT ( 'NONE',  ( -7.287021436887237691, 0.3996093849171061252, 14.57428573015260476 ) ) ;
#3112 = CARTESIAN_POINT ( 'NONE',  ( -24.86660924914621162, 2.538212588992648122, -28.43385839733885945 ) ) ;
#3113 = CARTESIAN_POINT ( 'NONE',  ( 25.06957503395953779, 2.732793873675730900, -22.69375016777685161 ) ) ;
#3114 = CARTESIAN_POINT ( 'NONE',  ( 35.89329941603530472, 0.000000000000000000, -6.284838232242072387 ) ) ;
#3115 = CARTESIAN_POINT ( 'NONE',  ( -22.62927557784690791, 0.2335068429959115399, -14.52175803231343920 ) ) ;
#3116 = CARTESIAN_POINT ( 'NONE',  ( -0.6771458539675916377, 3.097085977521503164, 21.14954952445472003 ) ) ;
#3117 = CARTESIAN_POINT ( 'NONE',  ( 6.451658152779113031, 0.000000000000000000, 4.006836362296140486 ) ) ;
#3118 = CARTESIAN_POINT ( 'NONE',  ( -18.93066695813912759, 3.140599945678328897, -12.45438693078527059 ) ) ;
#3119 = CARTESIAN_POINT ( 'NONE',  ( -19.92904368533170256, 3.721175811016599777, 38.40381033173954251 ) ) ;
#3120 = CARTESIAN_POINT ( 'NONE',  ( -44.83951932309128097, 4.000000000000000888, 1.018851919763970937 ) ) ;
#3121 = CARTESIAN_POINT ( 'NONE',  ( -38.88312679307018982, -0.4330127018922192428, 22.44918372091366265 ) ) ;
#3122 = CARTESIAN_POINT ( 'NONE',  ( 3.259654270697158296, 0.4330127018922192983, 4.898367441826950497 ) ) ;
#3123 = ORIENTED_EDGE ( 'NONE', *, *, #791, .F. ) ;
#3124 = CARTESIAN_POINT ( 'NONE',  ( -0.6580861547095685493, 3.360113533531621677, 25.91320770548237817 ) ) ;
#3125 = CARTESIAN_POINT ( 'NONE',  ( 20.09876934412019267, 4.000000000000000888, -11.02446333062958139 ) ) ;
#3126 = CARTESIAN_POINT ( 'NONE',  ( 8.989915999656636458, 0.000000000000000000, 2.955455537321482584 ) ) ;
#3127 = CARTESIAN_POINT ( 'NONE',  ( -0.6186512699198768450, 0.3028732389140050829, 27.94065664882148425 ) ) ;
#3128 = LINE ( 'NONE', #1326, #331 ) ;
#3129 = VERTEX_POINT ( 'NONE', #4282 ) ;
#3130 = FACE_OUTER_BOUND ( 'NONE', #2619, .T. ) ;
#3131 = CARTESIAN_POINT ( 'NONE',  ( 19.42744066411834680, 4.368225035048057592, -11.21643433360700648 ) ) ;
#3132 = CARTESIAN_POINT ( 'NONE',  ( 41.96407299712386418, 0.000000000000000000, 6.737057614724203169 ) ) ;
#3133 = CARTESIAN_POINT ( 'NONE',  ( -11.05970021780606061, 0.9120369753700452442, -44.75378012753704127 ) ) ;
#3134 = CARTESIAN_POINT ( 'NONE',  ( 6.752412101284439139, 3.571205789718003842, -50.89979205454955036 ) ) ;
#3135 = CARTESIAN_POINT ( 'NONE',  ( 22.22163712699323668, 0.2455319565176465046, -14.65670042130009065 ) ) ;
#3136 = CARTESIAN_POINT ( 'NONE',  ( -23.87221050970696368, 0.1770895378709296530, -14.17515974659066202 ) ) ;
#3137 = CARTESIAN_POINT ( 'NONE',  ( -28.20656844729189672, 3.622969415579724295, 38.01315544223223242 ) ) ;
#3138 = CARTESIAN_POINT ( 'NONE',  ( -12.41338555689177525, 0.000000000000000000, 1.537408016335095606 ) ) ;
#3139 = EDGE_LOOP ( 'NONE', ( #3645, #2749, #4021, #2053, #3569, #2714, #1704 ) ) ;
#3140 = TOROIDAL_SURFACE ( 'NONE', #45, 7.000000000000000000, 1.000000000000000000 ) ;
#3141 = CARTESIAN_POINT ( 'NONE',  ( -1.243785688595156813, 2.135626925851294100, 24.76227149906931047 ) ) ;
#3142 = CARTESIAN_POINT ( 'NONE',  ( -39.07621039203456803, 3.574115799773069924, 32.89280195459877376 ) ) ;
#3143 = CARTESIAN_POINT ( 'NONE',  ( 0.4498632465256351964, 0.1717880992721755318, 28.60849557552981182 ) ) ;
#3144 = CARTESIAN_POINT ( 'NONE',  ( 15.32375554846317023, -0.4078338350237947219, -39.94594504354411413 ) ) ;
#3145 = CARTESIAN_POINT ( 'NONE',  ( -0.7809899174356340623, 4.000000000000000888, 8.303836240335392915 ) ) ;
#3146 = CARTESIAN_POINT ( 'NONE',  ( -19.92699420543167221, 3.879304629354161094, -12.62757880587326298 ) ) ;
#3147 = CARTESIAN_POINT ( 'NONE',  ( 38.35842510606538269, 4.000000000000000888, -6.130042023843665255 ) ) ;
#3148 = FACE_OUTER_BOUND ( 'NONE', #2987, .T. ) ;
#3149 = CARTESIAN_POINT ( 'NONE',  ( 8.730806536876421831, 1.456509281859286631, 1.545109961990176028 ) ) ;
#3150 = B_SPLINE_CURVE_WITH_KNOTS ( 'NONE', 3,
 ( #2573, #1909, #458, #3211 ),
 .UNSPECIFIED., .F., .F.,
 ( 4, 4 ),
 ( 0.000000000000000000, 0.0007087446808685581240 ),
 .UNSPECIFIED. ) ;
#3151 = CARTESIAN_POINT ( 'NONE',  ( 22.25035343589121695, 3.734892426750788808, -12.09080237412307035 ) ) ;
#3152 = ORIENTED_EDGE ( 'NONE', *, *, #1963, .T. ) ;
#3153 = CARTESIAN_POINT ( 'NONE',  ( -19.99890739248108673, 4.537311918650719811, -11.58359599062559120 ) ) ;
#3154 = CARTESIAN_POINT ( 'NONE',  ( -19.02012625970652948, 1.030800093533825512, -15.97999788288343659 ) ) ;
#3155 = CARTESIAN_POINT ( 'NONE',  ( -24.55075448455486509, 0.1717878092282111302, -14.69385083882613330 ) ) ;
#3156 = CARTESIAN_POINT ( 'NONE',  ( -22.29648644778533040, 2.356949372992957592, -36.01534077201169737 ) ) ;
#3157 = DIRECTION ( 'NONE',  ( -0.000000000000000000, 1.000000000000000000, -0.000000000000000000 ) ) ;
#3158 = CARTESIAN_POINT ( 'NONE',  ( -23.92014718618683844, 0.5624784563126558057, -15.03244331906900300 ) ) ;
#3159 = B_SPLINE_CURVE_WITH_KNOTS ( 'NONE', 3,
 ( #2935, #1235, #151, #1190, #4274, #3623, #2228, #2560 ),
 .UNSPECIFIED., .F., .F.,
 ( 4, 2, 2, 4 ),
 ( 0.000000000000000000, 0.0004519839018543017812, 0.0009039678037086035624, 0.001807935607417196283 ),
 .UNSPECIFIED. ) ;
#3160 = EDGE_CURVE ( 'NONE', #1988, #3488, #565, .T. ) ;
#3161 = CARTESIAN_POINT ( 'NONE',  ( -5.856837100693755183, 4.000000000000000888, 30.93091613967892428 ) ) ;
#3162 = CARTESIAN_POINT ( 'NONE',  ( -24.00683636230791507, 0.000000000000000000, -26.45165815277955090 ) ) ;
#3163 = CARTESIAN_POINT ( 'NONE',  ( -19.65630396518951173, 2.840887799770592359, -12.83496852910585595 ) ) ;
#3164 = ORIENTED_EDGE ( 'NONE', *, *, #235, .F. ) ;
#3165 = B_SPLINE_SURFACE_WITH_KNOTS ( 'NONE', 3, 3, ( 
 ( #1638, #2357, #2715, #2380, #1967, #2037, #3402, #3111, #2757, #2014, #22, #3086, #3761 ),
 ( #1990, #993, #1402, #1682, #3376, #694, #3740, #4429, #4100, #3061, #1306, #1660, #333 ),
 ( #265, #2669, #2402, #4077, #648, #1705, #4144, #3425, #4054, #1064, #1018, #3693, #970 ),
 ( #601, #4451, #1328, #3352, #3009, #287, #1355, #3447, #2060, #4382, #4404, #670, #2328 ) ),
 .UNSPECIFIED., .F., .F., .F.,
 ( 4, 4 ),
 ( 4, 3, 3, 3, 4 ),
 ( 0.000000000000000000, 1.000000000000000000 ),
 ( 0.2984982463931897256, 0.3366129322934187096, 0.3747276181936477490, 0.4128423040938767885, 0.4509569899941058280 ),
 .UNSPECIFIED. ) ;
#3166 = CARTESIAN_POINT ( 'NONE',  ( -1.228314494055883888, 2.778156979050486530, 26.47177143827289925 ) ) ;
#3167 = CARTESIAN_POINT ( 'NONE',  ( -42.88312679307018271, 2.233653964774448220, 24.75858479767218512 ) ) ;
#3168 = CARTESIAN_POINT ( 'NONE',  ( -7.360276984480227824, -0.4298951801585219612, -44.07648023565569417 ) ) ;
#3169 = CARTESIAN_POINT ( 'NONE',  ( 24.16001367063121208, 0.1515631350048487758, -13.61233402804177395 ) ) ;
#3170 = CARTESIAN_POINT ( 'NONE',  ( 18.81707406733116628, 0.3770305844207956780, -3.494020680212656327 ) ) ;
#3171 = CARTESIAN_POINT ( 'NONE',  ( 24.62526696700703965, 1.607286617593447486, -12.78484363334177054 ) ) ;
#3172 = CARTESIAN_POINT ( 'NONE',  ( -25.22871872488873635, 0.1650327200322860011, -13.84147055648907276 ) ) ;
#3173 = CARTESIAN_POINT ( 'NONE',  ( 47.02364251462576306, 3.622969415579724295, 5.421027107823037205 ) ) ;
#3174 = CARTESIAN_POINT ( 'NONE',  ( -25.19921471545589142, -0.1654529541937063697, -23.32167065646167714 ) ) ;
#3175 = CARTESIAN_POINT ( 'NONE',  ( 8.802120939309219239, 1.617248814973561544, 1.239800008211882743 ) ) ;
#3176 = CARTESIAN_POINT ( 'NONE',  ( 7.944338984810070947, 0.6107472114392566986, 9.979952587708352141 ) ) ;
#3177 = EDGE_LOOP ( 'NONE', ( #3822, #1760, #1771, #941, #3879 ) ) ;
#3178 = CARTESIAN_POINT ( 'NONE',  ( -11.04341303366206795, 4.416219272788354466, -8.339936453423597129 ) ) ;
#3179 = CARTESIAN_POINT ( 'NONE',  ( 0.8580807074811506174, 1.445880648994937623, -8.196992506066814954 ) ) ;
#3180 = CARTESIAN_POINT ( 'NONE',  ( -20.71853929719762277, 3.808508125193811988, -11.96185424045407153 ) ) ;
#3181 = CARTESIAN_POINT ( 'NONE',  ( -4.556927304252125666, 0.9016291129962750173, -46.89339009515762058 ) ) ;
#3182 = CARTESIAN_POINT ( 'NONE',  ( 0.000000000000000000, -0.4330127018922192428, -44.89836744182695583 ) ) ;
#3183 = CARTESIAN_POINT ( 'NONE',  ( -2.612283506014196455, 0.4330127018922192983, -5.272127127463215324 ) ) ;
#3184 = CARTESIAN_POINT ( 'NONE',  ( -5.871937777041308593, 0.4330127018922192983, 0.3737596850647553204 ) ) ;
#3185 = CARTESIAN_POINT ( 'NONE',  ( 23.77314364770493427, 0.4092317273076384598, -12.28032308498848835 ) ) ;
#3186 = CARTESIAN_POINT ( 'NONE',  ( 6.451658152778323441, 0.000000000000000000, -44.00683636228296081 ) ) ;
#3187 = ORIENTED_EDGE ( 'NONE', *, *, #204, .F. ) ;
#3188 = DIRECTION ( 'NONE',  ( 0.000000000000000000, 1.000000000000000000, 0.000000000000000000 ) ) ;
#3189 = CARTESIAN_POINT ( 'NONE',  ( -10.09122919716675426, 2.614073604847453769, 34.80792121090007640 ) ) ;
#3190 = DIRECTION ( 'NONE',  ( 0.000000000000000000, 0.000000000000000000, 1.000000000000000000 ) ) ;
#3191 = CARTESIAN_POINT ( 'NONE',  ( 24.50664409125806387, 0.3028732389140121883, -13.43456060857639400 ) ) ;
#3192 = CARTESIAN_POINT ( 'NONE',  ( 24.64836744182696293, 0.000000000000000000, -17.89962928211140181 ) ) ;
#3193 = CARTESIAN_POINT ( 'NONE',  ( 47.70236628661713496, 3.364816845066166628, 19.98060346641189611 ) ) ;
#3194 = CARTESIAN_POINT ( 'NONE',  ( 8.089339670971147811, 0.000000000000000000, 3.282730187120860510 ) ) ;
#3195 = FACE_OUTER_BOUND ( 'NONE', #2458, .T. ) ;
#3196 = B_SPLINE_SURFACE_WITH_KNOTS ( 'NONE', 1, 3, ( 
 ( #1370, #4353, #255, #985, #3077, #3416, #1938, #4046, #4443, #2728, #2294, #939, #2318, #4114, #592, #1275, #2394, #278 ),
 ( #571, #3318, #1958, #3341, #4396, #616, #1980, #1653, #3026, #2347, #638, #1333, #1664, #3794, #1310, #2019, #1361, #2697 ) ),
 .UNSPECIFIED., .F., .F., .F.,
 ( 2, 2 ),
 ( 4, 2, 2, 2, 2, 2, 2, 2, 4 ),
 ( 0.000000000000000000, 1.000000000000000000 ),
 ( 0.5000000000000000000, 0.5625000000000000000, 0.6250000000000000000, 0.6875000000000000000, 0.7500000000000000000, 0.8125000000000000000, 0.8750000000000000000, 0.9375000000000000000, 1.000000000000000000 ),
 .UNSPECIFIED. ) ;
#3197 = CARTESIAN_POINT ( 'NONE',  ( -37.34584876480034410, -0.6334765563479118899, 25.34330309190186981 ) ) ;
#3198 = CARTESIAN_POINT ( 'NONE',  ( 0.6307323509267774853, 0.2886672575847747946, 28.71465114629859272 ) ) ;
#3199 = CARTESIAN_POINT ( 'NONE',  ( -41.58461736277177323, -0.4305529461526295676, 16.48416235765760618 ) ) ;
#3200 = B_SPLINE_SURFACE_WITH_KNOTS ( 'NONE', 3, 3, ( 
 ( #2329, #2403, #3788, #4383, #1307, #671, #2670, #3716, #626, #3037, #1991, #3378, #289, #4405, #1330, #995, #649, #2016, #3403, #311, #1683, #719, #3471, #3839, #3514, #2783, #2105, #4167 ),
 ( #1155, #357, #4233, #1088, #3883, #2452, #1493, #1065, #3449, #114, #2522, #744, #2760, #23, #2809, #3201, #695, #2083, #428, #2061, #4145, #377, #3133, #1111, #787, #3181, #1753, #3493 ),
 ( #4213, #1776, #1821, #1730, #1403, #2426, #44, #2476, #2856, #90, #1472, #3112, #3813, #1427, #402, #3156, #68, #1449, #4190, #3861, #766, #1800, #2127, #2833, #1133, #2499, #2151, #3538 ),
 ( #450, #2920, #3987, #3227, #2172, #214, #4257, #3561, #3305, #2964, #2898, #1514, #135, #1551, #1922, #3906, #830, #3628, #4339, #2878, #2193, #1861, #4300, #897, #1900, #3585, #4279, #472 ) ),
 .UNSPECIFIED., .F., .F., .F.,
 ( 4, 4 ),
 ( 4, 3, 3, 3, 3, 3, 3, 3, 3, 4 ),
 ( 0.000000000000000000, 1.000000000000000000 ),
 ( 0.6504051016548112463, 0.6941044639479598821, 0.7378038262411084069, 0.7596535073876826694, 0.7815031885342570428, 0.8252025508274056786, 0.8689019131205542035, 0.9126012754137028393, 0.9563006377068514752, 1.000000000000000000 ),
 .UNSPECIFIED. ) ;
#3201 = CARTESIAN_POINT ( 'NONE',  ( -22.29648644778529132, 1.023616039659593469, -33.70593969525249634 ) ) ;
#3202 = CARTESIAN_POINT ( 'NONE',  ( 0.000000000000000000, 3.566987298107781701, -51.82657067210246282 ) ) ;
#3203 = DIRECTION ( 'NONE',  ( 0.000000000000000000, 1.000000000000000000, 0.000000000000000000 ) ) ;
#3204 = DIRECTION ( 'NONE',  ( -0.7499999999999980016, 0.4999999999999999445, 0.4330127018922227955 ) ) ;
#3205 = CARTESIAN_POINT ( 'NONE',  ( 7.918271674280861205, 0.4270850883321922198, 3.615749853622035381 ) ) ;
#3206 = DIRECTION ( 'NONE',  ( -1.000000000000000000, 0.000000000000000000, 0.000000000000000000 ) ) ;
#3207 = CARTESIAN_POINT ( 'NONE',  ( -21.53740801633509960, 4.000000000000000888, -39.34158878717008179 ) ) ;
#3208 = B_SPLINE_CURVE_WITH_KNOTS ( 'NONE', 3,
 ( #4082, #3452, #675, #2674 ),
 .UNSPECIFIED., .F., .F.,
 ( 4, 4 ),
 ( 0.000000000000000000, 0.0007087446808685452220 ),
 .UNSPECIFIED. ) ;
#3209 = VERTEX_POINT ( 'NONE', #1845 ) ;
#3210 = CARTESIAN_POINT ( 'NONE',  ( -48.45680928239889340, 3.582523934708754076, 13.48362668083346705 ) ) ;
#3211 = CARTESIAN_POINT ( 'NONE',  ( 24.65898161360096807, 0.2664082949584780091, -14.23686967255962266 ) ) ;
#3212 = CARTESIAN_POINT ( 'NONE',  ( -38.88312679307018982, -0.4330127018922192983, 22.44918372091366265 ) ) ;
#3213 = CARTESIAN_POINT ( 'NONE',  ( -22.62927557784690791, 0.2335068429959115399, -14.52175803231343920 ) ) ;
#3214 = APPLICATION_CONTEXT ( 'automotive_design' ) ;
#3215 = CARTESIAN_POINT ( 'NONE',  ( 20.67145344819996922, 4.606535779660610785, -10.39964022834581847 ) ) ;
#3216 = CARTESIAN_POINT ( 'NONE',  ( -20.91206591825217842, 3.806982534515144234, -13.53494805143763635 ) ) ;
#3217 = CARTESIAN_POINT ( 'NONE',  ( 45.37666008968498943, 4.872215667963953223, 4.323357923597796137 ) ) ;
#3218 = AXIS2_PLACEMENT_3D ( 'NONE', #3936, #3297, #2974 ) ;
#3219 = CARTESIAN_POINT ( 'NONE',  ( 17.99536693017525479, 4.386981721433486747, -9.476570566206250490 ) ) ;
#3220 = EDGE_CURVE ( 'NONE', #3320, #2169, #4022, .T. ) ;
#3221 = CARTESIAN_POINT ( 'NONE',  ( 8.532479732790923421, 4.426014928229016654, -3.525217231570741294 ) ) ;
#3222 = CARTESIAN_POINT ( 'NONE',  ( 1.735017846452904022, 0.3592013296803448497, 26.70618908571828598 ) ) ;
#3223 = ORIENTED_EDGE ( 'NONE', *, *, #2956, .F. ) ;
#3224 = CARTESIAN_POINT ( 'NONE',  ( -15.32375554846330523, 3.592166164978328524, -46.87414827384600358 ) ) ;
#3225 = AXIS2_PLACEMENT_3D ( 'NONE', #1573, #2256, #1260 ) ;
#3226 = CARTESIAN_POINT ( 'NONE',  ( -39.39369093631034957, -1.454140988372539578, 22.74395806645193829 ) ) ;
#3227 = CARTESIAN_POINT ( 'NONE',  ( -23.54708656428894642, 4.255750991661624738, -18.30089791760086726 ) ) ;
#3228 = CARTESIAN_POINT ( 'NONE',  ( 2.279080936878813635, 3.566987298107781701, -51.82657067210246282 ) ) ;
#3229 = CARTESIAN_POINT ( 'NONE',  ( -5.638836121573107540, 0.000000000000000000, 0.4700157744654169800 ) ) ;
#3230 = CARTESIAN_POINT ( 'NONE',  ( -1.296839875635664718, 0.6950229483473364667, 28.38446573983036814 ) ) ;
#3231 = CARTESIAN_POINT ( 'NONE',  ( -24.83130255587987634, 3.865065785841404367, -30.95314178828522600 ) ) ;
#3232 = CARTESIAN_POINT ( 'NONE',  ( 23.89084915251616437, 0.2335068429960201197, -12.33664850349284947 ) ) ;
#3233 = ORIENTED_EDGE ( 'NONE', *, *, #956, .T. ) ;
#3234 = CARTESIAN_POINT ( 'NONE',  ( -1.757889358307263006, 4.433012701892220520, 1.014917894224284245 ) ) ;
#3235 = CARTESIAN_POINT ( 'NONE',  ( -4.242536257479186723, 0.4194296977640942226, -11.55262693249601291 ) ) ;
#3236 = CARTESIAN_POINT ( 'NONE',  ( -21.62258579085116850, 0.2557509916604697731, -14.70602780612050431 ) ) ;
#3237 = CARTESIAN_POINT ( 'NONE',  ( 15.14757345745624484, 0.000000000000000000, -39.71048206910849387 ) ) ;
#3238 = CARTESIAN_POINT ( 'NONE',  ( 20.63010054718775521, -0.3650735631188601338, 34.87500932660477559 ) ) ;
#3239 = CARTESIAN_POINT ( 'NONE',  ( -9.189697613987135583E-13, 4.269312052088571008, 22.72751984031480177 ) ) ;
#3240 = CARTESIAN_POINT ( 'NONE',  ( 41.10307887058706200, 4.588000697214444479, -2.130999204849964190 ) ) ;
#3241 = CARTESIAN_POINT ( 'NONE',  ( -23.38947927581471120, 0.000000000000000000, -27.94209000380691066 ) ) ;
#3242 = COLOUR_RGB ( '',0.7921568627450980005, 0.8196078431372548767, 0.9333333333333333481 ) ;
#3243 = CARTESIAN_POINT ( 'NONE',  ( 26.81649953964657840, 0.000000000000000000, 32.97342445440199299 ) ) ;
#3244 = CARTESIAN_POINT ( 'NONE',  ( 3.701114914910720533, 0.4490539079498948594, 24.04608887627622593 ) ) ;
#3245 = ORIENTED_EDGE ( 'NONE', *, *, #1807, .T. ) ;
#3246 = CARTESIAN_POINT ( 'NONE',  ( 8.058923048823023905, 0.07951307002806201618, 3.344649704289467174 ) ) ;
#3247 = CARTESIAN_POINT ( 'NONE',  ( -6.516605320428942250, 3.569447054005752573, -51.18361945183121264 ) ) ;
#3248 = CARTESIAN_POINT ( 'NONE',  ( -23.71537768963355575, 0.000000000000000000, -13.85738996994304095 ) ) ;
#3249 =( LENGTH_UNIT ( ) NAMED_UNIT ( * ) SI_UNIT ( .MILLI., .METRE. ) );
#3250 = EDGE_CURVE ( 'NONE', #3984, #468, #3093, .T. ) ;
#3251 = CARTESIAN_POINT ( 'NONE',  ( 38.43889125699069353, 4.000000000000000888, -6.268778940673191080 ) ) ;
#3252 = CARTESIAN_POINT ( 'NONE',  ( 0.5116247523585104595, 0.6298780529113467974, -7.854833185907444282 ) ) ;
#3253 = CARTESIAN_POINT ( 'NONE',  ( -21.78007231500732033, 4.330016127894540823, -14.39905813642300814 ) ) ;
#3254 = CARTESIAN_POINT ( 'NONE',  ( 19.67666955532265405, 4.475976347184223769, -11.36033046452041795 ) ) ;
#3255 = CARTESIAN_POINT ( 'NONE',  ( -34.57092175656795519, 4.083861567290361094, -9.345485104461600301 ) ) ;
#3256 = CARTESIAN_POINT ( 'NONE',  ( -24.88951911362175551, 2.941123137695821566, -12.57836553838862770 ) ) ;
#3257 = CARTESIAN_POINT ( 'NONE',  ( -35.19015862014909146, 2.614073604847473753, -8.664699765292715128 ) ) ;
#3258 = CARTESIAN_POINT ( 'NONE',  ( 8.650337144884780116, 3.635941382001212752, -3.216172029448544301 ) ) ;
#3259 = CARTESIAN_POINT ( 'NONE',  ( 3.118576635452373402, 0.06612720700907581683, 30.74836284861880387 ) ) ;
#3260 = CARTESIAN_POINT ( 'NONE',  ( 19.73358325742747610, 3.961163624293457364, -10.89030956142563866 ) ) ;
#3261 = CARTESIAN_POINT ( 'NONE',  ( -7.439317087571840403, 4.425736314879883615, -5.727444502988910280 ) ) ;
#3262 = CARTESIAN_POINT ( 'NONE',  ( -18.56975491621482632, 0.000000000000000000, -3.711699389622125977 ) ) ;
#3263 = CARTESIAN_POINT ( 'NONE',  ( -4.025604290746645830, 0.000000000000000000, -2.324183720913435280 ) ) ;
#3264 = CARTESIAN_POINT ( 'NONE',  ( 24.64836744182696293, 4.000000000000000888, -30.15466685152488679 ) ) ;
#3265 = CARTESIAN_POINT ( 'NONE',  ( -19.59684997947520912, 4.000000000000000888, -11.89381317149737782 ) ) ;
#3266 = CARTESIAN_POINT ( 'NONE',  ( 14.77083076915530846, 0.3560345838501164373, -14.86763739347290425 ) ) ;
#3267 = CARTESIAN_POINT ( 'NONE',  ( 3.035766082959412415E-15, 0.000000000000000000, 4.648367441826950497 ) ) ;
#3268 = EDGE_CURVE ( 'NONE', #2395, #1520, #2708, .T. ) ;
#3269 = CARTESIAN_POINT ( 'NONE',  ( -19.71048206913609846, 4.000000000000000888, -11.78062977281330959 ) ) ;
#3270 = CARTESIAN_POINT ( 'NONE',  ( 24.86660924914618676, -0.1284540776740835666, -23.81505624382086239 ) ) ;
#3271 = CARTESIAN_POINT ( 'NONE',  ( -44.88312679307017561, 3.566987298107781701, 25.91328533605144457 ) ) ;
#3272 = CARTESIAN_POINT ( 'NONE',  ( -24.00683636230791507, 0.000000000000000000, -26.45165815277955090 ) ) ;
#3273 = CARTESIAN_POINT ( 'NONE',  ( -11.40851118920746110, 0.3836189954226313370, -14.25897971733642322 ) ) ;
#3274 = CARTESIAN_POINT ( 'NONE',  ( -46.19152135162273964, 2.259871590420007070, 9.391819017981923423 ) ) ;
#3275 = CARTESIAN_POINT ( 'NONE',  ( 23.38947927580882435, 0.000000000000000000, -12.05790999619750714 ) ) ;
#3276 = CARTESIAN_POINT ( 'NONE',  ( 9.122893442422721932, 1.241729357907865650, 34.16295368485133110 ) ) ;
#3277 = CARTESIAN_POINT ( 'NONE',  ( -0.6322453713567062206, 4.758280581104505025, 22.89215353961991184 ) ) ;
#3278 = CARTESIAN_POINT ( 'NONE',  ( 6.695851154954276296, 0.000000000000000000, 3.583881675683664891 ) ) ;
#3279 = CARTESIAN_POINT ( 'NONE',  ( -22.15476510282830347, 0.000000000000000000, -30.92295370586162662 ) ) ;
#3280 = CARTESIAN_POINT ( 'NONE',  ( -4.071069822300254160, 0.000000000000000000, 22.34786656033739050 ) ) ;
#3281 = CARTESIAN_POINT ( 'NONE',  ( 23.88856454652613692, 2.375789445637442210, -13.02782305832980470 ) ) ;
#3282 = ORIENTED_EDGE ( 'NONE', *, *, #3710, .F. ) ;
#3283 = CARTESIAN_POINT ( 'NONE',  ( -24.30155153517862487, 3.792971092302042546, -33.43830687127294965 ) ) ;
#3284 = CARTESIAN_POINT ( 'NONE',  ( 39.56061413196840704, -0.3438693749684852974, -1.672218835666535064 ) ) ;
#3285 =( NAMED_UNIT ( * ) SI_UNIT ( $, .STERADIAN. ) SOLID_ANGLE_UNIT ( ) );
#3286 = CARTESIAN_POINT ( 'NONE',  ( 33.36117229506003667, -0.1414115976324283597, -9.432148020723701620 ) ) ;
#3287 = B_SPLINE_CURVE_WITH_KNOTS ( 'NONE', 3,
 ( #3027, #617, #932, #3361, #3020, #222, #318, #632, #3386, #4413, #730, #2092, #1786, #3168, #4112, #4267 ),
 .UNSPECIFIED., .F., .F.,
 ( 4, 2, 2, 2, 2, 2, 2, 4 ),
 ( 0.7176406752607433770, 0.7529355908531504271, 0.7882305064455574772, 0.8235254220379645274, 0.8588203376303715775, 0.8941152532227787386, 0.9294101688151858998, 1.000000000000000000 ),
 .UNSPECIFIED. ) ;
#3288 = CARTESIAN_POINT ( 'NONE',  ( 21.53740801633567514, 4.000000000000000888, -39.34158878716214502 ) ) ;
#3289 = CARTESIAN_POINT ( 'NONE',  ( 3.259274409416661536E-06, 4.368225035047765381, 22.43287431244450048 ) ) ;
#3290 = EDGE_CURVE ( 'NONE', #2600, #279, #3525, .T. ) ;
#3291 = CARTESIAN_POINT ( 'NONE',  ( -5.488724318187405693, 4.629055892208133294, -4.390386829284004477 ) ) ;
#3292 = CARTESIAN_POINT ( 'NONE',  ( 24.97414574566082024, 3.886904684927041664, -30.21964518969713254 ) ) ;
#3293 = CARTESIAN_POINT ( 'NONE',  ( 0.000000000000000000, 3.566987298107781701, -51.82657067210246282 ) ) ;
#3294 = CARTESIAN_POINT ( 'NONE',  ( -28.10811181375036583, 1.476481779645549830, -12.50310150566926914 ) ) ;
#3295 = CARTESIAN_POINT ( 'NONE',  ( 24.48798467194425754, 0.000000000000000000, -16.77385365118264104 ) ) ;
#3296 = CARTESIAN_POINT ( 'NONE',  ( 11.12289344242295641, 2.575062691241215340, 35.31765422323070425 ) ) ;
#3297 = DIRECTION ( 'NONE',  ( 0.000000000000000000, 1.000000000000000000, 0.000000000000000000 ) ) ;
#3298 = CARTESIAN_POINT ( 'NONE',  ( -26.81649953967264466, 0.000000000000000000, 32.97342445441163505 ) ) ;
#3299 = CARTESIAN_POINT ( 'NONE',  ( -3.226463661654747739, 0.000000000000000000, -44.64836744182695583 ) ) ;
#3300 = CARTESIAN_POINT ( 'NONE',  ( 12.50382014021972132, 0.000000000000000000, 34.22692823604747758 ) ) ;
#3301 = CARTESIAN_POINT ( 'NONE',  ( 24.64836744182696293, 4.000000000000000888, -23.70173960902614496 ) ) ;
#3302 = CARTESIAN_POINT ( 'NONE',  ( -20.60721437075788742, 3.211695684573948384, -15.03161433246867595 ) ) ;
#3303 = CARTESIAN_POINT ( 'NONE',  ( -12.49930342072952705, 0.000000000000000000, -14.22602980468138334 ) ) ;
#3304 = CARTESIAN_POINT ( 'NONE',  ( 1.658070859941981112, 4.632649698622804735, 0.9572876573229601727 ) ) ;
#3305 = CARTESIAN_POINT ( 'NONE',  ( -25.17331980778506306, 3.986417851787034117, -27.30430857163254998 ) ) ;
#3306 = CARTESIAN_POINT ( 'NONE',  ( 14.39055583765797763, 3.865065785841451884, 36.98110971659248492 ) ) ;
#3307 = ORIENTED_EDGE ( 'NONE', *, *, #3580, .T. ) ;
#3308 = CARTESIAN_POINT ( 'NONE',  ( -1.261573574670572073, 0.2335068429959112901, 26.85840653581093918 ) ) ;
#3309 = CARTESIAN_POINT ( 'NONE',  ( 14.03170691968292871, 0.5328242452544333929, -14.98766186222006169 ) ) ;
#3310 = CARTESIAN_POINT ( 'NONE',  ( 0.000000000000000000, 3.566987298107781701, -51.82657067210246282 ) ) ;
#3311 = CARTESIAN_POINT ( 'NONE',  ( -10.24253625747916630, 4.419429697764095444, -8.088525317358232769 ) ) ;
#3312 = CARTESIAN_POINT ( 'NONE',  ( 20.51206164517081376, -1.223094314791640436, -35.74054389067517690 ) ) ;
#3313 = CARTESIAN_POINT ( 'NONE',  ( 40.70430691594325623, 3.571205789718004286, 31.29765644380821143 ) ) ;
#3314 = CARTESIAN_POINT ( 'NONE',  ( 21.08361694128857167, 3.924907980497166271, -11.00599247897471855 ) ) ;
#3315 = CARTESIAN_POINT ( 'NONE',  ( 2.663298315203035393, 0.1927552366036865417, 31.93799380562519019 ) ) ;
#3316 = CARTESIAN_POINT ( 'NONE',  ( -3.118576635452690926, 0.06612720700815864772, 30.74836284862084668 ) ) ;
#3317 = CARTESIAN_POINT ( 'NONE',  ( 38.66662044212438332, 0.000000000000000000, 22.32418372091311909 ) ) ;
#3318 = CARTESIAN_POINT ( 'NONE',  ( 3.587627540080734256, 4.000000000000000888, -1.654281601156126547 ) ) ;
#3319 = ADVANCED_FACE ( 'NONE', ( #1497 ), #66, .F. ) ;
#3320 = VERTEX_POINT ( 'NONE', #4379 ) ;
#3321 = CARTESIAN_POINT ( 'NONE',  ( -23.33300105775777311, 1.100069473925528563, -13.91001981143798005 ) ) ;
#3322 = CARTESIAN_POINT ( 'NONE',  ( 5.856837100698585097, 4.000000000000000888, 30.93091613967457931 ) ) ;
#3323 = CARTESIAN_POINT ( 'NONE',  ( 4.242110641692720563, 0.4330127018922192983, -2.449183720913497897 ) ) ;
#3324 = CARTESIAN_POINT ( 'NONE',  ( -42.39126646747563854, -0.5966410967711961444, 6.686078615019364513 ) ) ;
#3325 = CARTESIAN_POINT ( 'NONE',  ( 0.03676548859599774316, 4.532128765937035730, 23.10949727626276129 ) ) ;
#3326 = CARTESIAN_POINT ( 'NONE',  ( -26.81649953967264466, 0.000000000000000000, 32.97342445441163505 ) ) ;
#3327 = ORIENTED_EDGE ( 'NONE', *, *, #3630, .T. ) ;
#3328 = CARTESIAN_POINT ( 'NONE',  ( 44.66662044212441174, 4.000000000000000888, 25.78828533605081574 ) ) ;
#3329 = CARTESIAN_POINT ( 'NONE',  ( -0.1231111279255451274, 4.471300780329579894, 23.03682752219910768 ) ) ;
#3330 = CARTESIAN_POINT ( 'NONE',  ( 8.947896898316274772, -0.4258842002269447868, -43.35918863015022851 ) ) ;
#3331 = CARTESIAN_POINT ( 'NONE',  ( 8.896484157282134930, 3.574026498045630440, -50.30550492348515945 ) ) ;
#3332 = CARTESIAN_POINT ( 'NONE',  ( 3.035766082959412415E-15, 4.632649698626901902, -1.914575314643580661 ) ) ;
#3333 = CARTESIAN_POINT ( 'NONE',  ( 0.5309946626933050862, 4.556223057686899836, 21.55724390995777995 ) ) ;
#3334 = CARTESIAN_POINT ( 'NONE',  ( 19.59684997947274709, 4.000000000000000888, -41.96259328905988184 ) ) ;
#3335 = CARTESIAN_POINT ( 'NONE',  ( 12.87633232601125144, 1.401965937214407543, 2.346833427592294186 ) ) ;
#3336 = CARTESIAN_POINT ( 'NONE',  ( 7.059564951909370834, 1.319751185120401793, 33.14348766018881065 ) ) ;
#3337 = CARTESIAN_POINT ( 'NONE',  ( 8.242780153716749914E-13, 2.921914309512718688, 25.56094493096901132 ) ) ;
#3338 = CARTESIAN_POINT ( 'NONE',  ( 30.23526735338499805, -1.401965936684252956, 32.32464761810759768 ) ) ;
#3339 = CARTESIAN_POINT ( 'NONE',  ( -25.07974357230856199, -0.3968686967402246246, 33.82698963815882109 ) ) ;
#3340 = CARTESIAN_POINT ( 'NONE',  ( 21.43637963647993061, 1.666499619740195115, -9.406911468486216066 ) ) ;
#3341 = CARTESIAN_POINT ( 'NONE',  ( 10.87525838031777781, 4.000000000000000888, -8.054909632269014352 ) ) ;
#3342 = CARTESIAN_POINT ( 'NONE',  ( 1.974395709253385034, 4.000000000000000888, 1.139917894224262929 ) ) ;
#3343 = ORIENTED_EDGE ( 'NONE', *, *, #3220, .T. ) ;
#3344 = CARTESIAN_POINT ( 'NONE',  ( 1.252283264655516204, 0.000000000000000000, 26.28483823224313909 ) ) ;
#3345 = EDGE_CURVE ( 'NONE', #1918, #2449, #3747, .T. ) ;
#3346 = CARTESIAN_POINT ( 'NONE',  ( -19.34207935206568862, 4.606535779660618779, -12.70218370511556572 ) ) ;
#3347 = CARTESIAN_POINT ( 'NONE',  ( 9.599224624581466969, 4.000000000000000888, 34.00359807626072950 ) ) ;
#3348 = CARTESIAN_POINT ( 'NONE',  ( 46.23964098318325711, 2.252620949561608299, 11.67271413663898194 ) ) ;
#3349 = CARTESIAN_POINT ( 'NONE',  ( -4.875258380306533468, 0.000000000000000000, -11.51901124741049109 ) ) ;
#3350 = CARTESIAN_POINT ( 'NONE',  ( -34.88520915353555552, 0.000000000000000000, 27.59071803798059008 ) ) ;
#3351 = ORIENTED_EDGE ( 'NONE', *, *, #2289, .T. ) ;
#3352 = CARTESIAN_POINT ( 'NONE',  ( 1.400084160280432144, 4.333896288085451687, 25.52453653628177932 ) ) ;
#3353 = CARTESIAN_POINT ( 'NONE',  ( 20.58345046099103470, 0.000000000000000000, 34.64356492144413124 ) ) ;
#3354 = CARTESIAN_POINT ( 'NONE',  ( -21.51314930497892064, 3.771614177779896160, -13.17498261870556853 ) ) ;
#3355 = CARTESIAN_POINT ( 'NONE',  ( 14.96220681849330703, 2.259871590420006626, -44.69894043894755953 ) ) ;
#3356 = CARTESIAN_POINT ( 'NONE',  ( 4.670722977114584396, 0.6107472114392710205, -11.86997567097480299 ) ) ;
#3357 = CARTESIAN_POINT ( 'NONE',  ( 24.97414574565755174, 4.113095315074219549, -23.63676127085596335 ) ) ;
#3358 = CARTESIAN_POINT ( 'NONE',  ( -43.34831198913934713, 3.361188033500991157, 28.80929907830797632 ) ) ;
#3359 = CARTESIAN_POINT ( 'NONE',  ( 3.337924191169276522, 1.454140988372566001, 5.487916132903520428 ) ) ;
#3360 = ORIENTED_EDGE ( 'NONE', *, *, #650, .T. ) ;
#3361 = CARTESIAN_POINT ( 'NONE',  ( -25.10702882075903375, -0.08064016738979327970, -22.32283377545898162 ) ) ;
#3362 = CARTESIAN_POINT ( 'NONE',  ( -26.76535306892837696, 3.633778043480649700, 38.31834056546762923 ) ) ;
#3363 = CARTESIAN_POINT ( 'NONE',  ( 23.30211130675595399, 4.000000000000000888, 38.32273686739816299 ) ) ;
#3364 = CARTESIAN_POINT ( 'NONE',  ( 15.67832526495866574, -0.3069506582811410977, 35.04468756560097376 ) ) ;
#3365 = CARTESIAN_POINT ( 'NONE',  ( -35.07621039203457514, 0.9074491331064022948, 30.58340087784025840 ) ) ;
#3366 = CARTESIAN_POINT ( 'NONE',  ( 23.31850057445654301, 2.942607396943422771, -15.20514457646591744 ) ) ;
#3367 = CARTESIAN_POINT ( 'NONE',  ( -24.30398269214962070, 0.4418047883092146577, -14.03191094968792285 ) ) ;
#3368 = ORIENTED_EDGE ( 'NONE', *, *, #2154, .T. ) ;
#3369 = B_SPLINE_CURVE_WITH_KNOTS ( 'NONE', 3,
 ( #3874, #3216, #1742, #2444, #3483, #757, #3830, #778, #36, #1790 ),
 .UNSPECIFIED., .F., .F.,
 ( 4, 2, 2, 2, 4 ),
 ( -6.000000000140961628E-08, 0.001294468718360064149, 0.002588997436720129677, 0.003883526155080195205, 0.005178054873440260733 ),
 .UNSPECIFIED. ) ;
#3370 = CARTESIAN_POINT ( 'NONE',  ( -3.599224624580906085, 0.000000000000000000, 30.53949646112301863 ) ) ;
#3371 = CARTESIAN_POINT ( 'NONE',  ( -46.87898271860201760, 3.568281307083107645, 21.83508107973564094 ) ) ;
#3372 = CARTESIAN_POINT ( 'NONE',  ( 19.04448543701838403, 1.667256519148084593, -13.96807914136677908 ) ) ;
#3373 = CARTESIAN_POINT ( 'NONE',  ( -7.246536270349990261E-14, 4.500000000000000000, -0.6622138793585626848 ) ) ;
#3374 = CARTESIAN_POINT ( 'NONE',  ( 11.26451504125021863, 3.978262655081071575, 35.56510267117445068 ) ) ;
#3375 = EDGE_LOOP ( 'NONE', ( #3417, #4175, #302, #2134 ) ) ;
#3376 = CARTESIAN_POINT ( 'NONE',  ( -3.543080864623639137, 1.691486244807010486, 21.45462488242414523 ) ) ;
#3377 = CIRCLE ( 'NONE', #1515, 6.500000000000000888 ) ;
#3378 = CARTESIAN_POINT ( 'NONE',  ( -24.86660924914622939, -0.1284540776739657164, -23.81505624382291231 ) ) ;
#3379 = EDGE_CURVE ( 'NONE', #2700, #848, #469, .T. ) ;
#3380 = CARTESIAN_POINT ( 'NONE',  ( 14.84969802958728025, 0.4070188401110831911, 0.1279999512244657522 ) ) ;
#3381 = CARTESIAN_POINT ( 'NONE',  ( 2.279080936878813635, 2.233653964774448220, -49.51716959534395812 ) ) ;
#3382 = CARTESIAN_POINT ( 'NONE',  ( 39.19176732535167673, -0.4815639839153782464, -2.622636841404779595 ) ) ;
#3383 = CARTESIAN_POINT ( 'NONE',  ( 1.061350134725114414, 4.635183155162151181, 6.947599762663929646 ) ) ;
#3384 = CARTESIAN_POINT ( 'NONE',  ( 26.12060824429776318, 0.3797960949498135341, -16.55457827352619660 ) ) ;
#3385 = CARTESIAN_POINT ( 'NONE',  ( -3.226463661654748627, 4.000000000000000888, -51.57657067210246282 ) ) ;
#3386 = CARTESIAN_POINT ( 'NONE',  ( -20.54767092554444119, -0.3537473686205000467, -34.36103285788033901 ) ) ;
#3387 = CARTESIAN_POINT ( 'NONE',  ( -19.80128640290753239, 4.529847108338822537, -11.43227803502006168 ) ) ;
#3388 = CARTESIAN_POINT ( 'NONE',  ( 19.80128640290832820, 4.529847108338819872, -11.43227803501953588 ) ) ;
#3389 = CARTESIAN_POINT ( 'NONE',  ( -0.4681828262692050990, 0.2070289076981749188, 27.79070916033822058 ) ) ;
#3390 = CARTESIAN_POINT ( 'NONE',  ( -1.226052376868990157, 0.1431484463107424998, 29.43918909758091473 ) ) ;
#3391 = CARTESIAN_POINT ( 'NONE',  ( 17.76893447823617933, 0.3862605266565189432, -2.462642455132584729 ) ) ;
#3392 = CARTESIAN_POINT ( 'NONE',  ( -23.35398381135480506, 1.801195482466493081, -13.48342884013975329 ) ) ;
#3393 = CARTESIAN_POINT ( 'NONE',  ( 29.88944665971368764, 4.305424166708391454, -11.04745810474152279 ) ) ;
#3394 = ORIENTED_EDGE ( 'NONE', *, *, #1589, .T. ) ;
#3395 = CARTESIAN_POINT ( 'NONE',  ( 7.323056845736623188, 0.000000000000000000, 13.26294238528097402 ) ) ;
#3396 = CARTESIAN_POINT ( 'NONE',  ( -7.246536270349990261E-14, -1.500000000000000444, -0.6622138793585634620 ) ) ;
#3397 = CARTESIAN_POINT ( 'NONE',  ( 28.14171273065495171, 4.000000000000000888, 37.69013141982129156 ) ) ;
#3398 = CARTESIAN_POINT ( 'NONE',  ( 41.11627238484629743, 2.391101454287800188, -3.240488826917000242 ) ) ;
#3399 = CARTESIAN_POINT ( 'NONE',  ( -38.71208597367546389, 0.000000000000000000, -2.347866560331489882 ) ) ;
#3400 = CARTESIAN_POINT ( 'NONE',  ( -17.33890484461792880, 0.000000000000000000, -14.85863525227583537 ) ) ;
#3401 = ORIENTED_EDGE ( 'NONE', *, *, #3011, .T. ) ;
#3402 = CARTESIAN_POINT ( 'NONE',  ( -6.782661556451427209, 0.3870292375322852418, 16.50266454750768119 ) ) ;
#3403 = CARTESIAN_POINT ( 'NONE',  ( -18.32137716725608811, -0.3809711299295614473, -36.96844284643675138 ) ) ;
#3404 = CARTESIAN_POINT ( 'NONE',  ( 43.34546702495349990, 3.367350301377197930, 28.80711112678935493 ) ) ;
#3405 = CARTESIAN_POINT ( 'NONE',  ( 25.16333283249911901, 1.360949920690825543, -21.53112957138407779 ) ) ;
#3406 = CARTESIAN_POINT ( 'NONE',  ( -46.71146764686680086, 4.000000000000000888, 5.526372420840270472 ) ) ;
#3407 = EDGE_CURVE ( 'NONE', #3482, #3320, #1224, .T. ) ;
#3408 = CARTESIAN_POINT ( 'NONE',  ( -0.1835480177509243860, 4.364211846135923167, 23.04915623580416906 ) ) ;
#3409 = CARTESIAN_POINT ( 'NONE',  ( 3.337924193399449013, -1.454140988372565779, -45.48791613290352842 ) ) ;
#3410 = CARTESIAN_POINT ( 'NONE',  ( -24.64836744182695583, 4.000000000000000888, -30.15466685152513193 ) ) ;
#3411 = ORIENTED_EDGE ( 'NONE', *, *, #2582, .F. ) ;
#3412 = CARTESIAN_POINT ( 'NONE',  ( -25.18274954849799840, 0.2892997671512023139, -13.81093993692711663 ) ) ;
#3413 = CARTESIAN_POINT ( 'NONE',  ( 13.79052381516392067, 4.000000000000000888, 36.42344579219771816 ) ) ;
#3414 = CARTESIAN_POINT ( 'NONE',  ( -8.064838764744525434, 2.694283254023534191, 33.71235080089932978 ) ) ;
#3415 = CARTESIAN_POINT ( 'NONE',  ( 11.45539656451466470, 0.4199464417419642714, 2.217280822326106904 ) ) ;
#3416 = CARTESIAN_POINT ( 'NONE',  ( 14.05756569040354087, 0.000000000000000000, -14.64356492144075439 ) ) ;
#3417 = ORIENTED_EDGE ( 'NONE', *, *, #348, .T. ) ;
#3418 = CARTESIAN_POINT ( 'NONE',  ( -1.982962850918604136, 0.1130953150730107104, 29.98252367384755956 ) ) ;
#3419 = CARTESIAN_POINT ( 'NONE',  ( -19.97529131154705695, 3.718955620953361407, -11.98355402919971624 ) ) ;
#3420 = CARTESIAN_POINT ( 'NONE',  ( 44.88933074410631718, 2.234962446329608721, 20.65498077727638560 ) ) ;
#3421 = CARTESIAN_POINT ( 'NONE',  ( -41.33686730631090711, 0.000000000000000000, 16.41611832430266205 ) ) ;
#3422 = B_SPLINE_CURVE_WITH_KNOTS ( 'NONE', 3,
 ( #4092, #4373, #2372, #3753, #2661, #661 ),
 .UNSPECIFIED., .F., .F.,
 ( 4, 2, 4 ),
 ( 0.000000000000000000, 0.0006541554990211296628, 0.001308310998042259326 ),
 .UNSPECIFIED. ) ;
#3423 = CARTESIAN_POINT ( 'NONE',  ( 23.22670804999978600, 2.375789395821766625, -14.17419225830373897 ) ) ;
#3424 = EDGE_LOOP ( 'NONE', ( #793, #3108, #3846, #3071, #3101, #2530, #715, #3245, #3394, #552, #946, #1031, #1084, #2684 ) ) ;
#3425 = CARTESIAN_POINT ( 'NONE',  ( -3.287021436887216375, 3.066276051583773476, 16.88368680691106860 ) ) ;
#3426 = CARTESIAN_POINT ( 'NONE',  ( -0.2381702735402373705, 4.429165163580971232, 23.21989793228175714 ) ) ;
#3427 = CARTESIAN_POINT ( 'NONE',  ( 26.60922169715364305, 3.467871234063774288, 38.45111202129964312 ) ) ;
#3428 = CARTESIAN_POINT ( 'NONE',  ( 22.73168367936666101, 1.636571501588526489, -11.53628277663407609 ) ) ;
#3429 = CARTESIAN_POINT ( 'NONE',  ( 23.83336870890458670, 0.2070289076980236787, -14.30081280134033328 ) ) ;
#3430 = CARTESIAN_POINT ( 'NONE',  ( 1.323056845736639175, 4.000000000000000888, 16.72704400041875417 ) ) ;
#3431 = FACE_OUTER_BOUND ( 'NONE', #4164, .T. ) ;
#3432 = ORIENTED_EDGE ( 'NONE', *, *, #3433, .T. ) ;
#3433 = EDGE_CURVE ( 'NONE', #3557, #4075, #3960, .T. ) ;
#3434 = CARTESIAN_POINT ( 'NONE',  ( 15.28375034194822568, 3.838797884268499772, 37.26393910622202554 ) ) ;
#3435 = CARTESIAN_POINT ( 'NONE',  ( 0.6407888826255532244, 0.6907981602492551110, 28.51549671546095510 ) ) ;
#3436 = CARTESIAN_POINT ( 'NONE',  ( -1.425531340013930892, 4.333923185814756884, 25.78644883790228093 ) ) ;
#3437 = CARTESIAN_POINT ( 'NONE',  ( 16.37231509265392049, 1.732206104231764021, -3.378606439905923686 ) ) ;
#3438 = CARTESIAN_POINT ( 'NONE',  ( 6.546672705305624618, 0.6298780529113355842, 4.370496625701137283 ) ) ;
#3439 = EDGE_CURVE ( 'NONE', #709, #1117, #2066, .T. ) ;
#3440 = FACE_OUTER_BOUND ( 'NONE', #2959, .T. ) ;
#3441 = CARTESIAN_POINT ( 'NONE',  ( -15.70268091791200682, 0.000000000000000000, 34.64806624685716230 ) ) ;
#3442 = CARTESIAN_POINT ( 'NONE',  ( 48.58877642504123173, 3.384108814424032108, 13.48416293105708164 ) ) ;
#3443 = CARTESIAN_POINT ( 'NONE',  ( 18.77083076915532445, 3.022701250516783400, -12.55823631671443863 ) ) ;
#3444 = CARTESIAN_POINT ( 'NONE',  ( -17.31699837781363982, 0.3291729105355895579, -15.07745037502360574 ) ) ;
#3445 = CARTESIAN_POINT ( 'NONE',  ( 22.50968103704489920, 3.059875203944925737, -13.75902821121029262 ) ) ;
#3446 = VERTEX_POINT ( 'NONE', #4251 ) ;
#3447 = CARTESIAN_POINT ( 'NONE',  ( -1.287021436887205939, 4.399609384917106958, 18.03838734529029963 ) ) ;
#3448 = CARTESIAN_POINT ( 'NONE',  ( 9.192033367133957356, 4.083861567289818417, 34.61203902565882373 ) ) ;
#3449 = CARTESIAN_POINT ( 'NONE',  ( -25.17331980778506306, 1.319751185120363157, -22.68550641811545887 ) ) ;
#3450 = CARTESIAN_POINT ( 'NONE',  ( 14.96220681849330703, 0.9265382570866733669, -42.38953936218905483 ) ) ;
#3451 = CARTESIAN_POINT ( 'NONE',  ( 34.78417905068599936, 0.000000000000000000, -7.466814524540061448 ) ) ;
#3452 = CARTESIAN_POINT ( 'NONE',  ( -25.00061555572931837, 0.1717880992742237822, -13.91465478804987832 ) ) ;
#3453 = AXIS2_PLACEMENT_3D ( 'NONE', #4244, #3895, #1166 ) ;
#3454 = CARTESIAN_POINT ( 'NONE',  ( -18.70603998844676141, 4.588000697207358591, 36.66181007812112114 ) ) ;
#3455 = CARTESIAN_POINT ( 'NONE',  ( -12.41338555689177880, 0.000000000000000000, -41.53740801635748880 ) ) ;
#3456 = CARTESIAN_POINT ( 'NONE',  ( -19.42743740484242920, 4.368225035048060256, -11.21643997883764854 ) ) ;
#3457 = CARTESIAN_POINT ( 'NONE',  ( -46.27985227295086901, 4.000000000000000888, 22.99408584067209560 ) ) ;
#3458 = CARTESIAN_POINT ( 'NONE',  ( -17.75179054763334108, 2.391101454287802408, 37.22798080765589646 ) ) ;
#3459 = DIRECTION ( 'NONE',  ( 0.000000000000000000, 1.000000000000000000, 0.000000000000000000 ) ) ;
#3460 = CARTESIAN_POINT ( 'NONE',  ( 22.67508128596870520, -0.4490539079495753927, -31.18221510049869494 ) ) ;
#3461 = EDGE_LOOP ( 'NONE', ( #4196, #2645, #1616, #286, #805 ) ) ;
#3462 = CARTESIAN_POINT ( 'NONE',  ( -20.57155649556140276, 4.000000000000000888, -13.35329425300817086 ) ) ;
#3463 = CARTESIAN_POINT ( 'NONE',  ( 3.587627540080734256, 4.000000000000000888, -1.654281601156126547 ) ) ;
#3464 = CARTESIAN_POINT ( 'NONE',  ( -15.40531930143419181, -0.5966410967685848998, -40.05495296696503260 ) ) ;
#3465 = EDGE_CURVE ( 'NONE', #2443, #2839, #2277, .T. ) ;
#3466 = CARTESIAN_POINT ( 'NONE',  ( -7.246536270349990261E-14, 1.499999999999999556, 5.837786120641436760 ) ) ;
#3467 = CARTESIAN_POINT ( 'NONE',  ( -4.198503171728805938, 0.000000000000000000, 22.44524969537813774 ) ) ;
#3468 = EDGE_LOOP ( 'NONE', ( #1107, #4047, #1610, #317, #4241, #263, #119 ) ) ;
#3469 = CARTESIAN_POINT ( 'NONE',  ( -24.30155153517860001, 4.207028907698024511, -20.41809958927807145 ) ) ;
#3470 = CARTESIAN_POINT ( 'NONE',  ( 30.15453121875606257, 4.201224993413122277, -10.80368618992287466 ) ) ;
#3471 = CARTESIAN_POINT ( 'NONE',  ( -11.05970021780606061, -0.4212963579632882927, -42.44437905077853657 ) ) ;
#3472 = CARTESIAN_POINT ( 'NONE',  ( 25.06957503395953779, 4.066127207009064826, -25.00315124453535276 ) ) ;
#3473 = CARTESIAN_POINT ( 'NONE',  ( 40.27985227295173587, 0.000000000000000000, 19.52998422553273272 ) ) ;
#3474 = CARTESIAN_POINT ( 'NONE',  ( -40.88520915353553420, 4.000000000000000888, 31.05481965311836845 ) ) ;
#3475 = CARTESIAN_POINT ( 'NONE',  ( -12.17212331924979374, 3.942601531439184903, 36.06641209941517445 ) ) ;
#3476 = CARTESIAN_POINT ( 'NONE',  ( 3.259654270697158296, 0.4330127018922192983, 4.898367441826950497 ) ) ;
#3477 = ORIENTED_EDGE ( 'NONE', *, *, #1908, .F. ) ;
#3478 = FACE_OUTER_BOUND ( 'NONE', #2080, .T. ) ;
#3479 = CARTESIAN_POINT ( 'NONE',  ( -26.63010054717052100, 3.634926436880996370, 38.33911094173608802 ) ) ;
#3480 = CARTESIAN_POINT ( 'NONE',  ( 0.000000000000000000, 2.233653964774448220, -49.51716959534395812 ) ) ;
#3481 = CARTESIAN_POINT ( 'NONE',  ( 0.000000000000000000, 0.000000000000000000, -44.64836744182695583 ) ) ;
#3482 = VERTEX_POINT ( 'NONE', #2099 ) ;
#3483 = CARTESIAN_POINT ( 'NONE',  ( -22.19185360651546191, 2.876398391544783717, -14.23319879555825906 ) ) ;
#3484 = CARTESIAN_POINT ( 'NONE',  ( 37.32049076107684726, 3.942601531439184903, -7.491838037240475145 ) ) ;
#3485 = CARTESIAN_POINT ( 'NONE',  ( 48.28776061473340064, 3.578703642036711319, 15.10830979366630089 ) ) ;
#3486 = CARTESIAN_POINT ( 'NONE',  ( -0.2296111012232230630, 0.2051087478116109253, 28.50497564172621878 ) ) ;
#3487 = CARTESIAN_POINT ( 'NONE',  ( 0.3611638784269213254, 4.000000000000000888, 3.934117389603116965 ) ) ;
#3488 = VERTEX_POINT ( 'NONE', #3466 ) ;
#3489 = EDGE_CURVE ( 'NONE', #2123, #4136, #244, .T. ) ;
#3490 = CARTESIAN_POINT ( 'NONE',  ( -3.275428872468721497, 3.361188033496826044, -51.94538893292462944 ) ) ;
#3491 = CARTESIAN_POINT ( 'NONE',  ( -41.20824977698280378, -1.223094314791618675, 0.1063054766274432461 ) ) ;
#3492 = CARTESIAN_POINT ( 'NONE',  ( 27.82571739753477758, 0.000000000000000000, -12.39629772538623342 ) ) ;
#3493 = CARTESIAN_POINT ( 'NONE',  ( 0.000000000000000000, 0.9003206314411142941, -47.20776851858546053 ) ) ;
#3494 = CARTESIAN_POINT ( 'NONE',  ( 12.35914870556777601, -0.4169498590013696604, -41.72138723323369192 ) ) ;
#3495 = CARTESIAN_POINT ( 'NONE',  ( 41.16816431960700839, -0.5515774369035770786, 1.908155728191069489 ) ) ;
#3496 = CARTESIAN_POINT ( 'NONE',  ( -23.88485202694359799, 0.2706872044682611111, -14.38676241575028669 ) ) ;
#3497 = CARTESIAN_POINT ( 'NONE',  ( -2.714152686419625038, 3.211695684583434574, 25.36217831254786148 ) ) ;
#3498 = CARTESIAN_POINT ( 'NONE',  ( -24.64836744182695583, 0.000000000000000000, -16.77353637875038217 ) ) ;
#3499 = ORIENTED_EDGE ( 'NONE', *, *, #1516, .T. ) ;
#3500 = CARTESIAN_POINT ( 'NONE',  ( -1.224871081761706781, 2.417514034313064553, 26.91098111300398088 ) ) ;
#3501 = CARTESIAN_POINT ( 'NONE',  ( -11.05956495191028921, 3.986417851787035893, 35.45288873694818932 ) ) ;
#3502 = CARTESIAN_POINT ( 'NONE',  ( -42.28776061473298142, -0.4212963579631153199, 11.64420817852818324 ) ) ;
#3503 = CARTESIAN_POINT ( 'NONE',  ( 25.19921471545508140, -0.1654529541937863057, -23.32167065646075699 ) ) ;
#3504 = CARTESIAN_POINT ( 'NONE',  ( 31.22806039692656199, -0.4212963579631154865, 30.80017087224956995 ) ) ;
#3505 = CARTESIAN_POINT ( 'NONE',  ( 3.259274409416661536E-06, 4.368225035047765381, 22.43287431244450048 ) ) ;
#3506 = CARTESIAN_POINT ( 'NONE',  ( 45.19580740660008900, 3.514380078505771721, 0.8391505410555327726 ) ) ;
#3507 = CARTESIAN_POINT ( 'NONE',  ( -23.99574710972916591, 0.3592013296803596711, -11.85052501181165852 ) ) ;
#3508 = CARTESIAN_POINT ( 'NONE',  ( 6.069671810793631828, -0.08397117231272502313, 32.81044521756454202 ) ) ;
#3509 = CARTESIAN_POINT ( 'NONE',  ( 23.64029847277208063, 2.640867516611800969, -12.88400753057962156 ) ) ;
#3510 = ORIENTED_EDGE ( 'NONE', *, *, #4234, .F. ) ;
#3511 = CARTESIAN_POINT ( 'NONE',  ( -25.14836744182695583, 3.942601531439184903, -28.57457406217498175 ) ) ;
#3512 = CARTESIAN_POINT ( 'NONE',  ( -33.36463493971621119, -0.3797960949458827895, -10.89839943863016636 ) ) ;
#3513 = CARTESIAN_POINT ( 'NONE',  ( -24.60142449010199073, 0.1650327200318220111, -14.92797604243474296 ) ) ;
#3514 = CARTESIAN_POINT ( 'NONE',  ( -6.752412101283785439, -0.4287942102819946588, -43.97158882427522997 ) ) ;
#3515 = CARTESIAN_POINT ( 'NONE',  ( -40.29393253012159448, 0.000000000000000000, 0.5040085360345016863 ) ) ;
#3516 = B_SPLINE_SURFACE_WITH_KNOTS ( 'NONE', 1, 3, ( 
 ( #1367, #2724, #4110, #1051, #2460, #2746, #3894, #1827, #363, #4197, #1737, #437, #795, #413, #4132, #1119, #97, #774 ),
 ( #728, #3457, #2158, #3800, #2412, #3546, #3120, #456, #2136, #1458, #1808, #752, #1096, #32, #3524, #78, #2770, #2816 ) ),
 .UNSPECIFIED., .F., .F., .F.,
 ( 2, 2 ),
 ( 4, 2, 2, 2, 2, 2, 2, 2, 4 ),
 ( 0.000000000000000000, 1.000000000000000000 ),
 ( 0.000000000000000000, 0.06250000000000000000, 0.1250000000000000000, 0.1875000000000000000, 0.2500000000000000000, 0.3125000000000000000, 0.3750000000000000000, 0.4375000000000000000, 0.5000000000000000000 ),
 .UNSPECIFIED. ) ;
#3517 = CARTESIAN_POINT ( 'NONE',  ( 41.33686730631257689, 0.000000000000000000, 16.41611832430472973 ) ) ;
#3518 = CARTESIAN_POINT ( 'NONE',  ( -6.070451495483808024, 0.000000000000000000, 17.93772919430221791 ) ) ;
#3519 = CARTESIAN_POINT ( 'NONE',  ( -14.31714995677032043, 4.270841014166139260, 35.19792774860582085 ) ) ;
#3520 = ADVANCED_FACE ( 'NONE', ( #3195 ), #105, .F. ) ;
#3521 = CARTESIAN_POINT ( 'NONE',  ( 3.226463661652979376, 0.000000000000000000, 4.648367441826950497 ) ) ;
#3522 = ORIENTED_EDGE ( 'NONE', *, *, #927, .F. ) ;
#3523 = B_SPLINE_SURFACE_WITH_KNOTS ( 'NONE', 1, 3, ( 
 ( #2338, #3409, #930, #2286, #3771, #585, #3312, #655, #2021, #315, #2721, #1688, #2653, #3069, #3384, #2311, #4107, #221, #630, #3677, #1952, #271, #3335, #607, #3359, #3017 ),
 ( #4389, #977, #2676, #4060, #3722, #1996, #2505, #1049, #361, #28, #2457, #2133, #73, #95, #1432, #3094, #725, #1455, #750, #2788, #3865, #1408, #1070, #4152, #3476, #4129 ),
 ( #1712, #700, #3186, #6, #4216, #2766, #2433, #1138, #1388, #340, #410, #1759, #1477, #3889, #383, #2837, #2813, #1734, #1116, #1782, #435, #2043, #51, #3117, #3521, #2087 ) ),
 .UNSPECIFIED., .F., .F., .F.,
 ( 2, 1, 2 ),
 ( 4, 2, 2, 2, 2, 2, 2, 2, 2, 2, 2, 2, 4 ),
 ( -2.358194764306277946, 0.000000000000000000, 1.000000000000000000 ),
 ( 0.000000000000000000, 0.06250000000000000000, 0.1250000000000000000, 0.1562500000000000000, 0.1875000000000000000, 0.2187500000000000000, 0.2500000000000000000, 0.2812500000000000000, 0.3125000000000000000, 0.3437500000000000000, 0.3750000000000000000, 0.4375000000000000000, 0.5000000000000000000 ),
 .UNSPECIFIED. ) ;
#3524 = CARTESIAN_POINT ( 'NONE',  ( -10.87525838030651748, 4.000000000000000888, -8.054909632272707398 ) ) ;
#3525 = B_SPLINE_CURVE_WITH_KNOTS ( 'NONE', 3,
 ( #2195, #2643, #94, #117 ),
 .UNSPECIFIED., .F., .F.,
 ( 4, 4 ),
 ( 0.000000000000000000, 0.0009757992869638316708 ),
 .UNSPECIFIED. ) ;
#3526 = CARTESIAN_POINT ( 'NONE',  ( -5.526126343002085051, 4.208263815065651059, 31.32189021497558556 ) ) ;
#3527 = CARTESIAN_POINT ( 'NONE',  ( -19.12832848156343957, 3.550669847635488985, -12.05626743980602100 ) ) ;
#3528 = CARTESIAN_POINT ( 'NONE',  ( 19.86938082712509512, -0.3642118461358218040, -35.24466786619438352 ) ) ;
#3529 = CARTESIAN_POINT ( 'NONE',  ( 23.05985215864117777, 1.288709383540872722, -11.89867554841040409 ) ) ;
#3530 = CARTESIAN_POINT ( 'NONE',  ( 12.41338555689021383, 0.000000000000000000, -41.53740801636006097 ) ) ;
#3531 = CARTESIAN_POINT ( 'NONE',  ( 10.73544826945241049, 4.417476065291367604, -8.294811254190751271 ) ) ;
#3532 = CARTESIAN_POINT ( 'NONE',  ( 27.62258579085280275, 4.255750991661617633, -11.24192619098522705 ) ) ;
#3533 = CARTESIAN_POINT ( 'NONE',  ( -38.66662044212407778, 0.000000000000000000, 22.32418372091366265 ) ) ;
#3534 = CARTESIAN_POINT ( 'NONE',  ( 7.750250316111132243, 0.5966410967703731361, 13.31392138497135136 ) ) ;
#3535 = ORIENTED_EDGE ( 'NONE', *, *, #791, .T. ) ;
#3536 = CARTESIAN_POINT ( 'NONE',  ( -12.55124140045240821, 4.417476065291367604, -5.149765295264216114 ) ) ;
#3537 = CARTESIAN_POINT ( 'NONE',  ( 23.35998629421528605, 4.330016127894536382, -11.66256685284719730 ) ) ;
#3538 = CARTESIAN_POINT ( 'NONE',  ( 0.000000000000000000, 2.233653964774448220, -49.51716959534395812 ) ) ;
#3539 = CARTESIAN_POINT ( 'NONE',  ( -40.27985227295088322, 0.000000000000000000, 19.52998422553431368 ) ) ;
#3540 = LINE ( 'NONE', #2858, #2942 ) ;
#3541 = CARTESIAN_POINT ( 'NONE',  ( -1.040632990111760803, 4.427456607020170409, 8.277420848127933439 ) ) ;
#3542 = CARTESIAN_POINT ( 'NONE',  ( -4.670722976345040856, 0.6107472116695563669, -11.86997566993102282 ) ) ;
#3543 = CARTESIAN_POINT ( 'NONE',  ( -12.41338555689177525, 4.000000000000000888, -5.390795213940412722 ) ) ;
#3544 = ORIENTED_EDGE ( 'NONE', *, *, #1182, .T. ) ;
#3545 = EDGE_CURVE ( 'NONE', #2519, #2373, #1905, .T. ) ;
#3546 = CARTESIAN_POINT ( 'NONE',  ( -46.29393253012157317, 4.000000000000000888, 3.968110151172283384 ) ) ;
#3547 = CARTESIAN_POINT ( 'NONE',  ( -1.711742305577083512, 4.418356804600402477, 13.03302918231877960 ) ) ;
#3548 = CARTESIAN_POINT ( 'NONE',  ( 25.23008834136019729, 0.6950229483473121528, -13.06913659297408792 ) ) ;
#3549 = CARTESIAN_POINT ( 'NONE',  ( -7.148564526418202142E-14, 2.499999999999999556, -8.662213879358564128 ) ) ;
#3550 = CARTESIAN_POINT ( 'NONE',  ( 29.22868746502811277, -0.4140457171048876339, 31.89894560822829916 ) ) ;
#3551 = CARTESIAN_POINT ( 'NONE',  ( 24.64836744182696293, 0.000000000000000000, -23.22646362124937625 ) ) ;
#3552 = DIRECTION ( 'NONE',  ( 0.000000000000000000, 1.000000000000000000, 0.000000000000000000 ) ) ;
#3553 = CARTESIAN_POINT ( 'NONE',  ( -22.67508128597067696, -0.4490539079480689866, -31.18221510049600198 ) ) ;
#3554 = CARTESIAN_POINT ( 'NONE',  ( 8.950199084708975406, 2.109581438926040775, 0.3305734346169073579 ) ) ;
#3555 = B_SPLINE_SURFACE_WITH_KNOTS ( 'NONE', 1, 3, ( 
 ( #1890, #2953, #2614, #2557, #3937, #3793, #3090, #978, #3004, #835, #3393, #849, #1721, #15, #3806, #2800, #443, #419, #3506, #689, #4138, #2143, #3442, #3193, #350, #4161 ),
 ( #3781, #3852, #734, #3531, #106, #3831, #1814, #1792, #4182, #1464, #711, #2776, #1486, #3484, #2076, #2490, #1080, #1767, #59, #1103, #3173, #2751, #3875, #83, #2846, #2055 ),
 ( #1058, #3463, #1033, #3104, #369, #1419, #3125, #1396, #2397, #758, #779, #2418, #1744, #37, #3147, #2445, #2824, #2097, #395, #1441, #1125, #2466, #2118, #4205, #1834, #189 ),
 ( #207, #2913, #1873, #2186, #171, #4312, #2226, #3577, #4293, #149, #2933, #3620, #1209, #508, #1565, #487, #3240, #1854, #1188, #3217, #3920, #2558, #127, #2578, #801, #2204 ) ),
 .UNSPECIFIED., .F., .F., .F.,
 ( 2, 1, 1, 2 ),
 ( 4, 2, 2, 2, 2, 2, 2, 2, 2, 2, 2, 2, 4 ),
 ( -0.4752730432886636547, 0.000000000000000000, 1.000000000000000000, 3.394803126854601061 ),
 ( 0.5000000000000000000, 0.5625000000000000000, 0.6250000000000000000, 0.6562500000000000000, 0.6875000000000000000, 0.7187500000000000000, 0.7500000000000000000, 0.7812500000000000000, 0.8125000000000000000, 0.8437500000000000000, 0.8750000000000000000, 0.9375000000000000000, 1.000000000000000000 ),
 .UNSPECIFIED. ) ;
#3556 = CARTESIAN_POINT ( 'NONE',  ( 6.382626363253181445, 0.3770305844202267997, 18.04307450731167961 ) ) ;
#3557 = VERTEX_POINT ( 'NONE', #1856 ) ;
#3558 = B_SPLINE_CURVE_WITH_KNOTS ( 'NONE', 3,
 ( #2870, #1505, #2489, #2799, #4248, #4181, #2775, #3124, #1463, #1833, #3805, #733, #104, #1170 ),
 .UNSPECIFIED., .F., .F.,
 ( 4, 2, 2, 2, 2, 2, 4 ),
 ( -5.999999999742600709E-08, 0.001640059188847242016, 0.003280178377694481506, 0.004100237972118101794, 0.004920297566541721214, 0.005740357160965341501, 0.006560416755388960922 ),
 .UNSPECIFIED. ) ;
#3559 = CARTESIAN_POINT ( 'NONE',  ( -22.79761658966059201, 4.495793475504355818, -33.03253217913846385 ) ) ;
#3560 = CARTESIAN_POINT ( 'NONE',  ( 48.20070706793875814, 3.592836756011116961, 10.64163931013680653 ) ) ;
#3561 = CARTESIAN_POINT ( 'NONE',  ( -25.16333283249911190, 4.027616587356867228, -26.14993172490255446 ) ) ;
#3562 = CARTESIAN_POINT ( 'NONE',  ( 25.16333283249911901, 4.027616587357492506, -26.14993172490108009 ) ) ;
#3563 = CARTESIAN_POINT ( 'NONE',  ( -0.8246611040315726671, 4.071723427997166134, 8.299951832772491045 ) ) ;
#3564 = CARTESIAN_POINT ( 'NONE',  ( -6.382626363253072199, 0.3770305844207956780, 18.04307450730855322 ) ) ;
#3565 = CARTESIAN_POINT ( 'NONE',  ( -1.261573574670572073, 0.2335068429959112901, 26.85840653581093918 ) ) ;
#3566 = CARTESIAN_POINT ( 'NONE',  ( 23.85854058894079088, 4.000000000000000888, -33.31877867568739049 ) ) ;
#3567 = CARTESIAN_POINT ( 'NONE',  ( -2.955217334941787399, 1.017174976254442642, -9.183128944278871941 ) ) ;
#3568 = CARTESIAN_POINT ( 'NONE',  ( -7.824459725030907364, 4.000000000000000888, -5.706397874291734951 ) ) ;
#3569 = ORIENTED_EDGE ( 'NONE', *, *, #109, .F. ) ;
#3570 = CARTESIAN_POINT ( 'NONE',  ( -18.40454650155712102, 4.550857479618023227, -11.23387981945348457 ) ) ;
#3571 = CARTESIAN_POINT ( 'NONE',  ( -17.06492630063489102, 0.3306905631670723489, -15.02079728709002104 ) ) ;
#3572 = CARTESIAN_POINT ( 'NONE',  ( -32.14743248060355540, -0.09160397542548558147, -10.33551990364866846 ) ) ;
#3573 = CARTESIAN_POINT ( 'NONE',  ( 3.035766082959412415E-15, 0.000000000000000000, 4.648367441826950497 ) ) ;
#3574 = EDGE_CURVE ( 'NONE', #3209, #3984, #3159, .T. ) ;
#3575 = CARTESIAN_POINT ( 'NONE',  ( 22.85492205974608382, -0.3809711299300832521, 34.35099948237973422 ) ) ;
#3576 = CARTESIAN_POINT ( 'NONE',  ( 21.65245155745864025, 3.999999999999842348, -11.12702501236940300 ) ) ;
#3577 = CARTESIAN_POINT ( 'NONE',  ( 23.32136705718698622, 3.211695684573935949, -10.33056398007394883 ) ) ;
#3578 = CARTESIAN_POINT ( 'NONE',  ( -24.64836744182695583, 0.000000000000000000, -21.61323181062481424 ) ) ;
#3579 = CARTESIAN_POINT ( 'NONE',  ( -6.382626363253072199, 0.3770305844207956780, 18.04307450730855322 ) ) ;
#3580 = EDGE_CURVE ( 'NONE', #2668, #3488, #3940, .T. ) ;
#3581 = CARTESIAN_POINT ( 'NONE',  ( 22.08633335860539404, 3.400429254133092272, -13.51183067219233180 ) ) ;
#3582 = ORIENTED_EDGE ( 'NONE', *, *, #2962, .F. ) ;
#3583 = CARTESIAN_POINT ( 'NONE',  ( -3.146978687332300240, 5.036980172459229799, -50.97786989038882410 ) ) ;
#3584 = CARTESIAN_POINT ( 'NONE',  ( 2.612283506344129425, 0.4330127018922192983, -5.272127126891664517 ) ) ;
#3585 = CARTESIAN_POINT ( 'NONE',  ( -4.556927304252124777, 3.568295779662942202, -51.51219224867462998 ) ) ;
#3586 = DIRECTION ( 'NONE',  ( 0.000000000000000000, 0.000000000000000000, 1.000000000000000000 ) ) ;
#3587 = CARTESIAN_POINT ( 'NONE',  ( -23.84870662335705305, 0.01669519882938524935, -13.80644001215273065 ) ) ;
#3588 = CARTESIAN_POINT ( 'NONE',  ( -7.655068985325310216, 0.5966410967682395095, -13.36887435192977414 ) ) ;
#3589 = CARTESIAN_POINT ( 'NONE',  ( -21.14501255947426017, 3.654546820220525571, -40.47827897129919705 ) ) ;
#3590 = CARTESIAN_POINT ( 'NONE',  ( -24.00683636230791507, 4.000000000000000888, -20.47654507750154806 ) ) ;
#3591 = CARTESIAN_POINT ( 'NONE',  ( 23.84610510151616225, 0.000000000000000000, -13.76755519951485596 ) ) ;
#3592 = B_SPLINE_CURVE_WITH_KNOTS ( 'NONE', 3,
 ( #3505, #2096, #1485, #2845 ),
 .UNSPECIFIED., .F., .F.,
 ( 4, 4 ),
 ( 0.000000000000000000, 0.0004609455874437988856 ),
 .UNSPECIFIED. ) ;
#3593 = CARTESIAN_POINT ( 'NONE',  ( -3.295549125937132118, 4.632649698626894796, -1.878907895675117734 ) ) ;
#3594 = CARTESIAN_POINT ( 'NONE',  ( -17.15670032914916021, 1.687898687731262504, -13.82493525175119586 ) ) ;
#3595 = CARTESIAN_POINT ( 'NONE',  ( -37.91339308203816216, 2.505464550935145418, -6.550554030264533978 ) ) ;
#3596 = CARTESIAN_POINT ( 'NONE',  ( 22.15476510282859124, 0.000000000000000000, -30.92295370586326086 ) ) ;
#3597 = CARTESIAN_POINT ( 'NONE',  ( 22.34486710869811787, 3.703141694250997595, -11.44672638272189857 ) ) ;
#3598 = CARTESIAN_POINT ( 'NONE',  ( 4.454553045873943518E-12, 0.2664082949584833382, 28.47373934511142934 ) ) ;
#3599 = FACE_OUTER_BOUND ( 'NONE', #153, .T. ) ;
#3600 = CARTESIAN_POINT ( 'NONE',  ( -6.516605319551064035, 0.4305529461518225465, 4.255416221669054977 ) ) ;
#3601 = AXIS2_PLACEMENT_3D ( 'NONE', #3396, #2032, #3056 ) ;
#3602 = CARTESIAN_POINT ( 'NONE',  ( 6.393424084969741017, 0.000000000000000000, 32.15272827174769077 ) ) ;
#3603 = CARTESIAN_POINT ( 'NONE',  ( -20.58011490736486238, 4.308934285230076711, -12.62583681231968136 ) ) ;
#3604 = CARTESIAN_POINT ( 'NONE',  ( 5.871937777371321054, 0.4330127018922192983, 0.3737596856362617181 ) ) ;
#3605 = ADVANCED_FACE ( 'NONE', ( #532 ), #1118, .T. ) ;
#3606 = CARTESIAN_POINT ( 'NONE',  ( -18.56975491621482277, 4.000000000000000888, -43.21650384064779615 ) ) ;
#3607 = CARTESIAN_POINT ( 'NONE',  ( 4.025604290746611191, 0.000000000000000000, -2.324183720913497009 ) ) ;
#3608 = B_SPLINE_CURVE_WITH_KNOTS ( 'NONE', 3,
 ( #241, #3063, #2038, #2717 ),
 .UNSPECIFIED., .F., .F.,
 ( 4, 4 ),
 ( 0.000000000000000000, 1.000000000000000000 ),
 .UNSPECIFIED. ) ;
#3609 = CARTESIAN_POINT ( 'NONE',  ( 24.00683636230733597, 0.000000000000000000, -26.45165815277633214 ) ) ;
#3610 = CARTESIAN_POINT ( 'NONE',  ( -1.261573574670572073, 0.2335068429959112901, 26.85840653581093918 ) ) ;
#3611 = CARTESIAN_POINT ( 'NONE',  ( 3.035766082959412415E-15, 4.000000000000000888, -2.279835788448557388 ) ) ;
#3612 = CARTESIAN_POINT ( 'NONE',  ( 24.15570972197991750, -0.2266981918465447998, -27.18953466453744383 ) ) ;
#3613 = CARTESIAN_POINT ( 'NONE',  ( -42.22327248838796265, 3.754468043482170447, -3.108750861165364920 ) ) ;
#3614 = CARTESIAN_POINT ( 'NONE',  ( 19.99502896563287280, 3.467871234060328600, -42.26981797531875884 ) ) ;
#3615 = CARTESIAN_POINT ( 'NONE',  ( -15.15670032914916199, 0.3545653543979277456, -14.97963579013045887 ) ) ;
#3616 = CARTESIAN_POINT ( 'NONE',  ( -39.11627238484314972, 1.057768120954561963, -4.395189365298841189 ) ) ;
#3617 = CARTESIAN_POINT ( 'NONE',  ( -18.95945139961469295, 0.3068623733377438545, -15.05819661048844971 ) ) ;
#3618 = CARTESIAN_POINT ( 'NONE',  ( 13.46897287557803757, 1.106635141486801865, 35.66892613632565912 ) ) ;
#3619 = CARTESIAN_POINT ( 'NONE',  ( 19.42744066411834680, 4.368225035048057592, -11.21643433360700648 ) ) ;
#3620 = CARTESIAN_POINT ( 'NONE',  ( 32.32386619460163502, 3.729158985830548279, -8.269724518317447703 ) ) ;
#3621 = CARTESIAN_POINT ( 'NONE',  ( 10.64562499954336872, 4.422153564402158565, -4.288069572166083532 ) ) ;
#3622 = B_SPLINE_CURVE_WITH_KNOTS ( 'NONE', 1,
 ( #886, #866 ),
 .UNSPECIFIED., .F., .F.,
 ( 2, 2 ),
 ( 0.000000000000000000, 1.000000000000000000 ),
 .UNSPECIFIED. ) ;
#3623 = CARTESIAN_POINT ( 'NONE',  ( 24.17569356792596480, 0.2732552095852283647, -12.88018590129766494 ) ) ;
#3624 = CARTESIAN_POINT ( 'NONE',  ( 19.71048206913087597, 4.000000000000000888, -42.07577668775414281 ) ) ;
#3625 = ORIENTED_EDGE ( 'NONE', *, *, #288, .F. ) ;
#3626 = CARTESIAN_POINT ( 'NONE',  ( -3.146978685757180649, 2.963019827540771090, -2.878536570162198327 ) ) ;
#3627 = CARTESIAN_POINT ( 'NONE',  ( 33.91339308203923508, -0.1612021157314530162, -8.859955107022766896 ) ) ;
#3628 = CARTESIAN_POINT ( 'NONE',  ( -19.88759376046792227, 3.634926436880995926, -42.23189905005168043 ) ) ;
#3629 = CARTESIAN_POINT ( 'NONE',  ( 26.81649953964657840, 0.000000000000000000, 32.97342445440199299 ) ) ;
#3630 = EDGE_CURVE ( 'NONE', #4374, #772, #2716, .T. ) ;
#3631 = CARTESIAN_POINT ( 'NONE',  ( -25.22871872488873635, 0.1650327200322860011, -13.84147055648907276 ) ) ;
#3632 = CARTESIAN_POINT ( 'NONE',  ( 3.226463661653574011, 4.000000000000000888, -51.57657067210246282 ) ) ;
#3633 = CARTESIAN_POINT ( 'NONE',  ( -20.05756569039992243, 4.000000000000000888, -11.17946330630176632 ) ) ;
#3634 = CARTESIAN_POINT ( 'NONE',  ( -46.60425066278657624, 3.467871234060334817, 3.818705954015839232 ) ) ;
#3635 = CARTESIAN_POINT ( 'NONE',  ( 21.71595423797081637, 3.670827089464846704, -39.46996790530453580 ) ) ;
#3636 = CARTESIAN_POINT ( 'NONE',  ( -19.15670032914914600, 3.021232021064593987, -12.67023471337193641 ) ) ;
#3637 = B_SPLINE_CURVE_WITH_KNOTS ( 'NONE', 3,
 ( #1385, #3816, #2334, #975, #722, #1044, #3720, #3115 ),
 .UNSPECIFIED., .F., .F.,
 ( 4, 2, 2, 4 ),
 ( 0.000000000000000000, 0.0004519839018542398733, 0.0009039678037084797465, 0.001807935607416950603 ),
 .UNSPECIFIED. ) ;
#3638 = CARTESIAN_POINT ( 'NONE',  ( -31.22817159724230152, 1.360949920690837089, -11.02652069113523581 ) ) ;
#3639 = CARTESIAN_POINT ( 'NONE',  ( 12.41338555689021383, 0.000000000000000000, -41.53740801636006097 ) ) ;
#3640 = CARTESIAN_POINT ( 'NONE',  ( 29.07974357230476059, 2.269797969925335224, 36.13639071491329702 ) ) ;
#3641 = CARTESIAN_POINT ( 'NONE',  ( 20.40872826029831089, 3.665106766268343197, -10.68528790010227425 ) ) ;
#3642 = CARTESIAN_POINT ( 'NONE',  ( 38.88312679307049535, -0.4330127018922192428, 22.44918372091311909 ) ) ;
#3643 = CARTESIAN_POINT ( 'NONE',  ( -3.226463661654748183, 0.000000000000000000, 4.648367441826950497 ) ) ;
#3644 = CARTESIAN_POINT ( 'NONE',  ( 6.172123319250684581, -0.05739846856187472840, 32.60231048427755240 ) ) ;
#3645 = ORIENTED_EDGE ( 'NONE', *, *, #2047, .F. ) ;
#3646 = CARTESIAN_POINT ( 'NONE',  ( -18.94419225335342460, 3.127784332036221748, -12.39738712218767702 ) ) ;
#3647 = CARTESIAN_POINT ( 'NONE',  ( -12.43444770407799815, 0.3770305844207956780, -14.54905382709577921 ) ) ;
#3648 = CARTESIAN_POINT ( 'NONE',  ( -20.58345046096402697, 0.000000000000000000, 34.64356492143513577 ) ) ;
#3649 = ORIENTED_EDGE ( 'NONE', *, *, #2261, .F. ) ;
#3650 = FACE_OUTER_BOUND ( 'NONE', #2230, .T. ) ;
#3651 = CARTESIAN_POINT ( 'NONE',  ( -25.16979987166884314, 4.019227964613177662, -26.39040281970067525 ) ) ;
#3652 = CARTESIAN_POINT ( 'NONE',  ( -23.31640507559750830, 4.480935413063965811, -11.78756137367855850 ) ) ;
#3653 = CARTESIAN_POINT ( 'NONE',  ( 25.37888838943691638, 4.083861567290361982, -25.26655392120107280 ) ) ;
#3654 = EDGE_CURVE ( 'NONE', #1434, #1826, #1369, .T. ) ;
#3655 = CARTESIAN_POINT ( 'NONE',  ( -13.71433499347392626, 4.409041426144887588, -9.864224816614953539 ) ) ;
#3656 = CARTESIAN_POINT ( 'NONE',  ( -34.14743248060377567, 1.241729357907864095, -9.180819365269281107 ) ) ;
#3657 = CARTESIAN_POINT ( 'NONE',  ( 44.88312679307052377, 3.566987298107781701, 25.91328533605081219 ) ) ;
#3658 = CARTESIAN_POINT ( 'NONE',  ( 24.77289977006897814, 1.399903839334146749, -12.85857150880755917 ) ) ;
#3659 = CARTESIAN_POINT ( 'NONE',  ( -43.05338861129667549, 4.000000000000000888, 28.58248483143180962 ) ) ;
#3660 = CARTESIAN_POINT ( 'NONE',  ( -22.51042706701981189, 0.3069506582811126760, -8.899828248949043896 ) ) ;
#3661 = CARTESIAN_POINT ( 'NONE',  ( -7.439317087571840403, 4.425736314879883615, -5.727444502988910280 ) ) ;
#3662 = CARTESIAN_POINT ( 'NONE',  ( 12.41338555688941803, 4.000000000000000888, -5.390795213928639029 ) ) ;
#3663 = B_SPLINE_CURVE_WITH_KNOTS ( 'NONE', 3,
 ( #3591, #696, #2693, #242 ),
 .UNSPECIFIED., .F., .F.,
 ( 4, 4 ),
 ( 0.000000000000000000, 0.0009757992869638110710 ),
 .UNSPECIFIED. ) ;
#3664 = ORIENTED_EDGE ( 'NONE', *, *, #702, .F. ) ;
#3665 = DIRECTION ( 'NONE',  ( 1.224646799147349509E-16, 0.000000000000000000, -1.000000000000000000 ) ) ;
#3666 = CARTESIAN_POINT ( 'NONE',  ( -38.18875233197839947, -0.3069506582811410977, -3.944515814551069699 ) ) ;
#3667 = CARTESIAN_POINT ( 'NONE',  ( -1.815793130648091669, 4.417476065449117861, 13.44457654864001128 ) ) ;
#3668 = CARTESIAN_POINT ( 'NONE',  ( -44.14813035590068324, 5.036980172446750892, 25.48893494519822767 ) ) ;
#3669 = CARTESIAN_POINT ( 'NONE',  ( 17.65740509005711090, 3.768809534301484021, 38.01886332485571529 ) ) ;
#3670 = ORIENTED_EDGE ( 'NONE', *, *, #3915, .T. ) ;
#3671 = CARTESIAN_POINT ( 'NONE',  ( 6.451658152779113031, 4.000000000000000888, -2.921366867979366955 ) ) ;
#3672 = CARTESIAN_POINT ( 'NONE',  ( 21.66709628855953085, 3.551532228488085696, 38.69164822521091907 ) ) ;
#3673 = B_SPLINE_CURVE_WITH_KNOTS ( 'NONE', 3,
 ( #3205, #3843, #748, #408, #1453, #2272, #573, #3246, #1213, #2895 ),
 .UNSPECIFIED., .F., .F.,
 ( 4, 3, 3, 4 ),
 ( 0.000000000000000000, 0.0002521925584496123324, 0.0004100818023545925624, 0.0005679818373962577591 ),
 .UNSPECIFIED. ) ;
#3674 = CARTESIAN_POINT ( 'NONE',  ( 10.99769611145999804, 3.578555280457072829, -49.40144655888011727 ) ) ;
#3675 = CARTESIAN_POINT ( 'NONE',  ( 12.61479871983520873, 3.390049978357928318, -48.81776605582283679 ) ) ;
#3676 = CARTESIAN_POINT ( 'NONE',  ( -1.620594632320493833, 4.074654938216281330, 8.209910768854097540 ) ) ;
#3677 = CARTESIAN_POINT ( 'NONE',  ( 20.51206164517228814, 1.223094314793154558, -4.259456109329532225 ) ) ;
#3678 = EDGE_CURVE ( 'NONE', #2422, #3209, #681, .T. ) ;
#3679 = CARTESIAN_POINT ( 'NONE',  ( 10.19113907513150252, 1.204879255659286663, 34.59734397603143918 ) ) ;
#3680 = CARTESIAN_POINT ( 'NONE',  ( 19.98904233741637881, 4.429495853414182172, -11.81456740608601663 ) ) ;
#3681 = CARTESIAN_POINT ( 'NONE',  ( -6.421636880517547219, 1.454140988372568444, 0.1467690790075174834 ) ) ;
#3682 = CARTESIAN_POINT ( 'NONE',  ( -9.122893442423473331, 1.241729357907888742, 34.16295368485209849 ) ) ;
#3683 = CARTESIAN_POINT ( 'NONE',  ( 20.39802171206945047, 3.024005324310804710, -10.03414012426064694 ) ) ;
#3684 = CARTESIAN_POINT ( 'NONE',  ( -6.930551414939950305, 3.302056473260656766, -6.431830674237783541 ) ) ;
#3685 = CARTESIAN_POINT ( 'NONE',  ( -0.6958511549451785738, 4.000000000000000888, 7.047983290829386682 ) ) ;
#3686 = CARTESIAN_POINT ( 'NONE',  ( -48.28175575941947528, 3.578555280457071941, 15.17643906381449881 ) ) ;
#3687 = CARTESIAN_POINT ( 'NONE',  ( 40.88520915353294072, 4.000000000000000888, 31.05481965311787107 ) ) ;
#3688 = CARTESIAN_POINT ( 'NONE',  ( 43.45671901722830910, 0.9045391230513393221, 17.29273453398327121 ) ) ;
#3689 = CARTESIAN_POINT ( 'NONE',  ( 12.17212331925071389, 3.942601531438126639, 36.06641209941524551 ) ) ;
#3690 = CARTESIAN_POINT ( 'NONE',  ( -40.51295392875103829, -0.4330127018922192428, 19.62624031436000749 ) ) ;
#3691 = CARTESIAN_POINT ( 'NONE',  ( -3.177349955713651752, 0.000000000000000000, 30.29592700748822054 ) ) ;
#3692 = ORIENTED_EDGE ( 'NONE', *, *, #1691, .F. ) ;
#3693 = CARTESIAN_POINT ( 'NONE',  ( -3.441057007497303033, 3.091403895156843440, 8.925530964526407374 ) ) ;
#3694 = CARTESIAN_POINT ( 'NONE',  ( -6.023341169598975142, 0.5974977509445031920, 6.050654614454816560 ) ) ;
#3695 = CARTESIAN_POINT ( 'NONE',  ( 11.05970021780667167, 2.245370308703551920, -47.06318120429489227 ) ) ;
#3696 = CARTESIAN_POINT ( 'NONE',  ( -44.71208597367301962, 4.000000000000000888, 1.116235054804900262 ) ) ;
#3697 = CARTESIAN_POINT ( 'NONE',  ( -21.53740801633509960, 0.000000000000000000, -32.41338555688898282 ) ) ;
#3698 = CARTESIAN_POINT ( 'NONE',  ( -28.23739262111852710, 3.443776942313028222, 38.16668005241773187 ) ) ;
#3699 = CARTESIAN_POINT ( 'NONE',  ( -27.62258579085115429, 4.255750991660470994, -11.24192619098272061 ) ) ;
#3700 = CARTESIAN_POINT ( 'NONE',  ( 33.22868746502813053, 2.252620949561779717, 34.20834668498676479 ) ) ;
#3701 = CARTESIAN_POINT ( 'NONE',  ( -2.537502638302546897E-12, 3.241516590414330157, 25.03631687180833509 ) ) ;
#3702 = CARTESIAN_POINT ( 'NONE',  ( -0.3470836212674694998, 4.000000000000000888, 22.96009307911618791 ) ) ;
#3703 = CARTESIAN_POINT ( 'NONE',  ( 1.924500773436518708, 0.2557509916616242940, 26.07872249344812587 ) ) ;
#3704 = CARTESIAN_POINT ( 'NONE',  ( 19.16555386381843817, 4.373648282414610122, -10.78428277739325658 ) ) ;
#3705 = CARTESIAN_POINT ( 'NONE',  ( -24.09519420763502140, 1.239321247680502669, -14.66434968240375447 ) ) ;
#3706 = ORIENTED_EDGE ( 'NONE', *, *, #900, .F. ) ;
#3707 = CARTESIAN_POINT ( 'NONE',  ( -37.19300001901031294, -0.2772915614406564200, -5.389347797278892571 ) ) ;
#3708 = CARTESIAN_POINT ( 'NONE',  ( -22.31269923163997859, 2.777033173061233651, -14.30051935111074712 ) ) ;
#3709 = CARTESIAN_POINT ( 'NONE',  ( 44.51769430763848590, 2.301593103547696195, 2.738087569936002108 ) ) ;
#3710 = EDGE_CURVE ( 'NONE', #4317, #709, #1496, .T. ) ;
#3711 = CARTESIAN_POINT ( 'NONE',  ( -2.043275713507378466, 0.1064927532678021788, -9.427202433748764321 ) ) ;
#3712 = CARTESIAN_POINT ( 'NONE',  ( 41.76493627614444648, -0.3950019760153651305, 4.650612682539395415 ) ) ;
#3713 = AXIS2_PLACEMENT_3D ( 'NONE', #2026, #4416, #3073 ) ;
#3714 = ORIENTED_EDGE ( 'NONE', *, *, #132, .F. ) ;
#3715 = CARTESIAN_POINT ( 'NONE',  ( -1.278513799533012030, 4.000000000000000888, 24.49213764704705198 ) ) ;
#3716 = CARTESIAN_POINT ( 'NONE',  ( -25.16333283249911190, 0.02761658735686673208, -19.22172849462704747 ) ) ;
#3717 = CARTESIAN_POINT ( 'NONE',  ( -22.12408587550310557, 3.363290537874176422, -13.53356630526041471 ) ) ;
#3718 = CARTESIAN_POINT ( 'NONE',  ( 0.000000000000000000, 0.9003206314411142941, -47.20776851858546053 ) ) ;
#3719 = CARTESIAN_POINT ( 'NONE',  ( 35.25966742130487575, -0.3028732389138975578, -7.940656648825429542 ) ) ;
#3720 = CARTESIAN_POINT ( 'NONE',  ( -22.92664057106602016, 0.2265633524815170163, -14.46097956515570182 ) ) ;
#3721 = CARTESIAN_POINT ( 'NONE',  ( -26.88951911362175551, 4.274456471029155935, -11.42366500000936647 ) ) ;
#3722 = CARTESIAN_POINT ( 'NONE',  ( 15.32375554846317023, -0.4078338350237947219, -39.94594504354411413 ) ) ;
#3723 = CARTESIAN_POINT ( 'NONE',  ( -24.48271161088124259, 3.654546820220523351, 38.55125752549545126 ) ) ;
#3724 = CARTESIAN_POINT ( 'NONE',  ( 20.20704892473069592, 4.371226694059363815, -12.18800804607939980 ) ) ;
#3725 = CARTESIAN_POINT ( 'NONE',  ( 22.20656844730565993, -0.3770305844203551970, 34.54905382709884520 ) ) ;
#3726 = CARTESIAN_POINT ( 'NONE',  ( -22.63010054716996322, 0.9682597702143994622, 36.02970986497740569 ) ) ;
#3727 = CARTESIAN_POINT ( 'NONE',  ( 23.93507420680938935, 1.563649091779360845, -14.77998500213639232 ) ) ;
#3728 = CARTESIAN_POINT ( 'NONE',  ( -24.53497593065791094, -0.08593318638075658766, -14.16527495812197834 ) ) ;
#3729 = ORIENTED_EDGE ( 'NONE', *, *, #1516, .F. ) ;
#3730 = CARTESIAN_POINT ( 'NONE',  ( 5.638836121574000160, 0.000000000000000000, 0.4700157744668702620 ) ) ;
#3731 = CARTESIAN_POINT ( 'NONE',  ( -21.09653058668914127, 4.352813373152730314, -11.43796970885623132 ) ) ;
#3732 = CARTESIAN_POINT ( 'NONE',  ( 23.32273090089244505, 4.000000000000000888, 38.16368478199215275 ) ) ;
#3733 = CARTESIAN_POINT ( 'NONE',  ( 35.19015862015023544, 2.614073604847443555, -8.664699765292379396 ) ) ;
#3734 = DIRECTION ( 'NONE',  ( 0.000000000000000000, 1.000000000000000000, 0.000000000000000000 ) ) ;
#3735 = CARTESIAN_POINT ( 'NONE',  ( 24.55199960975554774, 0.2892997671469998977, -14.90343087768295760 ) ) ;
#3736 =( BOUNDED_SURFACE ( )  B_SPLINE_SURFACE ( 3, 2, ( 
 ( #739, #1509, #2122 ),
 ( #467, #4276, #3923 ),
 ( #4252, #2493, #2562 ),
 ( #491, #761, #3151 ),
 ( #3581, #2850, #3878 ),
 ( #1530, #422, #3509 ),
 ( #1444, #3942, #512 ),
 ( #2875, #1174, #2146 ),
 ( #826, #2803, #2542 ),
 ( #2189, #4185, #783 ) ),
 .UNSPECIFIED., .F., .F., .T. ) 
 B_SPLINE_SURFACE_WITH_KNOTS ( ( 4, 2, 2, 2, 4 ),
 ( 3, 3 ),
 ( 0.01097268472078515543, 0.01302916379210061412, 0.01508564286341607108, 0.01714212193473152804, 0.01919860100604698500 ),
 ( 0.000000000000000000, 1.000000000000000000 ),
 .UNSPECIFIED. ) 
 GEOMETRIC_REPRESENTATION_ITEM ( )  RATIONAL_B_SPLINE_SURFACE ( (
 ( 1.000000000000000000, 0.7747669861983945694, 1.000000000000000000),
 ( 1.000000000000000000, 0.7697665390130952190, 1.000000000000000000),
 ( 1.000000000000000000, 0.7648533366256455857, 1.000000000000000000),
 ( 1.000000000000000000, 0.7563201249610165267, 1.000000000000000000),
 ( 1.000000000000000000, 0.7526533903598922048, 1.000000000000000000),
 ( 1.000000000000000000, 0.7492684064407557631, 1.000000000000000000),
 ( 1.000000000000000000, 0.7495504044140430810, 1.000000000000000000),
 ( 1.000000000000000000, 0.7581593317800499054, 1.000000000000000000),
 ( 1.000000000000000000, 0.7665388620519995033, 1.000000000000000000),
 ( 1.000000000000000000, 0.7797042457437024510, 1.000000000000000000) ) ) 
 REPRESENTATION_ITEM ( '' )  SURFACE ( )  );
#3737 = ORIENTED_EDGE ( 'NONE', *, *, #2407, .T. ) ;
#3738 = EDGE_CURVE ( 'NONE', #1826, #2169, #2586, .T. ) ;
#3739 = B_SPLINE_CURVE_WITH_KNOTS ( 'NONE', 3,
 ( #4133, #4220, #2771, #2049 ),
 .UNSPECIFIED., .F., .F.,
 ( 4, 4 ),
 ( 0.000000000000000000, 1.000000000000000000 ),
 .UNSPECIFIED. ) ;
#3740 = CARTESIAN_POINT ( 'NONE',  ( -4.782661556451416551, 1.720362570865618723, 17.65736508588691223 ) ) ;
#3741 = CARTESIAN_POINT ( 'NONE',  ( -3.034923590435522289, 2.595962502747736877, 7.830311106616721695 ) ) ;
#3742 = FACE_OUTER_BOUND ( 'NONE', #992, .T. ) ;
#3743 = CARTESIAN_POINT ( 'NONE',  ( 24.88205943688037536, 2.809815112978873319, -20.40018920704539340 ) ) ;
#3744 = CARTESIAN_POINT ( 'NONE',  ( -4.342342568920612322, 0.6334765563479267669, -2.507052651079828554 ) ) ;
#3745 = CARTESIAN_POINT ( 'NONE',  ( -23.32462938945377218, 3.514380078508942962, 38.72114208813305680 ) ) ;
#3746 = CARTESIAN_POINT ( 'NONE',  ( -48.28776061473296011, 3.578703642036884958, 15.10830979366596338 ) ) ;
#3747 = B_SPLINE_CURVE_WITH_KNOTS ( 'NONE', 3,
 ( #3007, #1303, #2377, #2666, #967, #2324, #3711, #4097, #623, #666 ),
 .UNSPECIFIED., .F., .F.,
 ( 4, 3, 3, 4 ),
 ( 0.000000000000000000, 0.0002719625214368000385, 0.0004079610193604202555, 0.0005439647294431388920 ),
 .UNSPECIFIED. ) ;
#3748 = CARTESIAN_POINT ( 'NONE',  ( 28.85492205974593460, 3.619028870069952220, 37.81510109751741311 ) ) ;
#3749 = CARTESIAN_POINT ( 'NONE',  ( -0.6622915328250490452, 2.640863010650394749, 26.91599883426772877 ) ) ;
#3750 = CARTESIAN_POINT ( 'NONE',  ( -5.226052376868979721, 2.809815112977410045, 31.74859017433943720 ) ) ;
#3751 = CARTESIAN_POINT ( 'NONE',  ( 28.20656844730558888, 3.622969415579708752, 38.01315544223664489 ) ) ;
#3752 = CARTESIAN_POINT ( 'NONE',  ( 23.31850057445654301, 4.275940730276758472, -17.51454565322441681 ) ) ;
#3753 = CARTESIAN_POINT ( 'NONE',  ( 20.22810661941242927, 4.429165163580272235, -11.40368745882881285 ) ) ;
#3754 = ORIENTED_EDGE ( 'NONE', *, *, #1807, .F. ) ;
#3755 = CARTESIAN_POINT ( 'NONE',  ( -42.26219752223537540, -0.4112937847037866357, 8.304536283706728028 ) ) ;
#3756 = CARTESIAN_POINT ( 'NONE',  ( -45.62772417035836980, 3.654546820221271197, 1.927021445805596533 ) ) ;
#3757 = CARTESIAN_POINT ( 'NONE',  ( 25.62258579085278853, 2.922417658328283263, -12.39662672936445986 ) ) ;
#3758 = CARTESIAN_POINT ( 'NONE',  ( -41.96407299710249106, 0.000000000000000000, 6.737057614706453812 ) ) ;
#3759 = CARTESIAN_POINT ( 'NONE',  ( 24.38579279829611934, 0.6562437191852461549, -14.81780806090295854 ) ) ;
#3760 = EDGE_LOOP ( 'NONE', ( #35, #1347, #751, #4428 ) ) ;
#3761 = CARTESIAN_POINT ( 'NONE',  ( -7.010371861464218313, 0.4276489920905435782, 4.675139971095495284 ) ) ;
#3762 = CARTESIAN_POINT ( 'NONE',  ( -7.246536270349990261E-14, 2.499999999999999556, -0.6622138793585634620 ) ) ;
#3763 = EDGE_CURVE ( 'NONE', #848, #412, #2341, .T. ) ;
#3764 = CARTESIAN_POINT ( 'NONE',  ( 3.177349955709878770, 0.000000000000000000, 30.29592700748575496 ) ) ;
#3765 = CARTESIAN_POINT ( 'NONE',  ( 32.98572599120052473, 3.404137680745706440, 36.83245979830655870 ) ) ;
#3766 = CARTESIAN_POINT ( 'NONE',  ( 21.61895409700798609, 0.3339231858150675247, -7.199567543014552484 ) ) ;
#3767 = CARTESIAN_POINT ( 'NONE',  ( 25.16979987166902077, 4.019227964613675930, -26.39040281969923285 ) ) ;
#3768 = CARTESIAN_POINT ( 'NONE',  ( 0.000000000000000000, 4.000000000000000888, -51.57657067210246282 ) ) ;
#3769 = CARTESIAN_POINT ( 'NONE',  ( -43.25329965772043295, 3.566987298107781701, 28.73622874203159583 ) ) ;
#3770 = EDGE_CURVE ( 'NONE', #3085, #309, #2659, .T. ) ;
#3771 = CARTESIAN_POINT ( 'NONE',  ( 15.73922723304023741, -1.369585449483857742, -40.50121259704617671 ) ) ;
#3772 = CARTESIAN_POINT ( 'NONE',  ( -46.29393253012157317, 4.000000000000000888, 3.968110151172283384 ) ) ;
#3773 = VERTEX_POINT ( 'NONE', #439 ) ;
#3774 = CARTESIAN_POINT ( 'NONE',  ( -4.198503171728805938, 0.000000000000000000, 22.44524969537813774 ) ) ;
#3775 = CYLINDRICAL_SURFACE ( 'NONE', #3713, 9.000000000000000000 ) ;
#3776 = CARTESIAN_POINT ( 'NONE',  ( -35.22806039692704871, 2.245370308703378726, 33.10957194900827716 ) ) ;
#3777 = CARTESIAN_POINT ( 'NONE',  ( 23.31850057445654301, 1.609274063610092398, -12.89574349970741984 ) ) ;
#3778 = CARTESIAN_POINT ( 'NONE',  ( 25.14836744182696293, -0.05739846856187472840, -21.64637083189996503 ) ) ;
#3779 = ORIENTED_EDGE ( 'NONE', *, *, #1989, .F. ) ;
#3780 = CARTESIAN_POINT ( 'NONE',  ( 4.025604290746611191, 0.000000000000000000, -2.324183720913497009 ) ) ;
#3781 = CARTESIAN_POINT ( 'NONE',  ( 1.757889358307273886, 4.433012701892220520, 1.014917894224264927 ) ) ;
#3782 = CARTESIAN_POINT ( 'NONE',  ( 44.28776061473337933, 0.9120369753700444670, 12.79890871690784060 ) ) ;
#3783 = CARTESIAN_POINT ( 'NONE',  ( -40.71146764686682218, 0.000000000000000000, 2.062270805702488996 ) ) ;
#3784 = CARTESIAN_POINT ( 'NONE',  ( 13.79052381516392067, 4.000000000000000888, 36.42344579219771816 ) ) ;
#3785 = ORIENTED_EDGE ( 'NONE', *, *, #204, .T. ) ;
#3786 = CARTESIAN_POINT ( 'NONE',  ( -26.58345046096401632, 4.000000000000000888, 38.10766653657292125 ) ) ;
#3787 = CARTESIAN_POINT ( 'NONE',  ( 25.87127539194636938, 0.000000000000000000, -13.21077068255675080 ) ) ;
#3788 = CARTESIAN_POINT ( 'NONE',  ( -22.73168367936294842, 0.3032381682575974735, -9.226881699876107845 ) ) ;
#3789 = CARTESIAN_POINT ( 'NONE',  ( 23.27103128827813450, 0.2780609913793627985, -10.47835608951582209 ) ) ;
#3790 = CARTESIAN_POINT ( 'NONE',  ( 21.61895409700798609, 1.667256519148401228, -9.508968619773055408 ) ) ;
#3791 = AXIS2_PLACEMENT_3D ( 'NONE', #3762, #743, #1039 ) ;
#3792 = CARTESIAN_POINT ( 'NONE',  ( 35.10919897765378295, -0.2070289076979252019, -7.790709160341649842 ) ) ;
#3793 = CARTESIAN_POINT ( 'NONE',  ( 18.40362353025347986, 4.556223057690532485, -11.23847682214842969 ) ) ;
#3794 = CARTESIAN_POINT ( 'NONE',  ( 47.96407299712389971, 4.000000000000000888, 10.20115922986190249 ) ) ;
#3795 = CARTESIAN_POINT ( 'NONE',  ( -32.81649953967263400, 4.000000000000000888, 36.43752606954942053 ) ) ;
#3796 = CARTESIAN_POINT ( 'NONE',  ( -24.64836744182695583, 0.000000000000000000, -23.22646362124962494 ) ) ;
#3797 = CARTESIAN_POINT ( 'NONE',  ( -40.91122611368460582, 4.000000000000000888, -4.100599462725250000 ) ) ;
#3798 = CARTESIAN_POINT ( 'NONE',  ( 11.05956495190932110, 3.986417851787063427, 35.45288873694724430 ) ) ;
#3799 = MANIFOLD_SOLID_BREP ( 'Fillet1', #1970 ) ;
#3800 = CARTESIAN_POINT ( 'NONE',  ( -48.17914332797225541, 4.000000000000000888, 13.48249838408024459 ) ) ;
#3801 = CARTESIAN_POINT ( 'NONE',  ( -19.75179054763350450, 3.724434787621233145, 38.38268134603536907 ) ) ;
#3802 = CARTESIAN_POINT ( 'NONE',  ( 24.97855138834770372, 0.5624784563078703004, -13.19923346597107283 ) ) ;
#3803 = CARTESIAN_POINT ( 'NONE',  ( 24.97414574565755174, 0.1130953150742197155, -16.70855804058045280 ) ) ;
#3804 = ORIENTED_EDGE ( 'NONE', *, *, #3770, .T. ) ;
#3805 = CARTESIAN_POINT ( 'NONE',  ( -0.6513525355619288471, 3.900104169821351441, 24.97511389906410173 ) ) ;
#3806 = CARTESIAN_POINT ( 'NONE',  ( 38.80045850426316889, 3.833153530350581040, -6.703008619833699555 ) ) ;
#3807 = CARTESIAN_POINT ( 'NONE',  ( -19.99554937585529046, -0.5328242452543884289, -35.34201628019948060 ) ) ;
#3808 = CARTESIAN_POINT ( 'NONE',  ( -28.24759206640817766, 0.000000000000000000, -12.15272827174761439 ) ) ;
#3809 = CARTESIAN_POINT ( 'NONE',  ( 43.05338861129764894, 4.000000000000000888, 28.58248483143018603 ) ) ;
#3810 = ORIENTED_EDGE ( 'NONE', *, *, #2102, .T. ) ;
#3811 = CARTESIAN_POINT ( 'NONE',  ( -21.71595423797150914, 4.329172910535425522, -14.38643855524653858 ) ) ;
#3812 = CARTESIAN_POINT ( 'NONE',  ( -43.11159968235389783, -1.401965936684225422, 10.02218580919170599 ) ) ;
#3813 = CARTESIAN_POINT ( 'NONE',  ( -24.62964274009081223, 2.505464550935180945, -29.55868453757762637 ) ) ;
#3814 = CARTESIAN_POINT ( 'NONE',  ( 8.947896898316272996, 3.574115799773056157, -50.28739186042575682 ) ) ;
#3815 = CARTESIAN_POINT ( 'NONE',  ( 22.13719601115918323, 0.000000000000000000, -14.22692823604745627 ) ) ;
#3816 = CARTESIAN_POINT ( 'NONE',  ( -23.92687218467144916, 0.6305146741171977487, -15.17765102628874807 ) ) ;
#3817 = CARTESIAN_POINT ( 'NONE',  ( 15.62088989167871311, -1.030800093540095386, 35.97999788287290102 ) ) ;
#3818 = AXIS2_PLACEMENT_3D ( 'NONE', #316, #1689, #3070 ) ;
#3819 = CARTESIAN_POINT ( 'NONE',  ( -6.635195838076861641, 3.504206524501456421, 30.15525225309932367 ) ) ;
#3820 = CARTESIAN_POINT ( 'NONE',  ( -6.451658152776752253, 0.000000000000000000, 4.006836362307914179 ) ) ;
#3821 = CARTESIAN_POINT ( 'NONE',  ( -44.66662044212406357, 4.000000000000000888, 25.78828533605144457 ) ) ;
#3822 = ORIENTED_EDGE ( 'NONE', *, *, #2207, .F. ) ;
#3823 = CARTESIAN_POINT ( 'NONE',  ( 4.075499226565044708, 4.255750991660471882, 29.54282410858350261 ) ) ;
#3824 = CARTESIAN_POINT ( 'NONE',  ( -1.256381473347154332, 2.375554527986293074, 24.34587325196280716 ) ) ;
#3825 = CARTESIAN_POINT ( 'NONE',  ( -35.22868746503479542, 3.585954282894943113, 35.36304722336843298 ) ) ;
#3826 = CARTESIAN_POINT ( 'NONE',  ( -7.246536270349990261E-14, 3.499999999999999556, -0.6622138793585634620 ) ) ;
#3827 = CARTESIAN_POINT ( 'NONE',  ( 21.71595423797079150, -0.3291729105351812734, -32.54176467503184256 ) ) ;
#3828 = ADVANCED_FACE ( 'NONE', ( #4178 ), #426, .T. ) ;
#3829 = ORIENTED_EDGE ( 'NONE', *, *, #3379, .F. ) ;
#3830 = CARTESIAN_POINT ( 'NONE',  ( -23.03446751862102104, 2.034070032597345978, -14.71942756313866418 ) ) ;
#3831 = CARTESIAN_POINT ( 'NONE',  ( 18.43444770408067512, 4.377030584420228188, -11.08495221195973279 ) ) ;
#3832 = CARTESIAN_POINT ( 'NONE',  ( 35.22817159724399261, 4.027616587356856570, -8.717119614376166226 ) ) ;
#3833 = CARTESIAN_POINT ( 'NONE',  ( 37.25329965738968951, -0.4330127018922192428, 25.27212712746679557 ) ) ;
#3834 = B_SPLINE_CURVE_WITH_KNOTS ( 'NONE', 3,
 ( #3013, #1684, #3038, #2383, #4079, #2306, #3717, #3354, #2404, #4384, #2671, #2359 ),
 .UNSPECIFIED., .F., .F.,
 ( 4, 2, 2, 2, 2, 4 ),
 ( -6.000000000346368441E-08, 0.001644585428118234497, 0.003289230856236472541, 0.004933876284354711018, 0.005756198998413830474, 0.006578521712472951664 ),
 .UNSPECIFIED. ) ;
#3835 = CARTESIAN_POINT ( 'NONE',  ( 44.66662044212441174, 4.000000000000000888, 25.78828533605081574 ) ) ;
#3836 = EDGE_LOOP ( 'NONE', ( #2147, #63, #210, #3785 ) ) ;
#3837 = CARTESIAN_POINT ( 'NONE',  ( -1.026633747631955362E-11, 0.000000000000000000, 27.53511039897604107 ) ) ;
#3838 = CARTESIAN_POINT ( 'NONE',  ( -35.76575777107892407, 4.000000000000000888, 34.98311286255578523 ) ) ;
#3839 = CARTESIAN_POINT ( 'NONE',  ( -8.947896898315450542, -0.4258842002269308535, -43.35918863015134406 ) ) ;
#3840 = CARTESIAN_POINT ( 'NONE',  ( 20.54767092554053320, -0.3537473686202687317, -34.36103285789827311 ) ) ;
#3841 = CARTESIAN_POINT ( 'NONE',  ( -4.242110641692756978, 0.4330127018922192983, -2.449183720913433504 ) ) ;
#3842 = CARTESIAN_POINT ( 'NONE',  ( -4.242110641692756978, 0.4330127018922192983, -2.449183720913433504 ) ) ;
#3843 = CARTESIAN_POINT ( 'NONE',  ( 7.944791841286366285, 0.3642277101005202966, 3.566662634172526491 ) ) ;
#3844 = CARTESIAN_POINT ( 'NONE',  ( -16.80764744247264275, 3.792971092302042546, 37.76491441647797132 ) ) ;
#3845 = CARTESIAN_POINT ( 'NONE',  ( -19.71048206913609846, 0.000000000000000000, -4.852426542537800813 ) ) ;
#3846 = ORIENTED_EDGE ( 'NONE', *, *, #4316, .T. ) ;
#3847 = CARTESIAN_POINT ( 'NONE',  ( -15.46897287557745848, 2.439968474820241262, 36.82362667470506778 ) ) ;
#3848 = PRESENTATION_STYLE_ASSIGNMENT (( #2818 ) ) ;
#3849 = CARTESIAN_POINT ( 'NONE',  ( 23.54096266119757530, 2.777033173059685112, -12.17310468604756402 ) ) ;
#3850 = CARTESIAN_POINT ( 'NONE',  ( -6.904201135595267047, 0.1071030802043491797, 5.111173919780346964 ) ) ;
#3851 = B_SPLINE_SURFACE_WITH_KNOTS ( 'NONE', 3, 3, ( 
 ( #2927, #2160, #3953, #3571, #3615, #882, #3273, #1849, #3235, #143 ),
 ( #1183, #2552, #837, #2199, #3594, #184, #862, #4306, #1885, #503 ),
 ( #1868, #3256, #1541, #2243, #3636, #1560, #1227, #2675, #4083, #2971 ),
 ( #2631, #3721, #1267, #907, #3041, #952, #1929, #3655, #3311, #1288 ) ),
 .UNSPECIFIED., .F., .F., .F.,
 ( 4, 4 ),
 ( 4, 3, 3, 4 ),
 ( 0.000000000000000000, 1.000000000000000888 ),
 ( 0.2985384327147727057, 0.3349585953882550093, 0.3713787580617373130, 0.4442190834087019202 ),
 .UNSPECIFIED. ) ;
#3852 = CARTESIAN_POINT ( 'NONE',  ( 3.387716493985833743, 4.433012701892220520, -1.808025512325515560 ) ) ;
#3853 = CARTESIAN_POINT ( 'NONE',  ( -21.86715379223358369, 0.4815639839149845058, -7.370252297733247637 ) ) ;
#3854 = CARTESIAN_POINT ( 'NONE',  ( 12.38028688810279121, -0.3592013296801604416, 34.85566407390626864 ) ) ;
#3855 = CARTESIAN_POINT ( 'NONE',  ( -3.191501178092494229, 0.08397117231124628933, 31.14873262800189480 ) ) ;
#3856 = ORIENTED_EDGE ( 'NONE', *, *, #2237, .T. ) ;
#3857 = ADVANCED_FACE ( 'NONE', ( #1363 ), #3523, .F. ) ;
#3858 = CARTESIAN_POINT ( 'NONE',  ( -19.99890739248091975, 3.462688081349183822, -42.27281046991981839 ) ) ;
#3859 = CARTESIAN_POINT ( 'NONE',  ( -13.94482801957042639, 1.223094314793132575, -15.63423841404677717 ) ) ;
#3860 = CARTESIAN_POINT ( 'NONE',  ( -19.68273855364463643, 4.269259731688578086, -11.36383440233694309 ) ) ;
#3861 = CARTESIAN_POINT ( 'NONE',  ( -16.75516057404407633, 2.269797969926468095, -43.25199202661484321 ) ) ;
#3862 = CARTESIAN_POINT ( 'NONE',  ( 31.04179152679640907, 0.000000000000000000, -10.53949646112328153 ) ) ;
#3863 = CARTESIAN_POINT ( 'NONE',  ( -6.943601211768303472, 0.4305529459943779336, 3.515837643146883185 ) ) ;
#3864 = CARTESIAN_POINT ( 'NONE',  ( -21.70268091791440668, 4.000000000000000888, 38.11216786199634754 ) ) ;
#3865 = CARTESIAN_POINT ( 'NONE',  ( 18.81707406733116628, 0.3770305844207956780, -3.494020680212656327 ) ) ;
#3866 = ORIENTED_EDGE ( 'NONE', *, *, #2159, .F. ) ;
#3867 = CARTESIAN_POINT ( 'NONE',  ( -7.323056845735429476, 0.000000000000000000, 13.26294238528485003 ) ) ;
#3868 = AXIS2_PLACEMENT_3D ( 'NONE', #2245, #4246, #124 ) ;
#3869 = CARTESIAN_POINT ( 'NONE',  ( -1.040632990111760803, 4.427456607020170409, 8.277420848127933439 ) ) ;
#3870 = CARTESIAN_POINT ( 'NONE',  ( -42.33240343985387000, 3.568295779662942646, 29.70251093301880374 ) ) ;
#3871 = CARTESIAN_POINT ( 'NONE',  ( 24.33303828552060821, 0.2366105138024643950, -13.52596284608458532 ) ) ;
#3872 = CARTESIAN_POINT ( 'NONE',  ( 3.035766082959412415E-15, 0.6334765563474025196, 5.014105302159441280 ) ) ;
#3873 = CARTESIAN_POINT ( 'NONE',  ( 27.22931453312966354, -0.4067950762466597814, 32.99772034420702482 ) ) ;
#3874 = CARTESIAN_POINT ( 'NONE',  ( -20.57155649556140276, 4.000000000000000888, -13.35329425300817086 ) ) ;
#3875 = CARTESIAN_POINT ( 'NONE',  ( 48.45680928203539395, 3.582523934550427835, 13.48362668164037181 ) ) ;
#3876 = CARTESIAN_POINT ( 'NONE',  ( 46.51769430763871327, 3.634926436880994594, 3.892788108315439199 ) ) ;
#3877 = CARTESIAN_POINT ( 'NONE',  ( -7.944338984290894246, 0.6107472116695309428, 9.979952586520015601 ) ) ;
#3878 = CARTESIAN_POINT ( 'NONE',  ( 22.74475529305882304, 3.400429254131855483, -12.37141042890343989 ) ) ;
#3879 = ORIENTED_EDGE ( 'NONE', *, *, #2956, .T. ) ;
#3880 = PRODUCT_DEFINITION_CONTEXT ( 'detailed design', #2597, 'design' ) ;
#3881 = CARTESIAN_POINT ( 'NONE',  ( -24.51210269580709422, 4.305424166708388789, -20.36129106000145583 ) ) ;
#3882 = CARTESIAN_POINT ( 'NONE',  ( -40.51295392875103829, -0.4330127018922192428, 19.62624031436000749 ) ) ;
#3883 = CARTESIAN_POINT ( 'NONE',  ( -24.36248944921494797, 1.541597148398982542, -15.82790875153310850 ) ) ;
#3884 = ADVANCED_FACE ( 'NONE', ( #3431 ), #2831, .F. ) ;
#3885 = CARTESIAN_POINT ( 'NONE',  ( 18.32137716725421583, 3.619028870069951331, -43.89664607671863905 ) ) ;
#3886 = B_SPLINE_SURFACE_WITH_KNOTS ( 'NONE', 1, 3, ( 
 ( #755, #56, #1121, #2819, #2115, #1811, #347, #1393, #3460, #731, #4135, #3503, #1717, #1764, #2051, #3191, #1143, #1054, #416, #2415, #4201, #101, #4179, #3438, #1788, #3872 ),
 ( #2487, #2071, #1077, #1483, #3144, #366, #3528, #3827, #1437, #2795, #1099, #440, #3778, #2440, #3803, #3100, #2748, #2843, #4158, #2094, #3170, #686, #12, #1740, #3122, #2773 ),
 ( #3481, #391, #1887, #3639, #3237, #2223, #484, #1562, #3596, #544, #2950, #203, #167, #3918, #3295, #1911, #3275, #527, #2162, #1168, #1582, #460, #4328, #1870, #884, #3573 ) ),
 .UNSPECIFIED., .F., .F., .F.,
 ( 2, 1, 2 ),
 ( 4, 2, 2, 2, 2, 2, 2, 2, 2, 2, 2, 2, 4 ),
 ( -0.4629514413299599673, 0.000000000000000000, 1.000000000000000000 ),
 ( 0.000000000000000000, 0.06250000000000000000, 0.1250000000000000000, 0.1562500000000000000, 0.1875000000000000000, 0.2187500000000000000, 0.2500000000000000000, 0.2812500000000000000, 0.3125000000000000000, 0.3437500000000000000, 0.3750000000000000000, 0.4375000000000000000, 0.5000000000000000000 ),
 .UNSPECIFIED. ) ;
#3887 = CARTESIAN_POINT ( 'NONE',  ( -23.90553728295826375, 0.4324042222604616015, -14.74845076622589524 ) ) ;
#3888 = CARTESIAN_POINT ( 'NONE',  ( -36.37603399783082381, -0.3592013296801753186, -6.706189085716907528 ) ) ;
#3889 = CARTESIAN_POINT ( 'NONE',  ( 24.64836744182696293, 0.000000000000000000, -18.38676818937532076 ) ) ;
#3890 = CARTESIAN_POINT ( 'NONE',  ( -10.87525838030651748, 4.000000000000000888, -8.054909632272707398 ) ) ;
#3891 = VERTEX_POINT ( 'NONE', #1519 ) ;
#3892 = B_SPLINE_SURFACE_WITH_KNOTS ( 'NONE', 1, 3, ( 
 ( #4346, #583, #3383, #1951, #562, #3333, #1334, #2994, #4033, #293, #1687, #4059, #247, #653, #3016, #2364, #4366, #2310, #3745, #976, #3698, #2020, #606, #1973, #3358, #999 ),
 ( #270, #1644, #4388, #1666, #1311, #2698, #3408, #314, #3068, #3994, #1248, #2610, #2742, #3475, #1758, #3844, #1711, #2042, #4151, #2764, #3137, #409, #1733, #2480, #3769, #2720 ),
 ( #27, #724, #382, #2432, #3430, #2408, #1092, #4128, #1022, #339, #3161, #360, #1407, #2456, #434, #2787, #3091, #3864, #49, #1115, #4, #3795, #770, #4172, #2064, #2132 ),
 ( #749, #1431, #699, #2108, #4106, #3116, #1046, #3497, #1069, #1780, #3819, #2386, #2086, #677, #3519, #1386, #3454, #72, #1454, #2812, #4194, #1804, #4434, #1362, #498, #3668 ) ),
 .UNSPECIFIED., .F., .F., .F.,
 ( 2, 1, 1, 2 ),
 ( 4, 2, 2, 2, 2, 2, 2, 2, 2, 2, 2, 2, 4 ),
 ( -0.4752730432790304160, 0.000000000000000000, 1.000000000000000000, 3.394803126825744144 ),
 ( 0.5000000000000000000, 0.5625000000000000000, 0.6250000000000000000, 0.6562500000000000000, 0.6875000000000000000, 0.7187500000000000000, 0.7500000000000000000, 0.7812500000000000000, 0.8125000000000000000, 0.8437500000000000000, 0.8750000000000000000, 0.9375000000000000000, 1.000000000000000000 ),
 .UNSPECIFIED. ) ;
#3893 = CARTESIAN_POINT ( 'NONE',  ( -7.538127176582846367, 0.000000000000000000, 9.981603231063711945 ) ) ;
#3894 = CARTESIAN_POINT ( 'NONE',  ( -38.83951932309614818, 0.000000000000000000, -2.445249695371017662 ) ) ;
#3895 = DIRECTION ( 'NONE',  ( 0.000000000000000000, 1.000000000000000000, 0.000000000000000000 ) ) ;
#3896 = CARTESIAN_POINT ( 'NONE',  ( 0.2296064889483574178, 0.2051099791586109833, 28.50497501427127034 ) ) ;
#3897 = CARTESIAN_POINT ( 'NONE',  ( 8.983441077886904935, 2.553301956148792851, -1.469301599772039113 ) ) ;
#3898 = CARTESIAN_POINT ( 'NONE',  ( 39.74358632463110297, 0.9003206314411142941, 25.57762624791026340 ) ) ;
#3899 = CARTESIAN_POINT ( 'NONE',  ( 6.451658152778323441, 0.000000000000000000, -44.00683636228296081 ) ) ;
#3900 = CARTESIAN_POINT ( 'NONE',  ( 0.6958511549542923946, 4.000000000000000888, 7.047983290821447255 ) ) ;
#3901 = CARTESIAN_POINT ( 'NONE',  ( -24.50664409126483179, -0.3028732389139029979, -26.56543939142808597 ) ) ;
#3902 = CARTESIAN_POINT ( 'NONE',  ( 3.191501178092598590, 0.08397117231272502313, 31.14873262800096398 ) ) ;
#3903 = CARTESIAN_POINT ( 'NONE',  ( 0.6186512699250820146, 0.3028732389140345038, 27.94065664882641897 ) ) ;
#3904 = CARTESIAN_POINT ( 'NONE',  ( -0.4324624520866975352, 0.2230166418527656513, 27.82492025074149922 ) ) ;
#3905 = FACE_OUTER_BOUND ( 'NONE', #3034, .T. ) ;
#3906 = CARTESIAN_POINT ( 'NONE',  ( -22.29648644778536593, 3.690282706326321716, -38.32474184877090551 ) ) ;
#3907 = CARTESIAN_POINT ( 'NONE',  ( 24.62964274009079446, 3.838797884268490446, -31.86808561433731413 ) ) ;
#3908 = CARTESIAN_POINT ( 'NONE',  ( -0.9723069314655831130, 3.879304629351066236, 23.57107260590662889 ) ) ;
#3909 = EDGE_CURVE ( 'NONE', #455, #1371, #304, .T. ) ;
#3910 = CARTESIAN_POINT ( 'NONE',  ( 21.60861523823176356, 2.473527000918956276, -11.02388320456122806 ) ) ;
#3911 = CARTESIAN_POINT ( 'NONE',  ( 3.035766082959412415E-15, 4.000000000000000888, -2.279835788448557388 ) ) ;
#3912 = CARTESIAN_POINT ( 'NONE',  ( -7.116586974914972608, 4.074128778915321547, -6.201439039498570338 ) ) ;
#3913 = ORIENTED_EDGE ( 'NONE', *, *, #1697, .T. ) ;
#3914 = CARTESIAN_POINT ( 'NONE',  ( -10.73544826892267956, 4.417476065449117861, -8.294811253478581392 ) ) ;
#3915 = EDGE_CURVE ( 'NONE', #2690, #618, #93, .T. ) ;
#3916 = CARTESIAN_POINT ( 'NONE',  ( 19.48369189244163024, -0.3537473686202677325, 34.97532143906999380 ) ) ;
#3917 = CARTESIAN_POINT ( 'NONE',  ( -42.88933074410518742, 0.9016291129962841211, 19.50028023889663586 ) ) ;
#3918 = CARTESIAN_POINT ( 'NONE',  ( 24.64836744182696293, 0.000000000000000000, -18.38676818937532076 ) ) ;
#3919 = CARTESIAN_POINT ( 'NONE',  ( 25.01182125340785589, 1.058068360137807806, -12.97625775396266157 ) ) ;
#3920 = CARTESIAN_POINT ( 'NONE',  ( 45.96387029739627650, 4.902914022489496482, 5.778653705820109288 ) ) ;
#3921 = CARTESIAN_POINT ( 'NONE',  ( -24.97414574566093748, 0.1130953150730107104, -16.70855804058021832 ) ) ;
#3922 = CARTESIAN_POINT ( 'NONE',  ( 17.32273090089482892, 0.000000000000000000, 34.69958316685585231 ) ) ;
#3923 = CARTESIAN_POINT ( 'NONE',  ( 20.69063081610326904, 4.551196281614354078, -11.20858761964132633 ) ) ;
#3924 = CARTESIAN_POINT ( 'NONE',  ( -14.72565203499899056, 4.976681743346989428, -46.07479783197762657 ) ) ;
#3925 = CARTESIAN_POINT ( 'NONE',  ( -38.71208597367546389, 0.000000000000000000, -2.347866560331489882 ) ) ;
#3926 = CARTESIAN_POINT ( 'NONE',  ( 26.81649953964657840, 0.000000000000000000, 32.97342445440199299 ) ) ;
#3927 = CARTESIAN_POINT ( 'NONE',  ( -7.246536270349990261E-14, 1.499999999999999556, -0.6622138793585634620 ) ) ;
#3928 = CARTESIAN_POINT ( 'NONE',  ( 24.48798467194705708, 4.000000000000000888, -30.15434957909568681 ) ) ;
#3929 = CARTESIAN_POINT ( 'NONE',  ( 19.42744066411834680, 4.368225035048057592, -11.21643433360700648 ) ) ;
#3930 = CARTESIAN_POINT ( 'NONE',  ( -41.10919897765467823, 3.792971092301952840, -4.326607545202532101 ) ) ;
#3931 = LINE ( 'NONE', #201, #1446 ) ;
#3932 = CARTESIAN_POINT ( 'NONE',  ( -43.56061413197438270, 2.322797291698802447, 0.6371822410958133398 ) ) ;
#3933 = CARTESIAN_POINT ( 'NONE',  ( -1.261573574670572073, 0.2335068429959112901, 26.85840653581093918 ) ) ;
#3934 = ADVANCED_FACE ( 'NONE', ( #2860 ), #3949, .F. ) ;
#3935 = CARTESIAN_POINT ( 'NONE',  ( 5.059564951909393926, -0.01358214821292904467, 31.98878712180960093 ) ) ;
#3936 = CARTESIAN_POINT ( 'NONE',  ( -7.246536270349990261E-14, 0.000000000000000000, -0.6622138793585626848 ) ) ;
#3937 = CARTESIAN_POINT ( 'NONE',  ( 13.65364182502723800, 4.601666262950338648, -9.908103384747082742 ) ) ;
#3938 = CARTESIAN_POINT ( 'NONE',  ( -38.66662044212407778, 0.000000000000000000, 22.32418372091366265 ) ) ;
#3939 = CARTESIAN_POINT ( 'NONE',  ( -15.14757345745100814, 0.000000000000000000, -0.2895179308751005265 ) ) ;
#3940 = LINE ( 'NONE', #3962, #141 ) ;
#3941 = CARTESIAN_POINT ( 'NONE',  ( 23.17050853311027581, 3.059875154128210539, -12.61444153365955145 ) ) ;
#3942 = CARTESIAN_POINT ( 'NONE',  ( 23.35398381135394175, 1.801195482467079723, -13.48342884014173926 ) ) ;
#3943 = CARTESIAN_POINT ( 'NONE',  ( -21.38935507278194947, 4.000000000000000888, -39.27991983679411447 ) ) ;
#3944 = CARTESIAN_POINT ( 'NONE',  ( -22.22163712699335747, 0.2455319565159992667, -14.65670042129449335 ) ) ;
#3945 = CARTESIAN_POINT ( 'NONE',  ( 26.58808730650588004, 3.635788153864281558, 38.29382410199190190 ) ) ;
#3946 = CARTESIAN_POINT ( 'NONE',  ( 24.98520501455406162, 4.000000000000000888, -11.17779410797903061 ) ) ;
#3947 = CARTESIAN_POINT ( 'NONE',  ( 23.83358742510343120, 0.3212344958436281761, -12.30980288330332151 ) ) ;
#3948 = CARTESIAN_POINT ( 'NONE',  ( 23.38947927581442343, 4.000000000000000888, -34.87029323408361137 ) ) ;
#3949 = CYLINDRICAL_SURFACE ( 'NONE', #1085, 8.000000000000000000 ) ;
#3950 = CARTESIAN_POINT ( 'NONE',  ( 23.36448183721373084, -0.2755652123786787033, -29.36868982721832566 ) ) ;
#3951 = CARTESIAN_POINT ( 'NONE',  ( -1.259745414415747833, 1.152766771940203494, 28.09171997966461376 ) ) ;
#3952 = CARTESIAN_POINT ( 'NONE',  ( 12.61479871854784207, 4.609950021872727177, -5.038640404608202950 ) ) ;
#3953 = CARTESIAN_POINT ( 'NONE',  ( -18.97315227212061828, 0.3068157719362169522, -15.06195878404958322 ) ) ;
#3954 = CARTESIAN_POINT ( 'NONE',  ( -25.62258579085115784, 2.922417658327137069, -12.39662672936198184 ) ) ;
#3955 = CYLINDRICAL_SURFACE ( 'NONE', #3868, 6.500000000000000888 ) ;
#3956 = CARTESIAN_POINT ( 'NONE',  ( 42.88312679307050956, 2.233653964774448220, 24.75858479767158116 ) ) ;
#3957 = DIRECTION ( 'NONE',  ( 0.000000000000000000, 0.000000000000000000, 1.000000000000000000 ) ) ;
#3958 = PLANE ( 'NONE',  #3010 ) ;
#3959 = CARTESIAN_POINT ( 'NONE',  ( 3.035766082959412415E-15, 0.000000000000000000, 4.648367441826950497 ) ) ;
#3960 = CIRCLE ( 'NONE', #1156, 9.000000000000000000 ) ;
#3961 = EDGE_CURVE ( 'NONE', #2373, #1918, #1122, .T. ) ;
#3962 = CARTESIAN_POINT ( 'NONE',  ( -7.246536270349990261E-14, -1.500000000000000444, 5.837786120641436760 ) ) ;
#3963 = CARTESIAN_POINT ( 'NONE',  ( -21.59611872607316840, 3.734892426751625916, -13.22397013160410140 ) ) ;
#3964 = ORIENTED_EDGE ( 'NONE', *, *, #1379, .F. ) ;
#3965 = CARTESIAN_POINT ( 'NONE',  ( -23.45096587839967484, 3.862541968013895044, -25.39433285142015961 ) ) ;
#3966 = CARTESIAN_POINT ( 'NONE',  ( 32.14743248060525360, -0.09160397542543909088, -10.33551990364794371 ) ) ;
#3967 = CARTESIAN_POINT ( 'NONE',  ( 1.601044139837304314, 4.329172910535590724, 25.99978731513004604 ) ) ;
#3968 = CARTESIAN_POINT ( 'NONE',  ( 43.25329965738971083, 3.566987298107781701, 28.73622874260449223 ) ) ;
#3969 = CARTESIAN_POINT ( 'NONE',  ( 7.790523815163892252, 0.000000000000000000, 32.95934417706001796 ) ) ;
#3970 = CARTESIAN_POINT ( 'NONE',  ( 6.451658152778323441, 0.000000000000000000, -44.00683636228296081 ) ) ;
#3971 = CARTESIAN_POINT ( 'NONE',  ( -6.451658152776755806, 4.000000000000000888, -50.93503959256103997 ) ) ;
#3972 = DIRECTION ( 'NONE',  ( 0.000000000000000000, 0.000000000000000000, 1.000000000000000000 ) ) ;
#3973 = CARTESIAN_POINT ( 'NONE',  ( 15.40498287360950336, 4.595862319255015649, -6.873699890731531426 ) ) ;
#3974 = CARTESIAN_POINT ( 'NONE',  ( 2.002538781570927906, 0.1126318201495498383, 30.01697599670083605 ) ) ;
#3975 = CARTESIAN_POINT ( 'NONE',  ( -28.18815166941166339, 0.06612720700907408211, -12.67341483435917482 ) ) ;
#3976 = CARTESIAN_POINT ( 'NONE',  ( 8.445605399071833830, 4.000000000000000888, -3.772157519228485523 ) ) ;
#3977 = CARTESIAN_POINT ( 'NONE',  ( 15.46897287557892753, 2.439968474820141786, 36.82362667470541595 ) ) ;
#3978 = CARTESIAN_POINT ( 'NONE',  ( 20.00519811847321350, 3.550669847635477883, -10.53748467706457603 ) ) ;
#3979 = CARTESIAN_POINT ( 'NONE',  ( 7.538127176573969024, 0.000000000000000000, 9.981603231071536797 ) ) ;
#3980 = CARTESIAN_POINT ( 'NONE',  ( 0.000000000000000000, 0.000000000000000000, -44.64836744182695583 ) ) ;
#3981 = CARTESIAN_POINT ( 'NONE',  ( -7.512195842751220098, 4.214338204410839062, -5.618716035128535680 ) ) ;
#3982 = CARTESIAN_POINT ( 'NONE',  ( 0.000000000000000000, 4.000000000000000888, -51.57657067210246282 ) ) ;
#3983 = B_SPLINE_CURVE_WITH_KNOTS ( 'NONE', 3,
 ( #3110, #4231, #3904, #3837 ),
 .UNSPECIFIED., .F., .F.,
 ( 4, 4 ),
 ( -0.001190259385775521272, 0.0005087769801492619468 ),
 .UNSPECIFIED. ) ;
#3984 = VERTEX_POINT ( 'NONE', #3232 ) ;
#3985 = CARTESIAN_POINT ( 'NONE',  ( 3.035766082959412415E-15, 2.963019827540771090, -2.878536570162198327 ) ) ;
#3986 = CARTESIAN_POINT ( 'NONE',  ( 31.19015862015040597, -0.05259306181920989087, -10.97410084205073844 ) ) ;
#3987 = CARTESIAN_POINT ( 'NONE',  ( -22.73168367936294842, 4.303238168257598417, -16.15508493015161307 ) ) ;
#3988 = CARTESIAN_POINT ( 'NONE',  ( 40.72388521777720172, -0.4330127018922194093, 19.26089660486062627 ) ) ;
#3989 = VERTEX_POINT ( 'NONE', #792 ) ;
#3990 = EDGE_CURVE ( 'NONE', #772, #4317, #899, .T. ) ;
#3991 = CARTESIAN_POINT ( 'NONE',  ( 15.14757345745624484, 4.000000000000000888, -46.63868529938400087 ) ) ;
#3992 = CARTESIAN_POINT ( 'NONE',  ( -48.58482492026578825, 3.390049978357935423, 13.48414687290694225 ) ) ;
#3993 = CARTESIAN_POINT ( 'NONE',  ( 25.19828636846447623, 4.165236993476530536, -23.60665725879438881 ) ) ;
#3994 = CARTESIAN_POINT ( 'NONE',  ( -4.417743662992763554, 4.245531956517647920, 30.03695409144343031 ) ) ;
#3995 = CARTESIAN_POINT ( 'NONE',  ( -29.22817159724230507, 0.02761658735750304947, -12.18122122951449704 ) ) ;
#3996 = CARTESIAN_POINT ( 'NONE',  ( -2.574468659991459685, 1.667256519148406113, 23.47704776114478165 ) ) ;
#3997 = CARTESIAN_POINT ( 'NONE',  ( 22.49840733545562443, 3.595319564325105244, -11.54129889719638946 ) ) ;
#3998 = CARTESIAN_POINT ( 'NONE',  ( -38.66662044212407778, 0.000000000000000000, 22.32418372091366265 ) ) ;
#3999 = CARTESIAN_POINT ( 'NONE',  ( -24.48798467194719564, 0.000000000000000000, -23.22614634881970019 ) ) ;
#4000 = CARTESIAN_POINT ( 'NONE',  ( -0.1431628993014445739, 0.000000000000000000, 27.46681452453687911 ) ) ;
#4001 = DIRECTION ( 'NONE',  ( 1.224646799147350495E-16, 0.000000000000000000, -1.000000000000000000 ) ) ;
#4002 = VERTEX_POINT ( 'NONE', #2756 ) ;
#4003 = AXIS2_PLACEMENT_3D ( 'NONE', #40, #4449, #667 ) ;
#4004 = CARTESIAN_POINT ( 'NONE',  ( -23.45096587839967484, 4.137458031986106732, -28.46207360913086504 ) ) ;
#4005 = CARTESIAN_POINT ( 'NONE',  ( -38.66662044212407778, 0.000000000000000000, 22.32418372091366265 ) ) ;
#4006 = CARTESIAN_POINT ( 'NONE',  ( 39.20010908765407009, -0.3341582466231529658, -2.277777269269788185 ) ) ;
#4007 = ORIENTED_EDGE ( 'NONE', *, *, #4180, .T. ) ;
#4008 = CARTESIAN_POINT ( 'NONE',  ( 12.41338555688941803, 4.000000000000000888, -5.390795213928639029 ) ) ;
#4009 = EDGE_CURVE ( 'NONE', #2395, #1998, #3983, .T. ) ;
#4010 = CARTESIAN_POINT ( 'NONE',  ( -3.587627540079874500, 4.000000000000000888, -1.654281601154545367 ) ) ;
#4011 = CARTESIAN_POINT ( 'NONE',  ( 0.000000000000000000, 0.000000000000000000, -44.64836744182695583 ) ) ;
#4012 = CARTESIAN_POINT ( 'NONE',  ( -7.136318058426728627E-14, 0.000000000000000000, 8.337786120641435872 ) ) ;
#4013 = CARTESIAN_POINT ( 'NONE',  ( 6.451658152778323441, 4.000000000000000888, -50.93503959255846780 ) ) ;
#4014 = CARTESIAN_POINT ( 'NONE',  ( -20.77083076915195292, 4.356034583850421527, -11.40353577833736054 ) ) ;
#4015 = CARTESIAN_POINT ( 'NONE',  ( 10.09122919716615030, 2.614073604847473753, 34.80792121089936586 ) ) ;
#4016 = CARTESIAN_POINT ( 'NONE',  ( 3.916680348103884768E-12, -0.08589942724636671911, 28.33053285367212126 ) ) ;
#4017 = CARTESIAN_POINT ( 'NONE',  ( 10.52940163859719469, -0.6952433938917446099, 35.34649020070042980 ) ) ;
#4018 = CARTESIAN_POINT ( 'NONE',  ( -22.85492205973912760, -0.3809711299295616693, 34.35099948237844103 ) ) ;
#4019 = CARTESIAN_POINT ( 'NONE',  ( 13.13406649557235717, 3.080250344367895909, -3.431608294174521401 ) ) ;
#4020 = CARTESIAN_POINT ( 'NONE',  ( -4.304003119099019337, 1.235848323922572822, -8.587284697390977328 ) ) ;
#4021 = ORIENTED_EDGE ( 'NONE', *, *, #2651, .T. ) ;
#4022 = CIRCLE ( 'NONE', #501, 1.000000000000000888 ) ;
#4023 = CARTESIAN_POINT ( 'NONE',  ( -20.22803253695034797, 4.199218753782338887, -13.16975280428622064 ) ) ;
#4024 = CARTESIAN_POINT ( 'NONE',  ( 23.62258579085278143, 1.589084324994950448, -13.55132726774369445 ) ) ;
#4025 = CARTESIAN_POINT ( 'NONE',  ( -18.97396637106276174, 0.4490539079468608974, -15.22830397678339232 ) ) ;
#4026 = CARTESIAN_POINT ( 'NONE',  ( 20.58345046099103470, 0.000000000000000000, 34.64356492144413124 ) ) ;
#4027 = EDGE_LOOP ( 'NONE', ( #2296, #600, #1632, #2024 ) ) ;
#4028 = CARTESIAN_POINT ( 'NONE',  ( 46.29393253010032083, 4.000000000000000888, 3.968110151153305676 ) ) ;
#4029 = CARTESIAN_POINT ( 'NONE',  ( -0.7809899174356340623, 4.000000000000000888, 8.303836240335392915 ) ) ;
#4030 = CARTESIAN_POINT ( 'NONE',  ( 24.86660924914619741, 1.204879255659277337, -26.12445732057989645 ) ) ;
#4031 = CARTESIAN_POINT ( 'NONE',  ( -23.31828525048673839, 4.000000000000000888, -11.23548155172321827 ) ) ;
#4032 = CARTESIAN_POINT ( 'NONE',  ( 23.80389346399584483, 4.245531956516000349, -18.84435528528385007 ) ) ;
#4033 = CARTESIAN_POINT ( 'NONE',  ( -2.294802860599384431, 4.452836031778878656, 27.51289389121683726 ) ) ;
#4034 = B_SPLINE_CURVE_WITH_KNOTS ( 'NONE', 3,
 ( #1247, #2284, #4287, #2630, #3272, #3697, #1601, #951, #183, #2242, #2309, #4011 ),
 .UNSPECIFIED., .F., .F.,
 ( 4, 2, 2, 2, 2, 4 ),
 ( 0.7093136060781044527, 0.7500000000000000000, 0.8125000000000000000, 0.8750000000000000000, 0.9375000000000000000, 1.000000000000000000 ),
 .UNSPECIFIED. ) ;
#4035 = CARTESIAN_POINT ( 'NONE',  ( -47.17629922699988754, 3.619028870069952220, 6.081544979201059853 ) ) ;
#4036 = CARTESIAN_POINT ( 'NONE',  ( -20.57155649556140276, 4.000000000000000888, -13.35329425300817086 ) ) ;
#4037 = CARTESIAN_POINT ( 'NONE',  ( -2.568576528899715328, 0.2783208050459496929, 25.38392733743515706 ) ) ;
#4038 = VERTEX_POINT ( 'NONE', #4211 ) ;
#4039 = CARTESIAN_POINT ( 'NONE',  ( 38.33240343985288234, 0.9016291129962841211, 27.39310985625953521 ) ) ;
#4040 = EDGE_CURVE ( 'NONE', #3085, #2373, #2361, .T. ) ;
#4041 = CARTESIAN_POINT ( 'NONE',  ( -0.6407888826168168794, 0.6907981602496332529, 28.51549671546025166 ) ) ;
#4042 = CARTESIAN_POINT ( 'NONE',  ( -32.81649953967263400, 4.000000000000000888, 36.43752606954942053 ) ) ;
#4043 = B_SPLINE_CURVE_WITH_KNOTS ( 'NONE', 3,
 ( #3456, #1026, #4439, #3387 ),
 .UNSPECIFIED., .F., .F.,
 ( 4, 4 ),
 ( 0.000000000000000000, 0.0004609455874532627779 ),
 .UNSPECIFIED. ) ;
#4044 = CARTESIAN_POINT ( 'NONE',  ( -6.091229197166951437, -0.05259306181919928130, 32.49852013414165697 ) ) ;
#4045 = CARTESIAN_POINT ( 'NONE',  ( 0.2371943396837602747, 4.429495853414898932, 23.21830216456416807 ) ) ;
#4046 = CARTESIAN_POINT ( 'NONE',  ( 23.73662640000736701, 0.000000000000000000, -14.01635923064185540 ) ) ;
#4047 = ORIENTED_EDGE ( 'NONE', *, *, #1831, .T. ) ;
#4048 = CARTESIAN_POINT ( 'NONE',  ( -3.320525390300494539, 0.05739846856081640830, 30.95593965237790712 ) ) ;
#4049 = CARTESIAN_POINT ( 'NONE',  ( -35.43965919379828478, 4.019227964613688364, -8.602484687186050749 ) ) ;
#4050 = CARTESIAN_POINT ( 'NONE',  ( 25.88861579221739362, 1.541597148398974992, -13.18458038668409493 ) ) ;
#4051 = CARTESIAN_POINT ( 'NONE',  ( 0.4269958913373788079, 0.4305529459943779336, -7.771253864713203896 ) ) ;
#4052 = CARTESIAN_POINT ( 'NONE',  ( 26.99673314871274954, 0.1126318201484487191, -13.27423854145203030 ) ) ;
#4053 = ORIENTED_EDGE ( 'NONE', *, *, #1858, .T. ) ;
#4054 = CARTESIAN_POINT ( 'NONE',  ( -3.560387818485016620, 3.074535184253851305, 14.89779457948787567 ) ) ;
#4055 = CARTESIAN_POINT ( 'NONE',  ( 37.05338861129762051, 0.000000000000000000, 25.11838321629248938 ) ) ;
#4056 = CARTESIAN_POINT ( 'NONE',  ( 23.89084915251616437, 0.2335068429960201197, -12.33664850349284947 ) ) ;
#4057 = CARTESIAN_POINT ( 'NONE',  ( 21.22849105835794958, 0.9894639583654309956, -35.73378848653184292 ) ) ;
#4058 = CARTESIAN_POINT ( 'NONE',  ( 16.67219889334972649, 3.602584139295977650, -45.63295302853487101 ) ) ;
#4059 = CARTESIAN_POINT ( 'NONE',  ( -7.840557647117043949, 4.166846469648361584, 33.63121185010514580 ) ) ;
#4060 = CARTESIAN_POINT ( 'NONE',  ( 12.55124140045223591, -0.4174760652912467007, -41.77843793503618741 ) ) ;
#4061 = CARTESIAN_POINT ( 'NONE',  ( -12.41338555689177880, 4.000000000000000888, -48.46561124663299580 ) ) ;
#4062 = CARTESIAN_POINT ( 'NONE',  ( -17.65740509005385306, 3.768809534301597264, 38.01886332485439368 ) ) ;
#4063 = CARTESIAN_POINT ( 'NONE',  ( -0.6545583284933270685, 1.482198053373945390, 27.99577083580916437 ) ) ;
#4064 = CARTESIAN_POINT ( 'NONE',  ( 3.320525390300503421, 0.05739846856187472840, 30.95593965237761935 ) ) ;
#4065 = CARTESIAN_POINT ( 'NONE',  ( -20.33212307361113602, 0.9894639583648153769, 36.25130678381132299 ) ) ;
#4066 = CARTESIAN_POINT ( 'NONE',  ( 16.37231509265392049, 4.398872770898430318, -7.997408593422925982 ) ) ;
#4067 = CARTESIAN_POINT ( 'NONE',  ( -4.798368480548409920, 1.567454166629992818, -8.297822883540026950 ) ) ;
#4068 = ADVANCED_FACE ( 'NONE', ( #3130 ), #2142, .T. ) ;
#4069 = CARTESIAN_POINT ( 'NONE',  ( 25.25368761872222478, 0.6555538973532082370, -13.07911545548575916 ) ) ;
#4070 = CARTESIAN_POINT ( 'NONE',  ( 4.071069822295962481, 0.000000000000000000, 22.34786656033399765 ) ) ;
#4071 = CARTESIAN_POINT ( 'NONE',  ( -30.15453121875192721, 4.201224993413380737, -10.80368618991487928 ) ) ;
#4072 = CARTESIAN_POINT ( 'NONE',  ( 45.45671901722831620, 2.237872456384672581, 18.44743507236250579 ) ) ;
#4073 = CARTESIAN_POINT ( 'NONE',  ( -34.78417905068452143, 0.000000000000000000, -7.466814524540161813 ) ) ;
#4074 = CARTESIAN_POINT ( 'NONE',  ( 35.76575777108241283, 4.000000000000000888, 34.98311286255521679 ) ) ;
#4075 = VERTEX_POINT ( 'NONE', #2981 ) ;
#4076 = CARTESIAN_POINT ( 'NONE',  ( -1.278513799533012030, 4.000000000000000888, 24.49213764704705198 ) ) ;
#4077 = CARTESIAN_POINT ( 'NONE',  ( -0.5999158397195774040, 3.000562954752118205, 24.36983599790254473 ) ) ;
#4078 = CARTESIAN_POINT ( 'NONE',  ( -3.453726020452565287E-13, 4.529847108335497197, 22.86455607003047774 ) ) ;
#4079 = CARTESIAN_POINT ( 'NONE',  ( -23.22670799778509476, 2.375789445637456421, -14.17419222807092360 ) ) ;
#4080 = CARTESIAN_POINT ( 'NONE',  ( 25.17331980778510214, 2.653084518453722396, -24.99490749487272723 ) ) ;
#4081 = CARTESIAN_POINT ( 'NONE',  ( -48.17914332797225541, 4.000000000000000888, 13.48249838408024459 ) ) ;
#4082 = CARTESIAN_POINT ( 'NONE',  ( -25.22871872488873635, 0.1650327200322860011, -13.84147055648907276 ) ) ;
#4083 = CARTESIAN_POINT ( 'NONE',  ( -8.242536257479171624, 3.086096364430760186, -9.243225855737494001 ) ) ;
#4084 = CARTESIAN_POINT ( 'NONE',  ( -36.23288475969414435, 3.986417851787066091, -8.148580165316294810 ) ) ;
#4085 = CARTESIAN_POINT ( 'NONE',  ( -7.546072440357393774, 0.4073864488324134836, 12.70556733255077475 ) ) ;
#4086 = EDGE_LOOP ( 'NONE', ( #3737, #4007, #3187, #1637 ) ) ;
#4087 = CARTESIAN_POINT ( 'NONE',  ( -39.11760313530143662, 3.574026498045642875, 32.85733374631474391 ) ) ;
#4088 = CARTESIAN_POINT ( 'NONE',  ( -0.6541904204061607109, 3.737646484440540373, 25.30937084172322571 ) ) ;
#4089 = CARTESIAN_POINT ( 'NONE',  ( -35.76575777107892407, 4.000000000000000888, 34.98311286255578523 ) ) ;
#4090 = CARTESIAN_POINT ( 'NONE',  ( -2.075499226563470412, 2.922417658328292145, 28.38812357020664834 ) ) ;
#4091 = CARTESIAN_POINT ( 'NONE',  ( 0.5522031313137865105, 4.355012837317451257, 23.78900660373302856 ) ) ;
#4092 = CARTESIAN_POINT ( 'NONE',  ( 21.09653058669236358, 4.352813373152419452, -11.43796970885366449 ) ) ;
#4093 = ORIENTED_EDGE ( 'NONE', *, *, #1073, .F. ) ;
#4094 = ADVANCED_FACE ( 'NONE', ( #1612 ), #1743, .F. ) ;
#4095 = CARTESIAN_POINT ( 'NONE',  ( -22.69436906970063461, 2.415938548420128562, -14.51701694578678925 ) ) ;
#4096 = CARTESIAN_POINT ( 'NONE',  ( 42.88933074410631008, 0.9016291129962755724, 19.50028023889715101 ) ) ;
#4097 = CARTESIAN_POINT ( 'NONE',  ( -2.070772804490823127, 0.07102297630306238230, -9.420792369679663381 ) ) ;
#4098 = CARTESIAN_POINT ( 'NONE',  ( -14.05756569039994019, 0.000000000000000000, -14.64356492143954824 ) ) ;
#4099 = EDGE_LOOP ( 'NONE', ( #668, #193, #3401, #2804, #30, #140, #325, #3432, #963 ) ) ;
#4100 = CARTESIAN_POINT ( 'NONE',  ( -5.560387818485026834, 1.741201850920517824, 13.74309404110864108 ) ) ;
#4101 = DIRECTION ( 'NONE',  ( -0.000000000000000000, 1.000000000000000000, -0.000000000000000000 ) ) ;
#4102 = CARTESIAN_POINT ( 'NONE',  ( 7.918271674280861205, 0.4270850883321922198, 3.615749853622035381 ) ) ;
#4103 = CARTESIAN_POINT ( 'NONE',  ( 6.752412101284440027, 0.9045391230513363245, -46.28098990103253385 ) ) ;
#4104 = CARTESIAN_POINT ( 'NONE',  ( 0.000000000000000000, 3.566987298107781701, -51.82657067210246282 ) ) ;
#4105 = DIRECTION ( 'NONE',  ( 0.000000000000000000, 0.000000000000000000, 1.000000000000000000 ) ) ;
#4106 = CARTESIAN_POINT ( 'NONE',  ( 0.6237552628477694983, 3.023318256661797321, 16.64359306389971493 ) ) ;
#4107 = CARTESIAN_POINT ( 'NONE',  ( 24.78116283283271315, 0.8245441308419054760, -11.58185922029720061 ) ) ;
#4108 = ORIENTED_EDGE ( 'NONE', *, *, #1665, .T. ) ;
#4109 = CARTESIAN_POINT ( 'NONE',  ( 19.75179054762942599, 3.724434787621033749, 38.38268134603324455 ) ) ;
#4110 = CARTESIAN_POINT ( 'NONE',  ( -41.33686730631090711, 0.000000000000000000, 16.41611832430266205 ) ) ;
#4111 = CARTESIAN_POINT ( 'NONE',  ( -5.059564951910201280, -0.01358214821296954526, 31.98878712181034345 ) ) ;
#4112 = CARTESIAN_POINT ( 'NONE',  ( -3.681516849413460690, -0.4330127018922192983, -44.89836744182696293 ) ) ;
#4113 = CARTESIAN_POINT ( 'NONE',  ( 17.76893447823617933, 4.386260526656520220, -9.390845685408091725 ) ) ;
#4114 = CARTESIAN_POINT ( 'NONE',  ( 41.96407299712386418, 0.000000000000000000, 6.737057614724203169 ) ) ;
#4115 = EDGE_LOOP ( 'NONE', ( #3477, #1675, #3664, #3866 ) ) ;
#4116 = B_SPLINE_CURVE_WITH_KNOTS ( 'NONE', 3,
 ( #4156, #1075, #2438, #2842, #2091, #389, #1762, #1436, #2794, #4177 ),
 .UNSPECIFIED., .F., .F.,
 ( 4, 3, 3, 4 ),
 ( 0.000000000000000000, 0.0001260936449436656122, 0.0002521872899024812150, 0.0005000278348711727390 ),
 .UNSPECIFIED. ) ;
#4117 = CARTESIAN_POINT ( 'NONE',  ( -17.32273090088645517, 0.000000000000000000, 34.69958316685271171 ) ) ;
#4118 = CARTESIAN_POINT ( 'NONE',  ( 7.918271674280861205, 0.4270850883321922198, 3.615749853622035381 ) ) ;
#4119 = CARTESIAN_POINT ( 'NONE',  ( 30.18815166941388028, 1.399460540341481485, -11.51871429598055130 ) ) ;
#4120 = CARTESIAN_POINT ( 'NONE',  ( -37.85744602074205289, 0.000000000000000000, -3.725112540994718557 ) ) ;
#4121 = CARTESIAN_POINT ( 'NONE',  ( -23.84610510154228891, 0.000000000000000000, -13.76755519946923556 ) ) ;
#4122 = ORIENTED_EDGE ( 'NONE', *, *, #1611, .F. ) ;
#4123 = CARTESIAN_POINT ( 'NONE',  ( -16.90438975136988020, 4.000000000000000888, 37.48046084577948278 ) ) ;
#4124 = CARTESIAN_POINT ( 'NONE',  ( 29.76575777108238441, 0.000000000000000000, 31.51901124741752369 ) ) ;
#4125 = EDGE_CURVE ( 'NONE', #216, #1371, #537, .T. ) ;
#4126 = CARTESIAN_POINT ( 'NONE',  ( 24.86660924914621162, 2.538212588992637908, -28.43385839733892695 ) ) ;
#4127 = CARTESIAN_POINT ( 'NONE',  ( 38.88312679307049535, -0.4330127018922192983, 22.44918372091311909 ) ) ;
#4128 = CARTESIAN_POINT ( 'NONE',  ( -1.928930177704020421, 4.000000000000000888, 25.81196817547177957 ) ) ;
#4129 = CARTESIAN_POINT ( 'NONE',  ( 3.035766082959412415E-15, 0.4330127018922192983, 4.898367441826950497 ) ) ;
#4130 = CARTESIAN_POINT ( 'NONE',  ( -46.27985227295086901, 4.000000000000000888, 22.99408584067209560 ) ) ;
#4131 = CARTESIAN_POINT ( 'NONE',  ( 2.624872110122688618, 4.303238168255200335, 27.76375800219884127 ) ) ;
#4132 = CARTESIAN_POINT ( 'NONE',  ( -4.875258380306533468, 0.000000000000000000, -11.51901124741049109 ) ) ;
#4133 = CARTESIAN_POINT ( 'NONE',  ( -38.88312679307018982, -0.4330127018922192428, 22.44918372091366265 ) ) ;
#4134 = CARTESIAN_POINT ( 'NONE',  ( -42.02410729034958337, -0.4258842002269442872, 13.93048829068936278 ) ) ;
#4135 = CARTESIAN_POINT ( 'NONE',  ( 24.50664409126388676, -0.3028732389138749093, -26.56543939142627409 ) ) ;
#4136 = VERTEX_POINT ( 'NONE', #4118 ) ;
#4137 = CARTESIAN_POINT ( 'NONE',  ( -20.54224680725105046, 0.000000000000000000, 34.48856494576375553 ) ) ;
#4138 = CARTESIAN_POINT ( 'NONE',  ( 47.17201081406883389, 3.443776942309396460, 5.370959320313803076 ) ) ;
#4139 = CARTESIAN_POINT ( 'NONE',  ( 48.23964098318327132, 3.585954282894942224, 12.82741467501821298 ) ) ;
#4140 = CARTESIAN_POINT ( 'NONE',  ( -14.09876934411922988, 0.000000000000000000, -14.48856494576953757 ) ) ;
#4141 = CARTESIAN_POINT ( 'NONE',  ( -4.025604290746645830, 0.000000000000000000, -2.324183720913435280 ) ) ;
#4142 = ORIENTED_EDGE ( 'NONE', *, *, #2759, .T. ) ;
#4143 = CARTESIAN_POINT ( 'NONE',  ( -3.275428873439044430, 4.638811966503176620, -1.911017527626394763 ) ) ;
#4144 = CARTESIAN_POINT ( 'NONE',  ( -2.782661556451406337, 3.053695904198952427, 18.81206562426614681 ) ) ;
#4145 = CARTESIAN_POINT ( 'NONE',  ( -14.96220681849029788, 0.9265382570865065004, -42.38953936220261909 ) ) ;
#4146 = B_SPLINE_CURVE_WITH_KNOTS ( 'NONE', 3,
 ( #3182, #1843, #2152, #3494, #4147, #1066, #2453, #3840, #745, #2427, #405, #1777, #2523, #473, #1901, #1965 ),
 .UNSPECIFIED., .F., .F.,
 ( 4, 2, 2, 2, 2, 2, 2, 4 ),
 ( 0.000000000000000000, 0.07058983118480496866, 0.1058847467772074530, 0.1411796623696099096, 0.1764745779620123800, 0.2117694935544148227, 0.2470644091468172654, 0.2823593247392197081 ),
 .UNSPECIFIED. ) ;
#4147 = CARTESIAN_POINT ( 'NONE',  ( 13.93915937277815686, -0.4112937847037864691, -40.75240481586494212 ) ) ;
#4148 = CARTESIAN_POINT ( 'NONE',  ( 42.17914332797094801, 0.000000000000000000, 10.01839676893923325 ) ) ;
#4149 = CARTESIAN_POINT ( 'NONE',  ( -7.246536270349990261E-14, 1.499999999999999556, 6.337786120641436760 ) ) ;
#4150 = ADVANCED_FACE ( 'NONE', ( #2709 ), #2008, .F. ) ;
#4151 = CARTESIAN_POINT ( 'NONE',  ( -23.32401777356206551, 3.670827089464273829, 38.54155199015433908 ) ) ;
#4152 = CARTESIAN_POINT ( 'NONE',  ( 6.516605320430921111, 0.4305529459943779336, 4.255416221566381552 ) ) ;
#4153 = VERTEX_POINT ( 'NONE', #4423 ) ;
#4154 = CARTESIAN_POINT ( 'NONE',  ( 1.425531340008559855, 4.333923185815073076, 25.78644883790324727 ) ) ;
#4155 = CARTESIAN_POINT ( 'NONE',  ( -1.322772265165496952, 3.161086614861665200, 22.56531076999070606 ) ) ;
#4156 = CARTESIAN_POINT ( 'NONE',  ( 8.445605399071833830, 4.000000000000000888, -3.772157519228485523 ) ) ;
#4157 = CARTESIAN_POINT ( 'NONE',  ( 24.10779887733962212, 0.1261475031619867238, -13.63826483375777521 ) ) ;
#4158 = CARTESIAN_POINT ( 'NONE',  ( 21.71595423797650426, 0.3291729105355895579, -7.458235324968621960 ) ) ;
#4159 = ORIENTED_EDGE ( 'NONE', *, *, #1691, .T. ) ;
#4160 = CARTESIAN_POINT ( 'NONE',  ( -7.027898512764989114, 0.3563403968299947433, 4.960221948440858064 ) ) ;
#4161 = CARTESIAN_POINT ( 'NONE',  ( 44.98602642537600360, 3.361188033496819827, 25.97269446646190261 ) ) ;
#4162 = CARTESIAN_POINT ( 'NONE',  ( -7.246536270349990261E-14, 2.499999999999999556, 7.337786120641436760 ) ) ;
#4163 = CARTESIAN_POINT ( 'NONE',  ( 4.454553045873943518E-12, 0.2664082949584833382, 28.47373934511142934 ) ) ;
#4164 = EDGE_LOOP ( 'NONE', ( #4122, #3360, #1659, #2780, #3060 ) ) ;
#4165 = CARTESIAN_POINT ( 'NONE',  ( -24.51210269580712975, 3.694575833291709355, -33.49511540054957237 ) ) ;
#4166 = CARTESIAN_POINT ( 'NONE',  ( 48.28175575941972397, 3.578555280456904963, 15.17643906381467644 ) ) ;
#4167 = CARTESIAN_POINT ( 'NONE',  ( 0.000000000000000000, -0.4330127018922192983, -44.89836744182695583 ) ) ;
#4168 = CARTESIAN_POINT ( 'NONE',  ( -27.82571739754574836, 0.000000000000000000, -12.39629772537962360 ) ) ;
#4169 = CARTESIAN_POINT ( 'NONE',  ( 12.49930342073123768, 0.000000000000000000, -14.22602980468206368 ) ) ;
#4170 = CARTESIAN_POINT ( 'NONE',  ( 29.76575777108238441, 0.000000000000000000, 31.51901124741752369 ) ) ;
#4171 = CARTESIAN_POINT ( 'NONE',  ( -0.9977760944216952366, 4.356704901293824150, 8.282410495051065524 ) ) ;
#4172 = CARTESIAN_POINT ( 'NONE',  ( -40.88520915353553420, 4.000000000000000888, 31.05481965311836845 ) ) ;
#4173 = CARTESIAN_POINT ( 'NONE',  ( 3.035766082959412415E-15, 0.000000000000000000, 4.648367441826950497 ) ) ;
#4174 = CARTESIAN_POINT ( 'NONE',  ( -22.03312202341518855, 1.055711317881719902, -14.14095186034358775 ) ) ;
#4175 = ORIENTED_EDGE ( 'NONE', *, *, #3990, .T. ) ;
#4176 = CARTESIAN_POINT ( 'NONE',  ( -1.225327384703662759, 1.290005145461935454, 25.91860821215716015 ) ) ;
#4177 = CARTESIAN_POINT ( 'NONE',  ( 8.532479732790923421, 4.426014928229016654, -3.525217231570741294 ) ) ;
#4178 = FACE_OUTER_BOUND ( 'NONE', #687, .T. ) ;
#4179 = CARTESIAN_POINT ( 'NONE',  ( 12.61506196063598217, 0.6107472116695453757, 1.890023083411094706 ) ) ;
#4180 = EDGE_CURVE ( 'NONE', #3482, #1826, #933, .T. ) ;
#4181 = CARTESIAN_POINT ( 'NONE',  ( -0.6610870234575704218, 2.889054685246133403, 26.58046331467912538 ) ) ;
#4182 = CARTESIAN_POINT ( 'NONE',  ( 24.96269088641804501, 4.306950658281112787, -11.58058595046394501 ) ) ;
#4183 = CARTESIAN_POINT ( 'NONE',  ( -18.93157082481324949, 0.5515774369035142399, -3.393246007946957743 ) ) ;
#4184 = CARTESIAN_POINT ( 'NONE',  ( 10.75302333003935473, -0.3028732389138676928, 34.50609604025135724 ) ) ;
#4185 = CARTESIAN_POINT ( 'NONE',  ( 24.53497593065426940, -0.08593318638076798133, -14.16527495812866277 ) ) ;
#4186 = ORIENTED_EDGE ( 'NONE', *, *, #3345, .T. ) ;
#4187 = CARTESIAN_POINT ( 'NONE',  ( -18.93461819294945059, 3.443776942309401790, -43.53763937273494378 ) ) ;
#4188 = CARTESIAN_POINT ( 'NONE',  ( -39.81319114931469727, -1.105426744710684694, -2.978599811758929405 ) ) ;
#4189 = CARTESIAN_POINT ( 'NONE',  ( -20.14144397350121451, 4.758229774137167745, -10.89861228740289789 ) ) ;
#4190 = CARTESIAN_POINT ( 'NONE',  ( -18.32137716725603838, 2.285695536737083255, -41.58724499995386736 ) ) ;
#4191 = CARTESIAN_POINT ( 'NONE',  ( 14.96220681849330703, 3.593204923753340552, -47.00834151570605712 ) ) ;
#4192 = CARTESIAN_POINT ( 'NONE',  ( 42.58535513567807129, -0.6107472116707193255, 10.02004741348591565 ) ) ;
#4193 = CARTESIAN_POINT ( 'NONE',  ( -7.615064808752229908, 0.4078338350217737274, 13.29778906457572774 ) ) ;
#4194 = CARTESIAN_POINT ( 'NONE',  ( -27.98639605761349358, 4.902914022478616296, 36.91655248089733021 ) ) ;
#4195 = CARTESIAN_POINT ( 'NONE',  ( -19.71048206913609846, 0.000000000000000000, -35.14757345745101702 ) ) ;
#4196 = ORIENTED_EDGE ( 'NONE', *, *, #3678, .T. ) ;
#4197 = CARTESIAN_POINT ( 'NONE',  ( -26.85049233621403530, 0.000000000000000000, -12.95934417705996289 ) ) ;
#4198 = B_SPLINE_SURFACE_WITH_KNOTS ( 'NONE', 3, 3, ( 
 ( #2840, #794, #2531, #1947, #3330, #243, #2905, #1620, #2991, #1223, #500, #163, #1539, #3950, #3612, #522, #3270, #181, #1556, #1020, #3088, #651, #697, #24, #2672, #1685, #3766, #2405 ),
 ( #3718, #997, #4385, #4103, #603, #2017, #2307, #3450, #1404, #1308, #673, #4057, #2331, #1662, #973, #627, #4030, #2384, #2040, #2, #3405, #2062, #949, #1992, #3065, #3428, #3790, #358 ),
 ( #2360, #3381, #337, #1969, #312, #3695, #1731, #3355, #291, #1708, #3039, #4406, #1331, #2694, #267, #1383, #4126, #2740, #1641, #4080, #3014, #3113, #3743, #4432, #1359, #2718, #1042, #451 ),
 ( #3202, #3228, #1450, #3134, #3814, #379, #1494, #4191, #1112, #3885, #136, #1134, #1754, #2173, #1473, #3907, #2501, #115, #720, #2857, #3562, #3472, #4235, #46, #2761, #2477, #1158, #2129 ) ),
 .UNSPECIFIED., .F., .F., .F.,
 ( 4, 4 ),
 ( 4, 3, 3, 3, 3, 3, 3, 3, 3, 4 ),
 ( 0.000000000000000000, 1.000000000000000000 ),
 ( 0.000000000000000000, 0.04369936229314989179, 0.08739872458629978358, 0.1310980868794496823, 0.1747974491725995672, 0.2184968114657494520, 0.2403464926123244083, 0.2621961737588993646, 0.3058955360520492217, 0.3495948983451991343 ),
 .UNSPECIFIED. ) ;
#4199 = CARTESIAN_POINT ( 'NONE',  ( -40.33240343985387710, 2.234962446329609165, 28.54781039463954428 ) ) ;
#4200 = CARTESIAN_POINT ( 'NONE',  ( 0.000000000000000000, 0.9003206314411142941, -47.20776851858546053 ) ) ;
#4201 = CARTESIAN_POINT ( 'NONE',  ( 18.93157082480962572, 0.5515774369038801694, -3.393246007945345699 ) ) ;
#4202 = FACE_OUTER_BOUND ( 'NONE', #4086, .T. ) ;
#4203 = CARTESIAN_POINT ( 'NONE',  ( 24.00683636230733597, 0.000000000000000000, -26.45165815277633214 ) ) ;
#4204 = B_SPLINE_SURFACE_WITH_KNOTS ( 'NONE', 1, 3, ( 
 ( #2921, #877, #3970, #855, #497, #217, #1863, #3609, #2567, #4301, #2900, #2238, #557, #1196, #519, #1881, #580, #3267 ),
 ( #1598, #3632, #2279, #538, #3991, #1902, #3288, #198, #2967, #1575, #2943, #4342, #1264, #4322, #4008, #3671, #310, #356 ) ),
 .UNSPECIFIED., .F., .F., .F.,
 ( 2, 2 ),
 ( 4, 2, 2, 2, 2, 2, 2, 2, 4 ),
 ( 0.000000000000000000, 1.000000000000000000 ),
 ( 0.000000000000000000, 0.06250000000000000000, 0.1250000000000000000, 0.1875000000000000000, 0.2500000000000000000, 0.3125000000000000000, 0.3750000000000000000, 0.4375000000000000000, 0.5000000000000000000 ),
 .UNSPECIFIED. ) ;
#4205 = CARTESIAN_POINT ( 'NONE',  ( 47.33686730631260531, 4.000000000000000888, 19.88021993944242638 ) ) ;
#4206 = CARTESIAN_POINT ( 'NONE',  ( 38.14743248060460701, 3.908396024574515071, -6.871418288510624528 ) ) ;
#4207 = EDGE_CURVE ( 'NONE', #4153, #1998, #1352, .T. ) ;
#4208 = CARTESIAN_POINT ( 'NONE',  ( -7.750250316110672166, 0.5966410967682147515, 13.31392138497900035 ) ) ;
#4209 = CARTESIAN_POINT ( 'NONE',  ( -20.60930923168815099, -0.5328242452543664465, 34.98766186221656938 ) ) ;
#4210 = ORIENTED_EDGE ( 'NONE', *, *, #404, .F. ) ;
#4211 = CARTESIAN_POINT ( 'NONE',  ( 20.45383762893127511, 4.352813373152725873, -12.55114656536036222 ) ) ;
#4212 = CARTESIAN_POINT ( 'NONE',  ( 47.85539601909407992, 3.602584139297175803, 8.377928735681662076 ) ) ;
#4213 = CARTESIAN_POINT ( 'NONE',  ( -20.26116706158036251, 3.022701250516787397, -9.976898137869754990 ) ) ;
#4214 = CARTESIAN_POINT ( 'NONE',  ( -7.538127176582846367, 0.000000000000000000, 9.981603231063711945 ) ) ;
#4215 = CARTESIAN_POINT ( 'NONE',  ( -40.60485860755476750, -0.5328242452538556329, 0.3543544179926872428 ) ) ;
#4216 = CARTESIAN_POINT ( 'NONE',  ( 15.14757345745624484, 0.000000000000000000, -39.71048206910849387 ) ) ;
#4217 = EDGE_LOOP ( 'NONE', ( #373, #256, #1078, #2654, #870, #1305, #3510 ) ) ;
#4218 = CIRCLE ( 'NONE', #403, 9.000000000000000000 ) ;
#4219 = CARTESIAN_POINT ( 'NONE',  ( -0.3875794381370268327, 3.514499823849402738, 23.77048833421941154 ) ) ;
#4220 = CARTESIAN_POINT ( 'NONE',  ( -40.88312679307018271, 0.9003206314411142941, 23.60388425929292211 ) ) ;
#4221 = CARTESIAN_POINT ( 'NONE',  ( -41.83490414634717780, -0.3968686967413060374, 4.806200234937573867 ) ) ;
#4222 = CARTESIAN_POINT ( 'NONE',  ( 25.00062534812028403, 0.1717878092282036917, -13.91465164628632856 ) ) ;
#4223 = CARTESIAN_POINT ( 'NONE',  ( -5.490336292428850129, 0.3560345838504197502, 20.22573337782404224 ) ) ;
#4224 = CARTESIAN_POINT ( 'NONE',  ( -19.22032828494479872, 3.489936525337772544, -12.28842772384810544 ) ) ;
#4225 = CARTESIAN_POINT ( 'NONE',  ( -34.88520915353555552, 0.000000000000000000, 27.59071803798059008 ) ) ;
#4226 = CARTESIAN_POINT ( 'NONE',  ( 34.18815166941390515, 4.066127207008149114, -9.209313219222087454 ) ) ;
#4227 = CARTESIAN_POINT ( 'NONE',  ( 9.005516129344401932, 2.967207556906060972, -1.176110187912567051 ) ) ;
#4228 = CARTESIAN_POINT ( 'NONE',  ( 7.058297457146792908, 0.6298780531421759310, 3.484336559020016821 ) ) ;
#4229 = ORIENTED_EDGE ( 'NONE', *, *, #1047, .F. ) ;
#4230 = EDGE_CURVE ( 'NONE', #3891, #1016, #3608, .T. ) ;
#4231 = CARTESIAN_POINT ( 'NONE',  ( -0.8649592933207290724, 0.4549439720328126158, 28.10771779431908257 ) ) ;
#4232 = CARTESIAN_POINT ( 'NONE',  ( -40.45746813363196992, -0.3642118461358218040, 0.4149453793395839751 ) ) ;
#4233 = CARTESIAN_POINT ( 'NONE',  ( -22.73168367936294842, 1.636571501590931010, -11.53628277663460722 ) ) ;
#4234 = EDGE_CURVE ( 'NONE', #4421, #216, #1774, .T. ) ;
#4235 = CARTESIAN_POINT ( 'NONE',  ( 24.88205943688037536, 4.143148446312206801, -22.70959028380389455 ) ) ;
#4236 = B_SPLINE_SURFACE_WITH_KNOTS ( 'NONE', 1, 3, ( 
 ( #2871, #1914, #3278, #3979, #4249, #1171, #822, #1546, #2539, #2596, #4272, #2165, #464, #3298, #1585, #4225, #1146, #3938 ),
 ( #2514, #842, #3900, #2998, #1253, #3702, #1295, #1606, #2636, #381, #1317, #4393, #2002, #4042, #4089, #3474, #3659, #1935 ) ),
 .UNSPECIFIED., .F., .F., .F.,
 ( 2, 2 ),
 ( 4, 2, 2, 2, 2, 2, 2, 2, 4 ),
 ( 0.000000000000000000, 1.000000000000000000 ),
 ( 0.5000000000000000000, 0.5625000000000000000, 0.6250000000000000000, 0.6875000000000000000, 0.7500000000000000000, 0.8125000000000000000, 0.8750000000000000000, 0.9375000000000000000, 1.000000000000000000 ),
 .UNSPECIFIED. ) ;
#4237 = CARTESIAN_POINT ( 'NONE',  ( -0.9506333619100276744, 3.665106766268610983, 23.01712108240306875 ) ) ;
#4238 = CARTESIAN_POINT ( 'NONE',  ( -42.58535513620898882, -0.6107472114386006679, 10.02004741230383189 ) ) ;
#4239 = CARTESIAN_POINT ( 'NONE',  ( 6.451658152779113031, 4.000000000000000888, -2.921366867979366955 ) ) ;
#4240 = CARTESIAN_POINT ( 'NONE',  ( -12.41338555689177880, 4.000000000000000888, -48.46561124663299580 ) ) ;
#4241 = ORIENTED_EDGE ( 'NONE', *, *, #904, .T. ) ;
#4242 = AXIS2_PLACEMENT_3D ( 'NONE', #3826, #3459, #3190 ) ;
#4243 = CARTESIAN_POINT ( 'NONE',  ( -0.3901246510724175054, 0.2142946455410296713, 27.79153402771843062 ) ) ;
#4244 = CARTESIAN_POINT ( 'NONE',  ( -7.246536270349990261E-14, 0.000000000000000000, -0.6622138793585626848 ) ) ;
#4245 = CARTESIAN_POINT ( 'NONE',  ( -23.88861579221333287, 0.2082638150657406262, -14.33928092505519736 ) ) ;
#4246 = DIRECTION ( 'NONE',  ( -0.000000000000000000, 1.000000000000000000, -0.000000000000000000 ) ) ;
#4247 = CARTESIAN_POINT ( 'NONE',  ( 20.20356811495475213, 3.161065411167519379, -10.13713240321515130 ) ) ;
#4248 = CARTESIAN_POINT ( 'NONE',  ( -0.6618577145361981273, 2.371530850510620958, 27.20697093604987771 ) ) ;
#4249 = CARTESIAN_POINT ( 'NONE',  ( 7.323056845736623188, 0.000000000000000000, 13.26294238528097580 ) ) ;
#4250 = CARTESIAN_POINT ( 'NONE',  ( -18.81707406733387700, 0.3770305844202267997, -3.494020680214385610 ) ) ;
#4251 = CARTESIAN_POINT ( 'NONE',  ( -6.850472177148606789, 0.000000000000000000, 5.174825691358241997 ) ) ;
#4252 = CARTESIAN_POINT ( 'NONE',  ( 20.58011490736838311, 4.308934285229880423, -12.62583681231779487 ) ) ;
#4253 = EDGE_LOOP ( 'NONE', ( #1939, #447, #2253, #572 ) ) ;
#4254 = CARTESIAN_POINT ( 'NONE',  ( -17.97747423978445269, 4.902914022489482271, -42.69520618670841117 ) ) ;
#4255 = CARTESIAN_POINT ( 'NONE',  ( 41.75400400735949091, 3.768809534301594155, -3.717670289527916783 ) ) ;
#4256 = B_SPLINE_CURVE_WITH_KNOTS ( 'NONE', 3,
 ( #2786, #3587, #2835, #1757, #1844, #2194, #2107, #2455, #3136, #747, #2131, #3496, #1779, #3887, #3158, #2811 ),
 .UNSPECIFIED., .F., .F.,
 ( 4, 3, 3, 3, 3, 4 ),
 ( 0.000000000000000000, 0.0001271917298011847580, 0.0003179832110302754293, 0.0005087784075261485555, 0.0007609670308315163566, 0.001699033538937397931 ),
 .UNSPECIFIED. ) ;
#4257 = CARTESIAN_POINT ( 'NONE',  ( -25.06957503396087006, 4.066127207008159772, -25.00315124453667792 ) ) ;
#4258 = CARTESIAN_POINT ( 'NONE',  ( -0.8028319159871319943, 4.035859871361104467, 8.301933687882790736 ) ) ;
#4259 = CARTESIAN_POINT ( 'NONE',  ( 6.393424084969741017, 0.000000000000000000, 32.15272827174769077 ) ) ;
#4260 = CARTESIAN_POINT ( 'NONE',  ( -31.44951497328533208, -0.08397117231272852034, -11.14873262800086628 ) ) ;
#4261 = CARTESIAN_POINT ( 'NONE',  ( 15.14757345745377748, 4.000000000000000888, -7.217721161153369813 ) ) ;
#4262 = CARTESIAN_POINT ( 'NONE',  ( 0.6449992687822276860, 4.249220703123800291, 24.23903993754180064 ) ) ;
#4263 = ORIENTED_EDGE ( 'NONE', *, *, #1880, .F. ) ;
#4264 = CARTESIAN_POINT ( 'NONE',  ( -20.05292884487687388, 4.364211846136273998, -11.36562087171735413 ) ) ;
#4265 = B_SPLINE_CURVE_WITH_KNOTS ( 'NONE', 3,
 ( #4036, #954, #608, #1337, #3018, #3410, #631, #4390, #3044, #1313, #4061, #1997, #3385, #4411 ),
 .UNSPECIFIED., .F., .F.,
 ( 4, 2, 2, 2, 2, 2, 4 ),
 ( 0.6571657514258246735, 0.6875000000000000000, 0.7500000000000000000, 0.8125000000000000000, 0.8750000000000000000, 0.9375000000000000000, 1.000000000000000000 ),
 .UNSPECIFIED. ) ;
#4266 = CARTESIAN_POINT ( 'NONE',  ( 3.259274409416661536E-06, 4.368225035047765381, 22.43287431244450048 ) ) ;
#4267 = CARTESIAN_POINT ( 'NONE',  ( 0.000000000000000000, -0.4330127018922192428, -44.89836744182695583 ) ) ;
#4268 = CARTESIAN_POINT ( 'NONE',  ( -21.35655578948900057, 1.636571501588532485, -13.91807414880655003 ) ) ;
#4269 = CARTESIAN_POINT ( 'NONE',  ( 8.799159931416998148, 3.272766930803922669, -2.644230198578364721 ) ) ;
#4270 = FACE_OUTER_BOUND ( 'NONE', #3375, .T. ) ;
#4271 = CARTESIAN_POINT ( 'NONE',  ( 3.869134398691358881E-12, 0.09664713359822782457, 27.84569433092452329 ) ) ;
#4272 = CARTESIAN_POINT ( 'NONE',  ( -10.90438975137473498, 0.000000000000000000, 34.01635923064448974 ) ) ;
#4273 = CARTESIAN_POINT ( 'NONE',  ( -6.451658152776752253, 0.000000000000000000, 4.006836362307914179 ) ) ;
#4274 = CARTESIAN_POINT ( 'NONE',  ( 24.55242894865295256, 0.4011753889092812830, -13.09944063501601796 ) ) ;
#4275 = CARTESIAN_POINT ( 'NONE',  ( 24.80099293118678716, 1.133358420976494640, -13.56823118322245136 ) ) ;
#4276 = CARTESIAN_POINT ( 'NONE',  ( 20.21184679015606633, 4.054669812657710537, -11.66931518511973032 ) ) ;
#4277 = CARTESIAN_POINT ( 'NONE',  ( -24.97414574566094103, 3.886904684927011022, -30.21964518969529578 ) ) ;
#4278 = CARTESIAN_POINT ( 'NONE',  ( -4.735448268922694659, 0.4174760654491163625, -11.75891286861636509 ) ) ;
#4279 = CARTESIAN_POINT ( 'NONE',  ( -2.279080936879461561, 3.566987298107781701, -51.82657067210246282 ) ) ;
#4280 = CARTESIAN_POINT ( 'NONE',  ( -0.8900962349741369239, 4.179327616686459912, 8.293689671130486829 ) ) ;
#4281 = CARTESIAN_POINT ( 'NONE',  ( 32.85049233621366227, 4.000000000000000888, -9.495242561922760061 ) ) ;
#4282 = CARTESIAN_POINT ( 'NONE',  ( -1.320481991551428091, 3.140599945679623861, 22.62163196172026147 ) ) ;
#4283 = CARTESIAN_POINT ( 'NONE',  ( -16.67219889335075322, 3.602584139297176691, -45.63295302854106694 ) ) ;
#4284 = CARTESIAN_POINT ( 'NONE',  ( 0.6580861537281670337, 3.360113646117321995, 25.91320753350209216 ) ) ;
#4285 = EDGE_CURVE ( 'NONE', #1741, #4374, #2948, .T. ) ;
#4286 = CARTESIAN_POINT ( 'NONE',  ( -45.03997201153560326, 3.670827089464846704, 0.9284159151494095763 ) ) ;
#4287 = CARTESIAN_POINT ( 'NONE',  ( -24.64836744182695583, 0.000000000000000000, -17.89962928209876125 ) ) ;
#4288 = DIRECTION ( 'NONE',  ( 0.000000000000000000, 0.000000000000000000, 1.000000000000000000 ) ) ;
#4289 = CARTESIAN_POINT ( 'NONE',  ( -32.18815166941165273, 2.732793873675742002, -10.36401375760065413 ) ) ;
#4290 = CARTESIAN_POINT ( 'NONE',  ( -12.08703705027343922, -0.2392212176824957126, 34.60791324626412546 ) ) ;
#4291 = CARTESIAN_POINT ( 'NONE',  ( 8.091229197166045495, 1.280740271514133610, 33.65322067252007088 ) ) ;
#4292 = FACE_OUTER_BOUND ( 'NONE', #341, .T. ) ;
#4293 = CARTESIAN_POINT ( 'NONE',  ( 24.88000823960916819, 3.264913603758315297, -10.23413465741807116 ) ) ;
#4294 = CARTESIAN_POINT ( 'NONE',  ( -24.64836744182695583, 0.000000000000000000, -18.38676818937519286 ) ) ;
#4295 = CARTESIAN_POINT ( 'NONE',  ( -7.815793130648123643, 0.4174760654491163625, 9.980474933502312851 ) ) ;
#4296 = CARTESIAN_POINT ( 'NONE',  ( -22.25035343588899295, 3.734892426752280503, -12.09080237412653247 ) ) ;
#4297 = ORIENTED_EDGE ( 'NONE', *, *, #2289, .F. ) ;
#4298 = CARTESIAN_POINT ( 'NONE',  ( -15.14757345745100992, 4.000000000000000888, -46.63868529941160546 ) ) ;
#4299 = CARTESIAN_POINT ( 'NONE',  ( 26.10811181375369827, 0.1431484463107330629, -13.65780204405162657 ) ) ;
#4300 = CARTESIAN_POINT ( 'NONE',  ( -11.05970021780606061, 3.578703642036711763, -49.37258228105403646 ) ) ;
#4301 = CARTESIAN_POINT ( 'NONE',  ( 24.64836744182696293, 0.000000000000000000, -16.77353637875063797 ) ) ;
#4302 = CARTESIAN_POINT ( 'NONE',  ( -1.320481991551428091, 3.140599945679623861, 22.62163196172026147 ) ) ;
#4303 = CARTESIAN_POINT ( 'NONE',  ( -20.01226428256527612, 4.471236646050016361, -11.41177396032474078 ) ) ;
#4304 = CARTESIAN_POINT ( 'NONE',  ( -29.83336870890313008, 4.207028907698176390, -10.83671118619616891 ) ) ;
#4305 = CARTESIAN_POINT ( 'NONE',  ( -1.026633747631955362E-11, 0.000000000000000000, 27.53511039897604107 ) ) ;
#4306 = CARTESIAN_POINT ( 'NONE',  ( -9.714334993473938695, 1.742374759478221291, -12.17362589337347067 ) ) ;
#4307 = FACE_OUTER_BOUND ( 'NONE', #3468, .T. ) ;
#4308 = CARTESIAN_POINT ( 'NONE',  ( -42.33844325840862410, 2.356949372993301317, -1.301653292911903348 ) ) ;
#4309 = CARTESIAN_POINT ( 'NONE',  ( -17.62744156447665134, -0.3341582466231501902, 35.08717893566448254 ) ) ;
#4310 = CARTESIAN_POINT ( 'NONE',  ( 26.85492205974598434, 2.285695536736606748, 36.66040055913818208 ) ) ;
#4311 = CARTESIAN_POINT ( 'NONE',  ( -2.387778800622092594E-12, 3.807685281619317852, 23.92509630074751570 ) ) ;
#4312 = CARTESIAN_POINT ( 'NONE',  ( 18.65462009376050290, 3.097085977510623422, -9.988349250614897201 ) ) ;
#4313 = CARTESIAN_POINT ( 'NONE',  ( -6.451658152776755806, 0.000000000000000000, -44.00683636228553297 ) ) ;
#4314 = CIRCLE ( 'NONE', #2367, 9.000000000000000000 ) ;
#4315 = CARTESIAN_POINT ( 'NONE',  ( 2.282591045314672495, 0.000000000000000000, 29.59414363897896649 ) ) ;
#4316 = EDGE_CURVE ( 'NONE', #3482, #4075, #971, .T. ) ;
#4317 = VERTEX_POINT ( 'NONE', #1946 ) ;
#4318 = CARTESIAN_POINT ( 'NONE',  ( -24.48798467194719564, 4.000000000000000888, -23.70205688145721368 ) ) ;
#4319 = CARTESIAN_POINT ( 'NONE',  ( 41.17629922699543243, -0.3809711299295627795, 2.617443364058179345 ) ) ;
#4320 = SHAPE_DEFINITION_REPRESENTATION ( #589, #2979 ) ;
#4321 = CARTESIAN_POINT ( 'NONE',  ( -10.90438975137473498, 0.000000000000000000, 34.01635923064448974 ) ) ;
#4322 = CARTESIAN_POINT ( 'NONE',  ( 15.14757345745377748, 4.000000000000000888, -7.217721161153369813 ) ) ;
#4323 = CARTESIAN_POINT ( 'NONE',  ( -10.99769611145945802, 3.578555280456904963, -49.40144655888053649 ) ) ;
#4324 = DIRECTION ( 'NONE',  ( -1.000000000000000000, 0.000000000000000000, 0.000000000000000000 ) ) ;
#4325 = CARTESIAN_POINT ( 'NONE',  ( -1.225496679076618189, 2.058742441623937935, 27.32433715502325100 ) ) ;
#4326 = CARTESIAN_POINT ( 'NONE',  ( 13.92918790723210343, -0.2772915614406568641, 34.90475675805741673 ) ) ;
#4327 = CARTESIAN_POINT ( 'NONE',  ( -19.04448543701616714, 1.667256519148406335, -13.96807914137196427 ) ) ;
#4328 = CARTESIAN_POINT ( 'NONE',  ( 12.41338555688941803, 0.000000000000000000, 1.537408016346868855 ) ) ;
#4329 = CARTESIAN_POINT ( 'NONE',  ( 29.22931453312967420, 0.9265382570866735890, 34.15242088258625586 ) ) ;
#4330 = CARTESIAN_POINT ( 'NONE',  ( 29.90556788194699678, -0.4174760652912467007, 31.75891286934042768 ) ) ;
#4331 = CARTESIAN_POINT ( 'NONE',  ( -15.32375554846020904, 0.4078338350229114839, -0.05405495643998493166 ) ) ;
#4332 = CARTESIAN_POINT ( 'NONE',  ( -7.572627004514130178, 4.035716170591641117, -5.525937887659028824 ) ) ;
#4333 = CARTESIAN_POINT ( 'NONE',  ( 9.106368650704942169, 4.000000000000000888, -4.020983960392446654 ) ) ;
#4334 = ORIENTED_EDGE ( 'NONE', *, *, #2930, .T. ) ;
#4335 = ADVANCED_FACE ( 'NONE', ( #948 ), #2358, .F. ) ;
#4336 = CARTESIAN_POINT ( 'NONE',  ( -23.32372461246255568, 3.729158985830552719, -23.85842701389553966 ) ) ;
#4337 = FACE_OUTER_BOUND ( 'NONE', #436, .T. ) ;
#4338 = CARTESIAN_POINT ( 'NONE',  ( -0.5265520559264544875, 4.550857479614461631, 21.55574472520622820 ) ) ;
#4339 = CARTESIAN_POINT ( 'NONE',  ( -18.32137716725601351, 3.619028870070405191, -43.89664607671242180 ) ) ;
#4340 = CARTESIAN_POINT ( 'NONE',  ( 44.88312679307052377, 3.566987298107781701, 25.91328533605081574 ) ) ;
#4341 = ORIENTED_EDGE ( 'NONE', *, *, #132, .T. ) ;
#4342 = CARTESIAN_POINT ( 'NONE',  ( 21.53740801634687330, 4.000000000000000888, -14.51481767337769035 ) ) ;
#4343 = CARTESIAN_POINT ( 'NONE',  ( 13.59790808259891648, 3.834763006526382245, 36.94723072780314510 ) ) ;
#4344 = FACE_OUTER_BOUND ( 'NONE', #1416, .T. ) ;
#4345 = CARTESIAN_POINT ( 'NONE',  ( 24.30155153517831579, 3.792971092301952840, -33.43830687127684342 ) ) ;
#4346 = CARTESIAN_POINT ( 'NONE',  ( -1.654989726003867734, 4.638811966499011952, 0.9555087638144048601 ) ) ;
#4347 = CARTESIAN_POINT ( 'NONE',  ( -29.88861579221331866, 4.208263815065741653, -10.87517930991741544 ) ) ;
#4348 = CARTESIAN_POINT ( 'NONE',  ( -7.467547736025371030, 0.4243027564145687713, 6.829789267237490691 ) ) ;
#4349 = CARTESIAN_POINT ( 'NONE',  ( 20.21525577400587181, 3.423471209303370788, -10.43383519457773190 ) ) ;
#4350 = CARTESIAN_POINT ( 'NONE',  ( -4.329020989145257126, 1.030800093533845940, 24.46191146553508844 ) ) ;
#4351 = CARTESIAN_POINT ( 'NONE',  ( -8.191139075132570113, -0.1284540776739639956, 33.44264343765321712 ) ) ;
#4352 = CARTESIAN_POINT ( 'NONE',  ( -5.816451982251352959, 0.3642118461362726656, 19.58505462066608516 ) ) ;
#4353 = CARTESIAN_POINT ( 'NONE',  ( -2.412372459919295942, 0.000000000000000000, -5.118383216293824312 ) ) ;
#4354 = ORIENTED_EDGE ( 'NONE', *, *, #2207, .T. ) ;
#4355 = CARTESIAN_POINT ( 'NONE',  ( 41.45671901722829489, -0.4287942102819946033, 16.13803399560404017 ) ) ;
#4356 = CARTESIAN_POINT ( 'NONE',  ( 0.1280622229587226324, 4.433012701892220520, 3.837861300202453751 ) ) ;
#4357 = CARTESIAN_POINT ( 'NONE',  ( 22.54614194829314044, 1.759173695473688737, -11.59467241056070463 ) ) ;
#4358 = CARTESIAN_POINT ( 'NONE',  ( 42.31135557789438195, -0.4169498590015603412, 10.15735686844580599 ) ) ;
#4359 = EDGE_CURVE ( 'NONE', #13, #3446, #1382, .T. ) ;
#4360 = ORIENTED_EDGE ( 'NONE', *, *, #3710, .T. ) ;
#4361 = CARTESIAN_POINT ( 'NONE',  ( 46.27985227295176429, 4.000000000000000888, 22.99408584067042938 ) ) ;
#4362 = DIRECTION ( 'NONE',  ( -0.000000000000000000, -1.000000000000000000, -0.000000000000000000 ) ) ;
#4363 = ADVANCED_FACE ( 'NONE', ( #4452 ), #3200, .T. ) ;
#4364 = CARTESIAN_POINT ( 'NONE',  ( 14.88442355348241719, 3.592836756011291044, -47.06385645626224346 ) ) ;
#4365 = CARTESIAN_POINT ( 'NONE',  ( 21.86653013606719753, 3.519064586936667016, -39.55758802699210008 ) ) ;
#4366 = CARTESIAN_POINT ( 'NONE',  ( -18.37924643828574034, 3.637773323283953086, 38.32506117083835306 ) ) ;
#4367 = CARTESIAN_POINT ( 'NONE',  ( -37.19015862014918383, 3.947406938180814784, -7.509999226913401493 ) ) ;
#4368 = CARTESIAN_POINT ( 'NONE',  ( 20.04195681062310541, 2.356949372993299985, 37.31699406492372617 ) ) ;
#4369 = CARTESIAN_POINT ( 'NONE',  ( 0.3470836212667652299, 4.000000000000000888, 22.96009307911237229 ) ) ;
#4370 = CARTESIAN_POINT ( 'NONE',  ( -7.527844098625107172, 1.445880648994966045, 3.355376561857438489 ) ) ;
#4371 = CARTESIAN_POINT ( 'NONE',  ( -15.75179054763317943, 1.057768120954371449, 36.07328026927640252 ) ) ;
#4372 = CARTESIAN_POINT ( 'NONE',  ( -3.453726020452565287E-13, 4.529847108335497197, 22.86455607003047774 ) ) ;
#4373 = CARTESIAN_POINT ( 'NONE',  ( 20.87795236047094960, 4.355013172258295207, -11.41627806222924946 ) ) ;
#4374 = VERTEX_POINT ( 'NONE', #1218 ) ;
#4375 = CARTESIAN_POINT ( 'NONE',  ( -2.282591045311980427, 0.000000000000000000, 29.59414363898108391 ) ) ;
#4376 = VECTOR ( 'NONE', #2727, 1000.000000000000000 ) ;
#4377 = CARTESIAN_POINT ( 'NONE',  ( -22.33346539563784461, 2.188946449480426271, -13.33066031032111276 ) ) ;
#4378 = CARTESIAN_POINT ( 'NONE',  ( 41.56061413196940180, 0.9894639583648133785, -0.5175182972866990694 ) ) ;
#4379 = CARTESIAN_POINT ( 'NONE',  ( -7.136318058426728627E-14, 4.500000000000000000, 8.337786120641435872 ) ) ;
#4380 = CARTESIAN_POINT ( 'NONE',  ( 19.92904368532737536, 3.721175811016479429, 38.40381033173736824 ) ) ;
#4381 = VERTEX_POINT ( 'NONE', #1177 ) ;
#4382 = CARTESIAN_POINT ( 'NONE',  ( -1.599392935371011459, 4.414165434929985032, 14.06304651672273920 ) ) ;
#4383 = CARTESIAN_POINT ( 'NONE',  ( -23.54708656428894642, 0.2557509916616232393, -11.37269468732535849 ) ) ;
#4384 = CARTESIAN_POINT ( 'NONE',  ( -20.88454589563200869, 4.137144672124186684, -12.80506193886012056 ) ) ;
#4385 = CARTESIAN_POINT ( 'NONE',  ( 4.556927304252606170, 0.9016291129962840101, -46.89339009515633450 ) ) ;
#4386 = CARTESIAN_POINT ( 'NONE',  ( 28.57134434058504979, 0.08397117231124824610, -12.81044521756502874 ) ) ;
#4387 = PRODUCT_RELATED_PRODUCT_CATEGORY ( 'part', '', ( #1948 ) ) ;
#4388 = CARTESIAN_POINT ( 'NONE',  ( 0.9436012114173606413, 4.430552946151822269, 6.979939257471255765 ) ) ;
#4389 = CARTESIAN_POINT ( 'NONE',  ( 0.000000000000000000, -0.4330127018922192428, -44.89836744182695583 ) ) ;
#4390 = CARTESIAN_POINT ( 'NONE',  ( -21.53740801633509960, 4.000000000000000888, -39.34158878717008179 ) ) ;
#4391 = CARTESIAN_POINT ( 'NONE',  ( -23.88856459881537120, 2.375789395821787497, -13.02782308843238646 ) ) ;
#4392 = CARTESIAN_POINT ( 'NONE',  ( 5.729790037708560213, 4.000000000000000888, 31.02880269299680194 ) ) ;
#4393 = CARTESIAN_POINT ( 'NONE',  ( -23.30211130676259401, 4.000000000000000888, 38.32273686740196439 ) ) ;
#4394 = CARTESIAN_POINT ( 'NONE',  ( -36.33240343985389131, -0.4317042203370585196, 26.23840931788102182 ) ) ;
#4395 = CARTESIAN_POINT ( 'NONE',  ( 23.95093218407971847, 0.05023518026358228528, -13.71592724626866477 ) ) ;
#4396 = CARTESIAN_POINT ( 'NONE',  ( 13.82451661171435831, 4.000000000000000888, -9.509322839268280703 ) ) ;
#4397 = ORIENTED_EDGE ( 'NONE', *, *, #3909, .F. ) ;
#4398 = CARTESIAN_POINT ( 'NONE',  ( -20.58808730649282737, -0.3642118461358845871, 34.82972248684980343 ) ) ;
#4399 = CARTESIAN_POINT ( 'NONE',  ( -39.22185839353761594, 3.865065785841454549, -6.027967928306168233 ) ) ;
#4400 = CARTESIAN_POINT ( 'NONE',  ( 37.91339308203804848, 2.505464550935172507, -6.550554030264976291 ) ) ;
#4401 = CARTESIAN_POINT ( 'NONE',  ( 2.612283506344129425, 0.4330127018922192983, -5.272127126891664517 ) ) ;
#4402 = CARTESIAN_POINT ( 'NONE',  ( 23.55904647125263551, 1.993789032684764706, -14.36438954830236092 ) ) ;
#4403 = ORIENTED_EDGE ( 'NONE', *, *, #433, .F. ) ;
#4404 = CARTESIAN_POINT ( 'NONE',  ( -1.638398052257015625, 4.420462352272783946, 12.07359791557836814 ) ) ;
#4405 = CARTESIAN_POINT ( 'NONE',  ( -24.15570972198002409, -0.2266981918464083812, -27.18953466454019718 ) ) ;
#4406 = CARTESIAN_POINT ( 'NONE',  ( 21.22849105835797801, 2.322797291698800226, -38.04318956328919654 ) ) ;
#4407 = CARTESIAN_POINT ( 'NONE',  ( 24.92568795819302352, 4.135015998260615611, -22.96765256594786209 ) ) ;
#4408 = CARTESIAN_POINT ( 'NONE',  ( -5.352081902617710440, 1.649134758521644040, 6.597705129933106427 ) ) ;
#4409 = CARTESIAN_POINT ( 'NONE',  ( 15.32375554846560384, 4.407833835021774505, -6.982258186718911297 ) ) ;
#4410 = CARTESIAN_POINT ( 'NONE',  ( -39.91339308203876612, 3.838797884268498883, -5.395853491884934350 ) ) ;
#4411 = CARTESIAN_POINT ( 'NONE',  ( 0.000000000000000000, 4.000000000000000888, -51.57657067210246282 ) ) ;
#4412 = ORIENTED_EDGE ( 'NONE', *, *, #702, .T. ) ;
#4413 = CARTESIAN_POINT ( 'NONE',  ( -18.18986022158887650, -0.3842063484356810221, -37.20452421815662802 ) ) ;
#4414 = ADVANCED_FACE ( 'NONE', ( #808 ), #281, .T. ) ;
#4415 = CARTESIAN_POINT ( 'NONE',  ( -24.96872734429357621, 0.7750559866339359338, -13.67406828905838800 ) ) ;
#4416 = DIRECTION ( 'NONE',  ( -0.000000000000000000, -1.000000000000000000, -0.000000000000000000 ) ) ;
#4417 = CARTESIAN_POINT ( 'NONE',  ( -4.398955860162728548, 0.3291729105355895579, 22.53568569999234938 ) ) ;
#4418 = CARTESIAN_POINT ( 'NONE',  ( -6.064838764744532540, 1.360949920690200043, 32.55765026252007033 ) ) ;
#4419 = CARTESIAN_POINT ( 'NONE',  ( 17.76893447823617933, 1.719593859989853701, -4.772043531891088541 ) ) ;
#4420 = CARTESIAN_POINT ( 'NONE',  ( -23.64029847276963281, 2.640867516613051968, -12.88400753058102843 ) ) ;
#4421 = VERTEX_POINT ( 'NONE', #1534 ) ;
#4422 = CARTESIAN_POINT ( 'NONE',  ( -40.03136281798192897, -0.3537473686202671774, -0.6142885811718274969 ) ) ;
#4423 = CARTESIAN_POINT ( 'NONE',  ( 38.66662044212438332, 0.000000000000000000, 22.32418372091311909 ) ) ;
#4424 = CARTESIAN_POINT ( 'NONE',  ( 42.23964098318322868, -0.4140457171050586638, 9.363313059880516320 ) ) ;
#4425 = CARTESIAN_POINT ( 'NONE',  ( -22.22163712699335747, 0.2455319565159992667, -14.65670042129449335 ) ) ;
#4426 = CARTESIAN_POINT ( 'NONE',  ( 32.81649953964661393, 4.000000000000000888, 36.43752606953968609 ) ) ;
#4427 = CIRCLE ( 'NONE', #3791, 8.000000000000000000 ) ;
#4428 = ORIENTED_EDGE ( 'NONE', *, *, #461, .F. ) ;
#4429 = CARTESIAN_POINT ( 'NONE',  ( -5.287021436887227033, 1.732942718250439551, 15.72898626853183579 ) ) ;
#4430 = CARTESIAN_POINT ( 'NONE',  ( 17.30211130676077147, 0.000000000000000000, 34.85863525226326942 ) ) ;
#4431 = CARTESIAN_POINT ( 'NONE',  ( 41.15229183393815049, 3.370944107564722625, 31.31859005850002475 ) ) ;
#4432 = CARTESIAN_POINT ( 'NONE',  ( 24.36248944920624382, 2.874930481732399734, -18.13730982829250138 ) ) ;
#4433 = CARTESIAN_POINT ( 'NONE',  ( 4.529756450557199443, 3.568281307083106757, -51.51593047774881740 ) ) ;
#4434 = CARTESIAN_POINT ( 'NONE',  ( -35.43094007917186161, 4.999772986913547435, 34.40859570996563832 ) ) ;
#4435 = CARTESIAN_POINT ( 'NONE',  ( 19.86938082712835296, 4.364211846136273998, -11.68353536408634064 ) ) ;
#4436 = CARTESIAN_POINT ( 'NONE',  ( -47.83490414634758281, 3.603131303258656715, 8.270301850075677308 ) ) ;
#4437 = CARTESIAN_POINT ( 'NONE',  ( -20.45383762892998902, 4.352813373152424781, -12.55114656536402507 ) ) ;
#4438 = VERTEX_POINT ( 'NONE', #2235 ) ;
#4439 = CARTESIAN_POINT ( 'NONE',  ( -19.67666955532187956, 4.475976347184226434, -11.36033046452089579 ) ) ;
#4440 = CARTESIAN_POINT ( 'NONE',  ( 20.32578248397265241, 4.355012837317444152, -12.37272524163456389 ) ) ;
#4441 = CARTESIAN_POINT ( 'NONE',  ( -4.064838764744538757, 0.02761658735686681881, 31.40294972414081087 ) ) ;
#4442 = CARTESIAN_POINT ( 'NONE',  ( 0.6426929577582861652, 4.352813373152731202, 23.98911627421633597 ) ) ;
#4443 = CARTESIAN_POINT ( 'NONE',  ( 26.85049233621363030, 0.000000000000000000, -12.95934417706045849 ) ) ;
#4444 = ORIENTED_EDGE ( 'NONE', *, *, #320, .T. ) ;
#4445 = CARTESIAN_POINT ( 'NONE',  ( -42.31135557789198032, -0.4169498590013697714, 10.15735686844569763 ) ) ;
#4446 = CARTESIAN_POINT ( 'NONE',  ( -19.68460081413413576, 2.807377585127676323, -12.85059736267806585 ) ) ;
#4447 = CARTESIAN_POINT ( 'NONE',  ( 40.88312679307050246, 0.9003206314411147382, 23.60388425929234657 ) ) ;
#4448 = CARTESIAN_POINT ( 'NONE',  ( -42.17914332797226962, 0.000000000000000000, 10.01839676894246267 ) ) ;
#4449 = DIRECTION ( 'NONE',  ( -0.000000000000000000, -1.000000000000000000, -0.000000000000000000 ) ) ;
#4450 = ORIENTED_EDGE ( 'NONE', *, *, #3047, .T. ) ;
#4451 = CARTESIAN_POINT ( 'NONE',  ( 3.495983478741161665, 4.276385177043161789, 28.93757887821415409 ) ) ;
#4452 = FACE_OUTER_BOUND ( 'NONE', #609, .T. ) ;
ENDSEC;
END-ISO-10303-21;
